match_date,league,home_team,away_team,home_score,away_score,both_teams_score,over_2_5,first_half_home,first_half_away,first_half_result,home_corners,away_corners,Total_corners,Corners_result,home_yellow_cards,away_yellow_cards,Card_result
13/08/2021,D1,M'gladbach,Bayern Munich,1,1,GG,No,1,1,Draw,3,8,11,Away Win,2,0,Home Win
14/08/2021,D1,Augsburg,Hoffenheim,0,4,NG,Yes,0,1,Away Win,6,5,11,Home Win,1,2,Away Win
14/08/2021,D1,Bielefeld,Freiburg,0,0,NG,No,0,0,Draw,4,9,13,Away Win,3,4,Away Win
14/08/2021,D1,Stuttgart,Greuther Furth,5,1,GG,Yes,2,0,Home Win,9,2,11,Home Win,0,1,Away Win
14/08/2021,D1,Union Berlin,Leverkusen,1,1,GG,No,1,1,Draw,1,6,7,Away Win,0,1,Away Win
14/08/2021,D1,Wolfsburg,Bochum,1,0,NG,No,1,0,Home Win,5,2,7,Home Win,0,2,Away Win
14/08/2021,D1,Dortmund,Ein Frankfurt,5,2,GG,Yes,3,1,Home Win,7,3,10,Home Win,0,0,Draw
15/08/2021,D1,Mainz,RB Leipzig,1,0,NG,No,1,0,Home Win,5,11,16,Away Win,1,2,Away Win
15/08/2021,D1,FC Koln,Hertha,3,1,GG,Yes,1,1,Draw,4,5,9,Away Win,4,2,Home Win
20/08/2021,D1,RB Leipzig,Stuttgart,4,0,NG,Yes,1,0,Home Win,6,2,8,Home Win,0,3,Away Win
21/08/2021,D1,Bochum,Mainz,2,0,NG,No,1,0,Home Win,2,7,9,Away Win,4,3,Home Win
21/08/2021,D1,Ein Frankfurt,Augsburg,0,0,NG,No,0,0,Draw,6,1,7,Home Win,3,3,Draw
21/08/2021,D1,Freiburg,Dortmund,2,1,GG,Yes,1,0,Home Win,0,10,10,Away Win,1,4,Away Win
21/08/2021,D1,Greuther Furth,Bielefeld,1,1,GG,No,0,1,Away Win,5,0,5,Home Win,4,2,Home Win
21/08/2021,D1,Hertha,Wolfsburg,1,2,GG,Yes,0,0,Draw,4,4,8,Draw,1,2,Away Win
21/08/2021,D1,Leverkusen,M'gladbach,4,0,NG,Yes,2,0,Home Win,7,3,10,Home Win,4,2,Home Win
22/08/2021,D1,Hoffenheim,Union Berlin,2,2,GG,Yes,2,1,Home Win,6,5,11,Home Win,1,3,Away Win
22/08/2021,D1,Bayern Munich,FC Koln,3,2,GG,Yes,0,0,Draw,3,4,7,Away Win,1,1,Draw
27/08/2021,D1,Dortmund,Hoffenheim,3,2,GG,Yes,0,0,Draw,4,7,11,Away Win,2,3,Away Win
28/08/2021,D1,Augsburg,Leverkusen,1,4,GG,Yes,1,2,Away Win,4,4,8,Draw,0,1,Away Win
28/08/2021,D1,Bielefeld,Ein Frankfurt,1,1,GG,No,0,1,Away Win,4,4,8,Draw,0,3,Away Win
28/08/2021,D1,FC Koln,Bochum,2,1,GG,Yes,0,0,Draw,5,5,10,Draw,2,1,Home Win
28/08/2021,D1,Mainz,Greuther Furth,3,0,NG,Yes,2,0,Home Win,7,4,11,Home Win,2,2,Draw
28/08/2021,D1,Stuttgart,Freiburg,2,3,GG,Yes,2,3,Away Win,8,5,13,Home Win,2,1,Home Win
28/08/2021,D1,Bayern Munich,Hertha,5,0,NG,Yes,2,0,Home Win,8,3,11,Home Win,0,0,Draw
29/08/2021,D1,Union Berlin,M'gladbach,2,1,GG,Yes,2,0,Home Win,4,8,12,Away Win,2,0,Home Win
29/08/2021,D1,Wolfsburg,RB Leipzig,1,0,NG,No,0,0,Draw,7,7,14,Draw,4,2,Home Win
11/09/2021,D1,Freiburg,FC Koln,1,1,GG,No,0,1,Away Win,4,2,6,Home Win,1,3,Away Win
11/09/2021,D1,Greuther Furth,Wolfsburg,0,2,NG,No,0,1,Away Win,3,5,8,Away Win,2,3,Away Win
11/09/2021,D1,Hoffenheim,Mainz,0,2,NG,No,0,1,Away Win,4,5,9,Away Win,2,1,Home Win
11/09/2021,D1,Leverkusen,Dortmund,3,4,GG,Yes,2,1,Home Win,4,3,7,Home Win,4,3,Home Win
11/09/2021,D1,Union Berlin,Augsburg,0,0,NG,No,0,0,Draw,6,4,10,Home Win,1,2,Away Win
11/09/2021,D1,RB Leipzig,Bayern Munich,1,4,GG,Yes,0,1,Away Win,2,6,8,Away Win,0,0,Draw
12/09/2021,D1,Ein Frankfurt,Stuttgart,1,1,GG,No,0,0,Draw,6,6,12,Draw,1,4,Away Win
12/09/2021,D1,Bochum,Hertha,1,3,GG,Yes,0,2,Away Win,7,2,9,Home Win,0,3,Away Win
12/09/2021,D1,M'gladbach,Bielefeld,3,1,GG,Yes,1,1,Draw,3,4,7,Away Win,1,1,Draw
17/09/2021,D1,Hertha,Greuther Furth,2,1,GG,Yes,0,0,Draw,9,4,13,Home Win,1,2,Away Win
18/09/2021,D1,Augsburg,M'gladbach,1,0,NG,No,0,0,Draw,2,6,8,Away Win,1,2,Away Win
18/09/2021,D1,Bayern Munich,Bochum,7,0,NG,Yes,4,0,Home Win,2,2,4,Draw,1,1,Draw
18/09/2021,D1,Bielefeld,Hoffenheim,0,0,NG,No,0,0,Draw,5,6,11,Away Win,2,1,Home Win
18/09/2021,D1,Mainz,Freiburg,0,0,NG,No,0,0,Draw,4,4,8,Draw,2,1,Home Win
18/09/2021,D1,FC Koln,RB Leipzig,1,1,GG,No,0,0,Draw,4,10,14,Away Win,3,1,Home Win
19/09/2021,D1,Stuttgart,Leverkusen,1,3,GG,Yes,1,2,Away Win,2,6,8,Away Win,2,3,Away Win
19/09/2021,D1,Dortmund,Union Berlin,4,2,GG,Yes,2,0,Home Win,3,6,9,Away Win,2,3,Away Win
19/09/2021,D1,Wolfsburg,Ein Frankfurt,1,1,GG,No,0,1,Away Win,7,4,11,Home Win,2,6,Away Win
24/09/2021,D1,Greuther Furth,Bayern Munich,1,3,GG,Yes,0,2,Away Win,6,3,9,Home Win,4,1,Home Win
25/09/2021,D1,Ein Frankfurt,FC Koln,1,1,GG,No,1,1,Draw,7,6,13,Home Win,2,3,Away Win
25/09/2021,D1,Hoffenheim,Wolfsburg,3,1,GG,Yes,1,1,Draw,5,2,7,Home Win,2,2,Draw
25/09/2021,D1,Leverkusen,Mainz,1,0,NG,No,0,0,Draw,6,3,9,Home Win,4,3,Home Win
25/09/2021,D1,RB Leipzig,Hertha,6,0,NG,Yes,3,0,Home Win,2,1,3,Home Win,1,3,Away Win
25/09/2021,D1,Union Berlin,Bielefeld,1,0,NG,No,0,0,Draw,5,4,9,Home Win,1,0,Home Win
25/09/2021,D1,M'gladbach,Dortmund,1,0,NG,No,1,0,Home Win,5,1,6,Home Win,4,4,Draw
26/09/2021,D1,Bochum,Stuttgart,0,0,NG,No,0,0,Draw,7,2,9,Home Win,2,5,Away Win
26/09/2021,D1,Freiburg,Augsburg,3,0,NG,Yes,3,0,Home Win,6,3,9,Home Win,0,1,Away Win
01/10/2021,D1,FC Koln,Greuther Furth,3,1,GG,Yes,0,1,Away Win,8,1,9,Home Win,1,1,Draw
02/10/2021,D1,Dortmund,Augsburg,2,1,GG,Yes,1,1,Draw,7,3,10,Home Win,1,3,Away Win
02/10/2021,D1,Hertha,Freiburg,1,2,GG,Yes,0,1,Away Win,4,9,13,Away Win,3,0,Home Win
02/10/2021,D1,Stuttgart,Hoffenheim,3,1,GG,Yes,1,0,Home Win,9,4,13,Home Win,0,1,Away Win
02/10/2021,D1,Wolfsburg,M'gladbach,1,3,GG,Yes,1,2,Away Win,4,6,10,Away Win,7,3,Home Win
02/10/2021,D1,RB Leipzig,Bochum,3,0,NG,Yes,0,0,Draw,2,3,5,Away Win,1,1,Draw
03/10/2021,D1,Mainz,Union Berlin,1,2,GG,Yes,1,0,Home Win,2,5,7,Away Win,2,4,Away Win
03/10/2021,D1,Bayern Munich,Ein Frankfurt,1,2,GG,Yes,1,1,Draw,10,1,11,Home Win,2,1,Home Win
03/10/2021,D1,Bielefeld,Leverkusen,0,4,NG,Yes,0,2,Away Win,2,4,6,Away Win,4,1,Home Win
15/10/2021,D1,Hoffenheim,FC Koln,5,0,NG,Yes,1,0,Home Win,3,3,6,Draw,1,1,Draw
16/10/2021,D1,Dortmund,Mainz,3,1,GG,Yes,1,0,Home Win,6,2,8,Home Win,2,4,Away Win
16/10/2021,D1,Ein Frankfurt,Hertha,1,2,GG,Yes,0,1,Away Win,7,4,11,Home Win,1,2,Away Win
16/10/2021,D1,Freiburg,RB Leipzig,1,1,GG,No,0,1,Away Win,8,5,13,Home Win,0,4,Away Win
16/10/2021,D1,Greuther Furth,Bochum,0,1,NG,No,0,0,Draw,4,3,7,Home Win,2,4,Away Win
16/10/2021,D1,Union Berlin,Wolfsburg,2,0,NG,No,0,0,Draw,3,3,6,Draw,3,1,Home Win
16/10/2021,D1,M'gladbach,Stuttgart,1,1,GG,No,1,1,Draw,9,1,10,Home Win,3,3,Draw
17/10/2021,D1,Leverkusen,Bayern Munich,1,5,GG,Yes,0,5,Away Win,4,7,11,Away Win,0,0,Draw
17/10/2021,D1,Augsburg,Bielefeld,1,1,GG,No,1,0,Home Win,9,5,14,Home Win,3,1,Home Win
22/10/2021,D1,Mainz,Augsburg,4,1,GG,Yes,3,0,Home Win,6,2,8,Home Win,1,3,Away Win
23/10/2021,D1,Bayern Munich,Hoffenheim,4,0,NG,Yes,2,0,Home Win,4,2,6,Home Win,0,4,Away Win
23/10/2021,D1,Bielefeld,Dortmund,1,3,GG,Yes,0,2,Away Win,7,2,9,Home Win,1,0,Home Win
23/10/2021,D1,RB Leipzig,Greuther Furth,4,1,GG,Yes,0,1,Away Win,3,4,7,Away Win,2,0,Home Win
23/10/2021,D1,Wolfsburg,Freiburg,0,2,NG,No,0,1,Away Win,7,1,8,Home Win,3,0,Home Win
23/10/2021,D1,Hertha,M'gladbach,1,0,NG,No,1,0,Home Win,2,6,8,Away Win,2,2,Draw
24/10/2021,D1,FC Koln,Leverkusen,2,2,GG,Yes,0,2,Away Win,6,6,12,Draw,1,3,Away Win
24/10/2021,D1,Stuttgart,Union Berlin,1,1,GG,No,0,1,Away Win,1,2,3,Away Win,3,1,Home Win
24/10/2021,D1,Bochum,Ein Frankfurt,2,0,NG,No,1,0,Home Win,4,7,11,Away Win,0,2,Away Win
29/10/2021,D1,Hoffenheim,Hertha,2,0,NG,No,2,0,Home Win,9,4,13,Home Win,2,1,Home Win
30/10/2021,D1,Bielefeld,Mainz,1,2,GG,Yes,1,1,Draw,6,6,12,Draw,2,3,Away Win
30/10/2021,D1,Dortmund,FC Koln,2,0,NG,No,1,0,Home Win,4,3,7,Home Win,2,3,Away Win
30/10/2021,D1,Freiburg,Greuther Furth,3,1,GG,Yes,2,0,Home Win,5,2,7,Home Win,0,2,Away Win
30/10/2021,D1,Leverkusen,Wolfsburg,0,2,NG,No,0,0,Draw,10,2,12,Home Win,3,2,Home Win
30/10/2021,D1,Union Berlin,Bayern Munich,2,5,GG,Yes,1,3,Away Win,6,1,7,Home Win,1,1,Draw
30/10/2021,D1,Ein Frankfurt,RB Leipzig,1,1,GG,No,0,1,Away Win,5,5,10,Draw,1,1,Draw
31/10/2021,D1,Augsburg,Stuttgart,4,1,GG,Yes,1,1,Draw,7,5,12,Home Win,3,4,Away Win
31/10/2021,D1,M'gladbach,Bochum,2,1,GG,Yes,2,0,Home Win,9,1,10,Home Win,1,1,Draw
05/11/2021,D1,Mainz,M'gladbach,1,1,GG,No,0,1,Away Win,9,1,10,Home Win,3,3,Draw
06/11/2021,D1,Bayern Munich,Freiburg,2,1,GG,Yes,1,0,Home Win,6,4,10,Home Win,0,0,Draw
06/11/2021,D1,Bochum,Hoffenheim,2,0,NG,No,0,0,Draw,2,4,6,Away Win,1,5,Away Win
06/11/2021,D1,Stuttgart,Bielefeld,0,1,NG,No,0,1,Away Win,8,4,12,Home Win,0,3,Away Win
06/11/2021,D1,Wolfsburg,Augsburg,1,0,NG,No,1,0,Home Win,0,8,8,Away Win,2,3,Away Win
06/11/2021,D1,RB Leipzig,Dortmund,2,1,GG,Yes,1,0,Home Win,5,6,11,Away Win,3,5,Away Win
07/11/2021,D1,Hertha,Leverkusen,1,1,GG,No,1,0,Home Win,5,6,11,Away Win,1,3,Away Win
07/11/2021,D1,FC Koln,Union Berlin,2,2,GG,Yes,1,2,Away Win,5,2,7,Home Win,2,2,Draw
07/11/2021,D1,Greuther Furth,Ein Frankfurt,1,2,GG,Yes,0,0,Draw,6,3,9,Home Win,4,1,Home Win
19/11/2021,D1,Augsburg,Bayern Munich,2,1,GG,Yes,2,1,Home Win,1,10,11,Away Win,2,1,Home Win
20/11/2021,D1,Bielefeld,Wolfsburg,2,2,GG,Yes,1,0,Home Win,6,5,11,Home Win,4,1,Home Win
20/11/2021,D1,Dortmund,Stuttgart,2,1,GG,Yes,0,0,Draw,2,3,5,Away Win,0,2,Away Win
20/11/2021,D1,Hoffenheim,RB Leipzig,2,0,NG,No,1,0,Home Win,7,2,9,Home Win,2,2,Draw
20/11/2021,D1,Leverkusen,Bochum,1,0,NG,No,1,0,Home Win,7,7,14,Draw,3,2,Home Win
20/11/2021,D1,M'gladbach,Greuther Furth,4,0,NG,Yes,3,0,Home Win,7,7,14,Draw,1,3,Away Win
20/11/2021,D1,Union Berlin,Hertha,2,0,NG,No,2,0,Home Win,7,6,13,Home Win,1,1,Draw
21/11/2021,D1,Freiburg,Ein Frankfurt,0,2,NG,No,0,2,Away Win,10,4,14,Home Win,0,4,Away Win
21/11/2021,D1,Mainz,FC Koln,1,1,GG,No,1,0,Home Win,5,7,12,Away Win,2,1,Home Win
26/11/2021,D1,Stuttgart,Mainz,2,1,GG,Yes,1,1,Draw,5,6,11,Away Win,2,2,Draw
27/11/2021,D1,Bochum,Freiburg,2,1,GG,Yes,0,0,Draw,4,7,11,Away Win,2,1,Home Win
27/11/2021,D1,FC Koln,M'gladbach,4,1,GG,Yes,0,0,Draw,4,4,8,Draw,1,3,Away Win
27/11/2021,D1,Greuther Furth,Hoffenheim,3,6,GG,Yes,1,2,Away Win,4,10,14,Away Win,1,0,Home Win
27/11/2021,D1,Hertha,Augsburg,1,1,GG,No,1,0,Home Win,5,6,11,Away Win,2,3,Away Win
27/11/2021,D1,Wolfsburg,Dortmund,1,3,GG,Yes,1,1,Draw,7,7,14,Draw,4,1,Home Win
27/11/2021,D1,Bayern Munich,Bielefeld,1,0,NG,No,0,0,Draw,13,4,17,Home Win,1,1,Draw
28/11/2021,D1,Ein Frankfurt,Union Berlin,2,1,GG,Yes,1,0,Home Win,7,2,9,Home Win,0,4,Away Win
28/11/2021,D1,RB Leipzig,Leverkusen,1,3,GG,Yes,0,2,Away Win,7,2,9,Home Win,1,3,Away Win
03/12/2021,D1,Union Berlin,RB Leipzig,2,1,GG,Yes,1,1,Draw,5,7,12,Away Win,1,1,Draw
04/12/2021,D1,Augsburg,Bochum,2,3,GG,Yes,0,3,Away Win,13,6,19,Home Win,0,2,Away Win
04/12/2021,D1,Bielefeld,FC Koln,1,1,GG,No,0,1,Away Win,7,1,8,Home Win,1,1,Draw
04/12/2021,D1,Hoffenheim,Ein Frankfurt,3,2,GG,Yes,2,1,Home Win,4,6,10,Away Win,2,2,Draw
04/12/2021,D1,Leverkusen,Greuther Furth,7,1,GG,Yes,3,1,Home Win,4,3,7,Home Win,0,1,Away Win
04/12/2021,D1,Mainz,Wolfsburg,3,0,NG,Yes,2,0,Home Win,6,5,11,Home Win,1,1,Draw
04/12/2021,D1,Dortmund,Bayern Munich,2,3,GG,Yes,1,2,Away Win,4,6,10,Away Win,2,2,Draw
05/12/2021,D1,Stuttgart,Hertha,2,2,GG,Yes,2,1,Home Win,7,5,12,Home Win,0,1,Away Win
05/12/2021,D1,M'gladbach,Freiburg,0,6,NG,Yes,0,6,Away Win,3,3,6,Draw,2,1,Home Win
10/12/2021,D1,FC Koln,Augsburg,0,2,NG,No,0,0,Draw,9,4,13,Home Win,2,4,Away Win
11/12/2021,D1,Bayern Munich,Mainz,2,1,GG,Yes,0,1,Away Win,7,2,9,Home Win,3,3,Draw
11/12/2021,D1,Bochum,Dortmund,1,1,GG,No,1,0,Home Win,0,15,15,Away Win,0,3,Away Win
11/12/2021,D1,Freiburg,Hoffenheim,1,2,GG,Yes,1,1,Draw,6,7,13,Away Win,4,3,Home Win
11/12/2021,D1,Hertha,Bielefeld,2,0,NG,No,0,0,Draw,6,4,10,Home Win,1,1,Draw
11/12/2021,D1,RB Leipzig,M'gladbach,4,1,GG,Yes,2,0,Home Win,6,0,6,Home Win,3,2,Home Win
11/12/2021,D1,Wolfsburg,Stuttgart,0,2,NG,No,0,1,Away Win,5,3,8,Home Win,2,2,Draw
12/12/2021,D1,Greuther Furth,Union Berlin,1,0,NG,No,0,0,Draw,3,7,10,Away Win,3,0,Home Win
12/12/2021,D1,Ein Frankfurt,Leverkusen,5,2,GG,Yes,2,2,Draw,7,4,11,Home Win,0,3,Away Win
14/12/2021,D1,Stuttgart,Bayern Munich,0,5,NG,Yes,0,1,Away Win,1,3,4,Away Win,1,1,Draw
14/12/2021,D1,Bielefeld,Bochum,2,0,NG,No,0,0,Draw,6,2,8,Home Win,2,2,Draw
14/12/2021,D1,Mainz,Hertha,4,0,NG,Yes,2,0,Home Win,4,1,5,Home Win,0,2,Away Win
14/12/2021,D1,Wolfsburg,FC Koln,2,3,GG,Yes,1,1,Draw,9,5,14,Home Win,3,2,Home Win
15/12/2021,D1,M'gladbach,Ein Frankfurt,2,3,GG,Yes,1,1,Draw,7,1,8,Home Win,2,5,Away Win
15/12/2021,D1,Augsburg,RB Leipzig,1,1,GG,No,0,1,Away Win,6,8,14,Away Win,2,0,Home Win
15/12/2021,D1,Dortmund,Greuther Furth,3,0,NG,Yes,1,0,Home Win,5,8,13,Away Win,2,2,Draw
15/12/2021,D1,Leverkusen,Hoffenheim,2,2,GG,Yes,1,0,Home Win,6,3,9,Home Win,5,3,Home Win
15/12/2021,D1,Union Berlin,Freiburg,0,0,NG,No,0,0,Draw,4,3,7,Home Win,1,1,Draw
17/12/2021,D1,Bayern Munich,Wolfsburg,4,0,NG,Yes,1,0,Home Win,5,3,8,Home Win,0,0,Draw
18/12/2021,D1,Bochum,Union Berlin,0,1,NG,No,0,1,Away Win,1,5,6,Away Win,2,0,Home Win
18/12/2021,D1,Ein Frankfurt,Mainz,1,0,NG,No,1,0,Home Win,8,6,14,Home Win,0,1,Away Win
18/12/2021,D1,Greuther Furth,Augsburg,0,0,NG,No,0,0,Draw,6,5,11,Home Win,2,3,Away Win
18/12/2021,D1,Hoffenheim,M'gladbach,1,1,GG,No,0,1,Away Win,15,3,18,Home Win,2,2,Draw
18/12/2021,D1,RB Leipzig,Bielefeld,0,2,NG,No,0,0,Draw,10,1,11,Home Win,0,2,Away Win
18/12/2021,D1,Hertha,Dortmund,3,2,GG,Yes,0,1,Away Win,1,5,6,Away Win,0,1,Away Win
19/12/2021,D1,Freiburg,Leverkusen,2,1,GG,Yes,1,1,Draw,4,8,12,Away Win,2,3,Away Win
19/12/2021,D1,FC Koln,Stuttgart,1,0,NG,No,0,0,Draw,2,1,3,Home Win,3,1,Home Win
07/01/2022,D1,Bayern Munich,M'gladbach,1,2,GG,Yes,1,2,Away Win,6,6,12,Draw,0,1,Away Win
08/01/2022,D1,Freiburg,Bielefeld,2,2,GG,Yes,1,0,Home Win,7,12,19,Away Win,2,1,Home Win
08/01/2022,D1,Greuther Furth,Stuttgart,0,0,NG,No,0,0,Draw,1,5,6,Away Win,0,1,Away Win
08/01/2022,D1,Hoffenheim,Augsburg,3,1,GG,Yes,2,1,Home Win,2,4,6,Away Win,1,0,Home Win
08/01/2022,D1,Leverkusen,Union Berlin,2,2,GG,Yes,1,1,Draw,11,5,16,Home Win,1,2,Away Win
08/01/2022,D1,RB Leipzig,Mainz,4,1,GG,Yes,1,0,Home Win,6,1,7,Home Win,0,2,Away Win
08/01/2022,D1,Ein Frankfurt,Dortmund,2,3,GG,Yes,2,0,Home Win,4,11,15,Away Win,3,2,Home Win
09/01/2022,D1,Hertha,FC Koln,1,3,GG,Yes,0,2,Away Win,10,4,14,Home Win,3,1,Home Win
09/01/2022,D1,Bochum,Wolfsburg,1,0,NG,No,0,0,Draw,4,2,6,Home Win,1,2,Away Win
14/01/2022,D1,Dortmund,Freiburg,5,1,GG,Yes,3,0,Home Win,9,2,11,Home Win,2,0,Home Win
15/01/2022,D1,FC Koln,Bayern Munich,0,4,NG,Yes,0,2,Away Win,5,12,17,Away Win,1,0,Home Win
15/01/2022,D1,Mainz,Bochum,1,0,NG,No,0,0,Draw,7,3,10,Home Win,3,3,Draw
15/01/2022,D1,Stuttgart,RB Leipzig,0,2,NG,No,0,1,Away Win,5,1,6,Home Win,3,1,Home Win
15/01/2022,D1,Union Berlin,Hoffenheim,2,1,GG,Yes,1,1,Draw,0,8,8,Away Win,0,3,Away Win
15/01/2022,D1,Wolfsburg,Hertha,0,0,NG,No,0,0,Draw,3,2,5,Home Win,1,1,Draw
15/01/2022,D1,M'gladbach,Leverkusen,1,2,GG,Yes,0,0,Draw,5,7,12,Away Win,2,3,Away Win
16/01/2022,D1,Augsburg,Ein Frankfurt,1,1,GG,No,1,1,Draw,4,3,7,Home Win,3,3,Draw
16/01/2022,D1,Bielefeld,Greuther Furth,2,2,GG,Yes,1,1,Draw,3,5,8,Away Win,4,1,Home Win
21/01/2022,D1,Ein Frankfurt,Bielefeld,0,2,NG,No,0,2,Away Win,10,1,11,Home Win,4,2,Home Win
22/01/2022,D1,Freiburg,Stuttgart,2,0,NG,No,1,0,Home Win,6,3,9,Home Win,1,1,Draw
22/01/2022,D1,Greuther Furth,Mainz,2,1,GG,Yes,1,0,Home Win,7,8,15,Away Win,1,1,Draw
22/01/2022,D1,Hoffenheim,Dortmund,2,3,GG,Yes,1,1,Draw,7,3,10,Home Win,2,2,Draw
22/01/2022,D1,Leverkusen,Augsburg,5,1,GG,Yes,2,0,Home Win,9,5,14,Home Win,1,2,Away Win
22/01/2022,D1,M'gladbach,Union Berlin,1,2,GG,Yes,1,1,Draw,4,1,5,Home Win,1,2,Away Win
22/01/2022,D1,Bochum,FC Koln,2,2,GG,Yes,1,2,Away Win,1,5,6,Away Win,0,3,Away Win
23/01/2022,D1,RB Leipzig,Wolfsburg,2,0,NG,No,0,0,Draw,4,3,7,Home Win,5,1,Home Win
23/01/2022,D1,Hertha,Bayern Munich,1,4,GG,Yes,0,2,Away Win,4,9,13,Away Win,1,0,Home Win
04/02/2022,D1,Hertha,Bochum,1,1,GG,No,1,0,Home Win,4,7,11,Away Win,3,1,Home Win
05/02/2022,D1,Augsburg,Union Berlin,2,0,NG,No,1,0,Home Win,4,6,10,Away Win,0,2,Away Win
05/02/2022,D1,Bielefeld,M'gladbach,1,1,GG,No,1,1,Draw,5,11,16,Away Win,3,3,Draw
05/02/2022,D1,FC Koln,Freiburg,1,0,NG,No,1,0,Home Win,8,8,16,Draw,2,2,Draw
05/02/2022,D1,Mainz,Hoffenheim,2,0,NG,No,0,0,Draw,5,3,8,Home Win,0,2,Away Win
05/02/2022,D1,Stuttgart,Ein Frankfurt,2,3,GG,Yes,1,1,Draw,3,14,17,Away Win,0,0,Draw
05/02/2022,D1,Bayern Munich,RB Leipzig,3,2,GG,Yes,2,1,Home Win,2,0,2,Home Win,1,3,Away Win
06/02/2022,D1,Dortmund,Leverkusen,2,5,GG,Yes,1,3,Away Win,7,6,13,Home Win,1,1,Draw
06/02/2022,D1,Wolfsburg,Greuther Furth,4,1,GG,Yes,1,1,Draw,2,3,5,Away Win,1,2,Away Win
11/02/2022,D1,RB Leipzig,FC Koln,3,1,GG,Yes,1,0,Home Win,5,6,11,Away Win,1,2,Away Win
12/02/2022,D1,Bochum,Bayern Munich,4,2,GG,Yes,4,1,Home Win,4,9,13,Away Win,2,1,Home Win
12/02/2022,D1,Ein Frankfurt,Wolfsburg,0,2,NG,No,0,1,Away Win,10,1,11,Home Win,1,2,Away Win
12/02/2022,D1,Freiburg,Mainz,1,1,GG,No,0,1,Away Win,7,3,10,Home Win,0,2,Away Win
12/02/2022,D1,Greuther Furth,Hertha,2,1,GG,Yes,1,0,Home Win,8,8,16,Draw,2,4,Away Win
12/02/2022,D1,M'gladbach,Augsburg,3,2,GG,Yes,1,0,Home Win,3,2,5,Home Win,2,2,Draw
12/02/2022,D1,Leverkusen,Stuttgart,4,2,GG,Yes,1,0,Home Win,10,0,10,Home Win,3,2,Home Win
13/02/2022,D1,Union Berlin,Dortmund,0,3,NG,Yes,0,2,Away Win,2,5,7,Away Win,4,1,Home Win
13/02/2022,D1,Hoffenheim,Bielefeld,2,0,NG,No,1,0,Home Win,13,3,16,Home Win,2,0,Home Win
18/02/2022,D1,Mainz,Leverkusen,3,2,GG,Yes,0,1,Away Win,6,2,8,Home Win,2,2,Draw
19/02/2022,D1,Augsburg,Freiburg,1,2,GG,Yes,1,2,Away Win,11,4,15,Home Win,1,1,Draw
19/02/2022,D1,Bielefeld,Union Berlin,1,0,NG,No,0,0,Draw,6,4,10,Home Win,0,2,Away Win
19/02/2022,D1,Stuttgart,Bochum,1,1,GG,No,0,0,Draw,6,0,6,Home Win,0,4,Away Win
19/02/2022,D1,Wolfsburg,Hoffenheim,1,2,GG,Yes,1,0,Home Win,5,2,7,Home Win,1,2,Away Win
19/02/2022,D1,FC Koln,Ein Frankfurt,1,0,NG,No,0,0,Draw,5,6,11,Away Win,1,2,Away Win
20/02/2022,D1,Bayern Munich,Greuther Furth,4,1,GG,Yes,0,1,Away Win,6,4,10,Home Win,2,1,Home Win
20/02/2022,D1,Dortmund,M'gladbach,6,0,NG,Yes,2,0,Home Win,5,5,10,Draw,2,1,Home Win
20/02/2022,D1,Hertha,RB Leipzig,1,6,GG,Yes,0,1,Away Win,3,10,13,Away Win,2,3,Away Win
25/02/2022,D1,Hoffenheim,Stuttgart,2,1,GG,Yes,0,0,Draw,9,3,12,Home Win,3,2,Home Win
26/02/2022,D1,Freiburg,Hertha,3,0,NG,Yes,1,0,Home Win,6,6,12,Draw,1,2,Away Win
26/02/2022,D1,Greuther Furth,FC Koln,1,1,GG,No,0,0,Draw,7,11,18,Away Win,1,2,Away Win
26/02/2022,D1,Leverkusen,Bielefeld,3,0,NG,Yes,1,0,Home Win,6,3,9,Home Win,0,1,Away Win
26/02/2022,D1,M'gladbach,Wolfsburg,2,2,GG,Yes,1,2,Away Win,7,4,11,Home Win,2,4,Away Win
26/02/2022,D1,Union Berlin,Mainz,3,1,GG,Yes,1,0,Home Win,2,6,8,Away Win,4,4,Draw
26/02/2022,D1,Ein Frankfurt,Bayern Munich,0,1,NG,No,0,0,Draw,2,8,10,Away Win,1,2,Away Win
27/02/2022,D1,Bochum,RB Leipzig,0,1,NG,No,0,0,Draw,5,0,5,Home Win,1,1,Draw
27/02/2022,D1,Augsburg,Dortmund,1,1,GG,No,0,1,Away Win,5,5,10,Draw,2,1,Home Win
04/03/2022,D1,Bielefeld,Augsburg,0,1,NG,No,0,0,Draw,6,1,7,Home Win,3,5,Away Win
05/03/2022,D1,Bayern Munich,Leverkusen,1,1,GG,No,1,1,Draw,7,2,9,Home Win,1,2,Away Win
05/03/2022,D1,Bochum,Greuther Furth,2,1,GG,Yes,1,0,Home Win,3,6,9,Away Win,2,4,Away Win
05/03/2022,D1,Hertha,Ein Frankfurt,1,4,GG,Yes,0,1,Away Win,3,8,11,Away Win,2,2,Draw
05/03/2022,D1,RB Leipzig,Freiburg,1,1,GG,No,0,1,Away Win,4,1,5,Home Win,1,0,Home Win
05/03/2022,D1,Wolfsburg,Union Berlin,1,0,NG,No,1,0,Home Win,6,10,16,Away Win,0,1,Away Win
05/03/2022,D1,Stuttgart,M'gladbach,3,2,GG,Yes,1,2,Away Win,5,2,7,Home Win,1,2,Away Win
06/03/2022,D1,FC Koln,Hoffenheim,0,1,NG,No,0,0,Draw,4,1,5,Home Win,1,4,Away Win
12/03/2022,D1,Freiburg,Wolfsburg,3,2,GG,Yes,2,0,Home Win,7,5,12,Home Win,2,0,Home Win
12/03/2022,D1,Hoffenheim,Bayern Munich,1,1,GG,No,1,1,Draw,3,8,11,Away Win,4,1,Home Win
12/03/2022,D1,Union Berlin,Stuttgart,1,1,GG,No,1,0,Home Win,3,3,6,Draw,3,2,Home Win
12/03/2022,D1,M'gladbach,Hertha,2,0,NG,No,1,0,Home Win,3,6,9,Away Win,3,0,Home Win
13/03/2022,D1,Leverkusen,FC Koln,0,1,NG,No,0,0,Draw,7,0,7,Home Win,2,2,Draw
13/03/2022,D1,Dortmund,Bielefeld,1,0,NG,No,1,0,Home Win,4,5,9,Away Win,1,1,Draw
13/03/2022,D1,Ein Frankfurt,Bochum,2,1,GG,Yes,0,1,Away Win,9,3,12,Home Win,3,4,Away Win
13/03/2022,D1,Greuther Furth,RB Leipzig,1,6,GG,Yes,1,4,Away Win,0,2,2,Away Win,2,0,Home Win
16/03/2022,D1,Mainz,Dortmund,0,1,NG,No,0,0,Draw,5,5,10,Draw,3,4,Away Win
18/03/2022,D1,Bochum,M'gladbach,0,2,NG,No,0,0,Draw,7,3,10,Home Win,2,1,Home Win
19/03/2022,D1,Greuther Furth,Freiburg,0,0,NG,No,0,0,Draw,1,11,12,Away Win,1,0,Home Win
19/03/2022,D1,Hertha,Hoffenheim,3,0,NG,Yes,1,0,Home Win,1,6,7,Away Win,2,1,Home Win
19/03/2022,D1,Mainz,Bielefeld,4,0,NG,Yes,1,0,Home Win,6,1,7,Home Win,1,0,Home Win
19/03/2022,D1,Stuttgart,Augsburg,3,2,GG,Yes,1,2,Away Win,8,0,8,Home Win,2,3,Away Win
19/03/2022,D1,Bayern Munich,Union Berlin,4,0,NG,Yes,3,0,Home Win,3,2,5,Home Win,2,1,Home Win
20/03/2022,D1,RB Leipzig,Ein Frankfurt,0,0,NG,No,0,0,Draw,3,2,5,Home Win,1,5,Away Win
20/03/2022,D1,Wolfsburg,Leverkusen,0,2,NG,No,0,0,Draw,7,7,14,Draw,2,3,Away Win
20/03/2022,D1,FC Koln,Dortmund,1,1,GG,No,1,1,Draw,7,5,12,Home Win,2,3,Away Win
01/04/2022,D1,Union Berlin,FC Koln,1,0,NG,No,0,0,Draw,2,4,6,Away Win,3,3,Draw
02/04/2022,D1,Bielefeld,Stuttgart,1,1,GG,No,0,1,Away Win,6,2,8,Home Win,1,5,Away Win
02/04/2022,D1,Ein Frankfurt,Greuther Furth,0,0,NG,No,0,0,Draw,9,0,9,Home Win,1,0,Home Win
02/04/2022,D1,Freiburg,Bayern Munich,1,4,GG,Yes,0,0,Draw,1,6,7,Away Win,1,1,Draw
02/04/2022,D1,Hoffenheim,Bochum,1,2,GG,Yes,0,1,Away Win,5,6,11,Away Win,3,2,Home Win
02/04/2022,D1,Leverkusen,Hertha,2,1,GG,Yes,2,1,Home Win,3,3,6,Draw,0,1,Away Win
02/04/2022,D1,Dortmund,RB Leipzig,1,4,GG,Yes,0,2,Away Win,7,5,12,Home Win,3,1,Home Win
03/04/2022,D1,Augsburg,Wolfsburg,3,0,NG,Yes,1,0,Home Win,3,5,8,Away Win,1,0,Home Win
03/04/2022,D1,M'gladbach,Mainz,1,1,GG,No,1,0,Home Win,3,7,10,Away Win,2,1,Home Win
06/04/2022,D1,Augsburg,Mainz,2,1,GG,Yes,1,0,Home Win,5,7,12,Away Win,3,2,Home Win
08/04/2022,D1,Stuttgart,Dortmund,0,2,NG,No,0,1,Away Win,4,5,9,Away Win,2,1,Home Win
09/04/2022,D1,Bayern Munich,Augsburg,1,0,NG,No,0,0,Draw,3,3,6,Draw,1,2,Away Win
09/04/2022,D1,FC Koln,Mainz,3,2,GG,Yes,0,1,Away Win,8,5,13,Home Win,2,2,Draw
09/04/2022,D1,Greuther Furth,M'gladbach,0,2,NG,No,0,2,Away Win,3,5,8,Away Win,1,0,Home Win
09/04/2022,D1,Wolfsburg,Bielefeld,4,0,NG,Yes,2,0,Home Win,3,2,5,Home Win,0,1,Away Win
09/04/2022,D1,Hertha,Union Berlin,1,4,GG,Yes,0,1,Away Win,2,8,10,Away Win,4,0,Home Win
10/04/2022,D1,Bochum,Leverkusen,0,0,NG,No,0,0,Draw,2,3,5,Away Win,0,0,Draw
10/04/2022,D1,Ein Frankfurt,Freiburg,1,2,GG,Yes,0,1,Away Win,2,4,6,Away Win,1,2,Away Win
10/04/2022,D1,RB Leipzig,Hoffenheim,3,0,NG,Yes,3,0,Home Win,2,1,3,Home Win,1,2,Away Win
16/04/2022,D1,Augsburg,Hertha,0,1,NG,No,0,0,Draw,1,7,8,Away Win,4,4,Draw
16/04/2022,D1,Dortmund,Wolfsburg,6,1,GG,Yes,5,0,Home Win,4,6,10,Away Win,0,2,Away Win
16/04/2022,D1,Freiburg,Bochum,3,0,NG,Yes,2,0,Home Win,3,4,7,Away Win,0,0,Draw
16/04/2022,D1,Mainz,Stuttgart,0,0,NG,No,0,0,Draw,5,3,8,Home Win,0,1,Away Win
16/04/2022,D1,M'gladbach,FC Koln,1,3,GG,Yes,0,3,Away Win,5,5,10,Draw,3,2,Home Win
17/04/2022,D1,Bielefeld,Bayern Munich,0,3,NG,Yes,0,2,Away Win,5,4,9,Home Win,1,2,Away Win
17/04/2022,D1,Hoffenheim,Greuther Furth,0,0,NG,No,0,0,Draw,10,1,11,Home Win,3,3,Draw
17/04/2022,D1,Union Berlin,Ein Frankfurt,2,0,NG,No,2,0,Home Win,4,3,7,Home Win,2,1,Home Win
17/04/2022,D1,Leverkusen,RB Leipzig,0,1,NG,No,0,0,Draw,7,1,8,Home Win,2,1,Home Win
22/04/2022,D1,Wolfsburg,Mainz,5,0,NG,Yes,5,0,Home Win,2,3,5,Away Win,0,2,Away Win
23/04/2022,D1,Ein Frankfurt,Hoffenheim,2,2,GG,Yes,1,1,Draw,9,7,16,Home Win,1,3,Away Win
23/04/2022,D1,FC Koln,Bielefeld,3,1,GG,Yes,2,1,Home Win,5,10,15,Away Win,2,3,Away Win
23/04/2022,D1,Freiburg,M'gladbach,3,3,GG,Yes,0,2,Away Win,8,0,8,Home Win,1,4,Away Win
23/04/2022,D1,Greuther Furth,Leverkusen,1,4,GG,Yes,1,2,Away Win,6,3,9,Home Win,0,0,Draw
23/04/2022,D1,RB Leipzig,Union Berlin,1,2,GG,Yes,0,0,Draw,2,5,7,Away Win,2,2,Draw
23/04/2022,D1,Bayern Munich,Dortmund,3,1,GG,Yes,2,0,Home Win,3,1,4,Home Win,0,1,Away Win
24/04/2022,D1,Bochum,Augsburg,0,2,NG,No,0,2,Away Win,10,4,14,Home Win,1,3,Away Win
24/04/2022,D1,Hertha,Stuttgart,2,0,NG,No,1,0,Home Win,4,6,10,Away Win,1,1,Draw
29/04/2022,D1,Union Berlin,Greuther Furth,1,1,GG,No,0,1,Away Win,2,4,6,Away Win,2,2,Draw
30/04/2022,D1,Augsburg,FC Koln,1,4,GG,Yes,0,2,Away Win,5,7,12,Away Win,2,4,Away Win
30/04/2022,D1,Bielefeld,Hertha,1,1,GG,No,0,0,Draw,2,6,8,Away Win,3,1,Home Win
30/04/2022,D1,Dortmund,Bochum,3,4,GG,Yes,2,2,Draw,10,3,13,Home Win,4,3,Home Win
30/04/2022,D1,Mainz,Bayern Munich,3,1,GG,Yes,2,1,Home Win,7,8,15,Away Win,0,4,Away Win
30/04/2022,D1,Stuttgart,Wolfsburg,1,1,GG,No,0,1,Away Win,7,9,16,Away Win,3,2,Home Win
30/04/2022,D1,Hoffenheim,Freiburg,3,4,GG,Yes,1,1,Draw,4,5,9,Away Win,1,0,Home Win
02/05/2022,D1,Leverkusen,Ein Frankfurt,2,0,NG,No,1,0,Home Win,4,4,8,Draw,0,0,Draw
02/05/2022,D1,M'gladbach,RB Leipzig,3,1,GG,Yes,2,1,Home Win,3,8,11,Away Win,4,2,Home Win
06/05/2022,D1,Bochum,Bielefeld,2,1,GG,Yes,1,1,Draw,6,2,8,Home Win,0,0,Draw
07/05/2022,D1,FC Koln,Wolfsburg,0,1,NG,No,0,1,Away Win,9,2,11,Home Win,0,2,Away Win
07/05/2022,D1,Freiburg,Union Berlin,1,4,GG,Yes,0,3,Away Win,4,6,10,Away Win,1,2,Away Win
07/05/2022,D1,Greuther Furth,Dortmund,1,3,GG,Yes,0,1,Away Win,5,2,7,Home Win,1,1,Draw
07/05/2022,D1,Hoffenheim,Leverkusen,2,4,GG,Yes,2,1,Home Win,6,7,13,Away Win,1,0,Home Win
07/05/2022,D1,Hertha,Mainz,1,2,GG,Yes,1,1,Draw,3,8,11,Away Win,3,1,Home Win
08/05/2022,D1,Ein Frankfurt,M'gladbach,1,1,GG,No,0,1,Away Win,9,1,10,Home Win,1,0,Home Win
08/05/2022,D1,Bayern Munich,Stuttgart,2,2,GG,Yes,2,1,Home Win,7,4,11,Home Win,2,3,Away Win
08/05/2022,D1,RB Leipzig,Augsburg,4,0,NG,Yes,1,0,Home Win,5,1,6,Home Win,1,2,Away Win
14/05/2022,D1,Augsburg,Greuther Furth,2,1,GG,Yes,1,1,Draw,3,5,8,Away Win,2,3,Away Win
14/05/2022,D1,Bielefeld,RB Leipzig,1,1,GG,No,0,0,Draw,2,6,8,Away Win,1,1,Draw
14/05/2022,D1,Dortmund,Hertha,2,1,GG,Yes,0,1,Away Win,3,1,4,Home Win,0,2,Away Win
14/05/2022,D1,Leverkusen,Freiburg,2,1,GG,Yes,0,0,Draw,6,9,15,Away Win,2,3,Away Win
14/05/2022,D1,Mainz,Ein Frankfurt,2,2,GG,Yes,1,2,Away Win,5,3,8,Home Win,2,0,Home Win
14/05/2022,D1,M'gladbach,Hoffenheim,5,1,GG,Yes,3,1,Home Win,6,2,8,Home Win,1,2,Away Win
14/05/2022,D1,Stuttgart,FC Koln,2,1,GG,Yes,1,0,Home Win,8,10,18,Away Win,1,4,Away Win
14/05/2022,D1,Union Berlin,Bochum,3,2,GG,Yes,2,0,Home Win,1,3,4,Away Win,3,2,Home Win
14/05/2022,D1,Wolfsburg,Bayern Munich,2,2,GG,Yes,1,2,Away Win,2,12,14,Away Win,1,2,Away Win
05/08/2022,D1,Ein Frankfurt,Bayern Munich,1,6,GG,Yes,0,5,Away Win,5,6,11,Away Win,2,0,Home Win
06/08/2022,D1,Augsburg,Freiburg,0,4,NG,Yes,0,0,Draw,5,8,13,Away Win,0,0,Draw
06/08/2022,D1,Bochum,Mainz,1,2,GG,Yes,1,1,Draw,3,5,8,Away Win,2,3,Away Win
06/08/2022,D1,M'gladbach,Hoffenheim,3,1,GG,Yes,1,1,Draw,4,2,6,Home Win,1,4,Away Win
06/08/2022,D1,Union Berlin,Hertha,3,1,GG,Yes,1,0,Home Win,5,4,9,Home Win,2,3,Away Win
06/08/2022,D1,Wolfsburg,Werder Bremen,2,2,GG,Yes,1,2,Away Win,2,5,7,Away Win,2,2,Draw
06/08/2022,D1,Dortmund,Leverkusen,1,0,NG,No,1,0,Home Win,3,3,6,Draw,2,4,Away Win
07/08/2022,D1,Stuttgart,RB Leipzig,1,1,GG,No,1,1,Draw,1,9,10,Away Win,2,1,Home Win
07/08/2022,D1,FC Koln,Schalke 04,3,1,GG,Yes,0,0,Draw,9,1,10,Home Win,0,1,Away Win
12/08/2022,D1,Freiburg,Dortmund,1,3,GG,Yes,1,0,Home Win,9,2,11,Home Win,1,3,Away Win
13/08/2022,D1,Hertha,Ein Frankfurt,1,1,GG,No,1,0,Home Win,4,5,9,Away Win,3,1,Home Win
13/08/2022,D1,Hoffenheim,Bochum,3,2,GG,Yes,2,2,Draw,8,2,10,Home Win,1,1,Draw
13/08/2022,D1,Leverkusen,Augsburg,1,2,GG,Yes,1,1,Draw,7,3,10,Home Win,1,6,Away Win
13/08/2022,D1,RB Leipzig,FC Koln,2,2,GG,Yes,1,1,Draw,2,7,9,Away Win,1,4,Away Win
13/08/2022,D1,Werder Bremen,Stuttgart,2,2,GG,Yes,1,1,Draw,2,5,7,Away Win,4,2,Home Win
13/08/2022,D1,Schalke 04,M'gladbach,2,2,GG,Yes,1,0,Home Win,2,7,9,Away Win,4,2,Home Win
14/08/2022,D1,Mainz,Union Berlin,0,0,NG,No,0,0,Draw,4,4,8,Draw,1,0,Home Win
14/08/2022,D1,Bayern Munich,Wolfsburg,2,0,NG,No,2,0,Home Win,8,4,12,Home Win,2,1,Home Win
19/08/2022,D1,M'gladbach,Hertha,1,0,NG,No,1,0,Home Win,5,5,10,Draw,1,2,Away Win
20/08/2022,D1,Augsburg,Mainz,1,2,GG,Yes,1,1,Draw,3,3,6,Draw,2,2,Draw
20/08/2022,D1,Dortmund,Werder Bremen,2,3,GG,Yes,1,0,Home Win,3,5,8,Away Win,4,1,Home Win
20/08/2022,D1,Leverkusen,Hoffenheim,0,3,NG,Yes,0,2,Away Win,3,1,4,Home Win,1,4,Away Win
20/08/2022,D1,Stuttgart,Freiburg,0,1,NG,No,0,1,Away Win,3,1,4,Home Win,4,2,Home Win
20/08/2022,D1,Wolfsburg,Schalke 04,0,0,NG,No,0,0,Draw,12,4,16,Home Win,1,3,Away Win
20/08/2022,D1,Union Berlin,RB Leipzig,2,1,GG,Yes,2,0,Home Win,1,13,14,Away Win,2,1,Home Win
21/08/2022,D1,Ein Frankfurt,FC Koln,1,1,GG,No,0,0,Draw,5,9,14,Away Win,0,1,Away Win
21/08/2022,D1,Bochum,Bayern Munich,0,7,NG,Yes,0,4,Away Win,5,5,10,Draw,1,0,Home Win
26/08/2022,D1,Freiburg,Bochum,1,0,NG,No,0,0,Draw,2,5,7,Away Win,2,2,Draw
27/08/2022,D1,Hertha,Dortmund,0,1,NG,No,0,1,Away Win,6,10,16,Away Win,1,0,Home Win
27/08/2022,D1,Hoffenheim,Augsburg,1,0,NG,No,1,0,Home Win,4,6,10,Away Win,1,1,Draw
27/08/2022,D1,Mainz,Leverkusen,0,3,NG,Yes,0,3,Away Win,3,4,7,Away Win,1,6,Away Win
27/08/2022,D1,RB Leipzig,Wolfsburg,2,0,NG,No,1,0,Home Win,8,4,12,Home Win,3,3,Draw
27/08/2022,D1,Schalke 04,Union Berlin,1,6,GG,Yes,1,3,Away Win,8,2,10,Home Win,1,0,Home Win
27/08/2022,D1,Bayern Munich,M'gladbach,1,1,GG,No,0,1,Away Win,14,1,15,Home Win,4,2,Home Win
28/08/2022,D1,FC Koln,Stuttgart,0,0,NG,No,0,0,Draw,6,8,14,Away Win,2,2,Draw
28/08/2022,D1,Werder Bremen,Ein Frankfurt,3,4,GG,Yes,2,3,Away Win,5,7,12,Away Win,1,3,Away Win
02/09/2022,D1,Dortmund,Hoffenheim,1,0,NG,No,1,0,Home Win,5,8,13,Away Win,3,4,Away Win
03/09/2022,D1,Bochum,Werder Bremen,0,2,NG,No,0,0,Draw,7,3,10,Home Win,2,2,Draw
03/09/2022,D1,Leverkusen,Freiburg,2,3,GG,Yes,1,0,Home Win,8,4,12,Home Win,2,2,Draw
03/09/2022,D1,Stuttgart,Schalke 04,1,1,GG,No,1,1,Draw,5,7,12,Away Win,4,2,Home Win
03/09/2022,D1,Union Berlin,Bayern Munich,1,1,GG,No,1,1,Draw,5,7,12,Away Win,1,2,Away Win
03/09/2022,D1,Wolfsburg,FC Koln,2,4,GG,Yes,1,3,Away Win,5,4,9,Home Win,2,1,Home Win
03/09/2022,D1,Ein Frankfurt,RB Leipzig,4,0,NG,Yes,2,0,Home Win,4,3,7,Home Win,1,1,Draw
04/09/2022,D1,Augsburg,Hertha,0,2,NG,No,0,0,Draw,5,1,6,Home Win,2,1,Home Win
04/09/2022,D1,M'gladbach,Mainz,0,1,NG,No,0,0,Draw,4,8,12,Away Win,1,4,Away Win
09/09/2022,D1,Werder Bremen,Augsburg,0,1,NG,No,0,0,Draw,3,7,10,Away Win,4,5,Away Win
10/09/2022,D1,Bayern Munich,Stuttgart,2,2,GG,Yes,1,0,Home Win,3,0,3,Home Win,2,5,Away Win
10/09/2022,D1,Ein Frankfurt,Wolfsburg,0,1,NG,No,0,0,Draw,10,5,15,Home Win,2,4,Away Win
10/09/2022,D1,Hertha,Leverkusen,2,2,GG,Yes,0,0,Draw,3,5,8,Away Win,3,1,Home Win
10/09/2022,D1,Hoffenheim,Mainz,4,1,GG,Yes,0,0,Draw,7,5,12,Home Win,3,2,Home Win
10/09/2022,D1,RB Leipzig,Dortmund,3,0,NG,Yes,2,0,Home Win,5,8,13,Away Win,2,1,Home Win
10/09/2022,D1,Schalke 04,Bochum,3,1,GG,Yes,1,0,Home Win,3,8,11,Away Win,2,3,Away Win
11/09/2022,D1,FC Koln,Union Berlin,0,1,NG,No,0,1,Away Win,7,8,15,Away Win,4,1,Home Win
11/09/2022,D1,Freiburg,M'gladbach,0,0,NG,No,0,0,Draw,7,6,13,Home Win,1,1,Draw
16/09/2022,D1,Mainz,Hertha,1,1,GG,No,0,1,Away Win,4,3,7,Home Win,3,5,Away Win
17/09/2022,D1,Augsburg,Bayern Munich,1,0,NG,No,0,0,Draw,2,8,10,Away Win,3,1,Home Win
17/09/2022,D1,Dortmund,Schalke 04,1,0,NG,No,0,0,Draw,11,2,13,Home Win,3,2,Home Win
17/09/2022,D1,Leverkusen,Werder Bremen,1,1,GG,No,0,0,Draw,9,6,15,Home Win,2,3,Away Win
17/09/2022,D1,Stuttgart,Ein Frankfurt,1,3,GG,Yes,0,1,Away Win,7,4,11,Home Win,2,0,Home Win
17/09/2022,D1,M'gladbach,RB Leipzig,3,0,NG,Yes,2,0,Home Win,8,3,11,Home Win,2,2,Draw
18/09/2022,D1,Union Berlin,Wolfsburg,2,0,NG,No,0,0,Draw,4,1,5,Home Win,0,0,Draw
18/09/2022,D1,Bochum,FC Koln,1,1,GG,No,1,0,Home Win,4,8,12,Away Win,0,1,Away Win
18/09/2022,D1,Hoffenheim,Freiburg,0,0,NG,No,0,0,Draw,5,3,8,Home Win,1,2,Away Win
30/09/2022,D1,Bayern Munich,Leverkusen,4,0,NG,Yes,3,0,Home Win,6,2,8,Home Win,0,0,Draw
01/10/2022,D1,Ein Frankfurt,Union Berlin,2,0,NG,No,2,0,Home Win,4,7,11,Away Win,3,4,Away Win
01/10/2022,D1,FC Koln,Dortmund,3,2,GG,Yes,0,1,Away Win,7,11,18,Away Win,4,3,Home Win
01/10/2022,D1,Freiburg,Mainz,2,1,GG,Yes,2,0,Home Win,5,5,10,Draw,2,4,Away Win
01/10/2022,D1,RB Leipzig,Bochum,4,0,NG,Yes,2,0,Home Win,7,2,9,Home Win,0,2,Away Win
01/10/2022,D1,Wolfsburg,Stuttgart,3,2,GG,Yes,2,2,Draw,8,5,13,Home Win,3,5,Away Win
01/10/2022,D1,Werder Bremen,M'gladbach,5,1,GG,Yes,4,0,Home Win,4,5,9,Away Win,0,1,Away Win
02/10/2022,D1,Hertha,Hoffenheim,1,1,GG,No,1,1,Draw,2,6,8,Away Win,2,1,Home Win
02/10/2022,D1,Schalke 04,Augsburg,2,3,GG,Yes,1,2,Away Win,8,4,12,Home Win,2,6,Away Win
07/10/2022,D1,Hoffenheim,Werder Bremen,1,2,GG,Yes,1,1,Draw,3,3,6,Draw,3,3,Draw
08/10/2022,D1,Augsburg,Wolfsburg,1,1,GG,No,0,1,Away Win,11,5,16,Home Win,5,3,Home Win
08/10/2022,D1,Bochum,Ein Frankfurt,3,0,NG,Yes,0,0,Draw,9,4,13,Home Win,2,1,Home Win
08/10/2022,D1,Leverkusen,Schalke 04,4,0,NG,Yes,2,0,Home Win,3,3,6,Draw,1,1,Draw
08/10/2022,D1,Mainz,RB Leipzig,1,1,GG,No,1,0,Home Win,4,2,6,Home Win,1,1,Draw
08/10/2022,D1,Dortmund,Bayern Munich,2,2,GG,Yes,0,1,Away Win,7,4,11,Home Win,3,6,Away Win
09/10/2022,D1,M'gladbach,FC Koln,5,2,GG,Yes,2,1,Home Win,7,4,11,Home Win,2,3,Away Win
09/10/2022,D1,Hertha,Freiburg,2,2,GG,Yes,1,1,Draw,4,2,6,Home Win,2,1,Home Win
09/10/2022,D1,Stuttgart,Union Berlin,0,1,NG,No,0,0,Draw,2,5,7,Away Win,3,3,Draw
14/10/2022,D1,Schalke 04,Hoffenheim,0,3,NG,Yes,0,2,Away Win,4,5,9,Away Win,2,2,Draw
15/10/2022,D1,Ein Frankfurt,Leverkusen,5,1,GG,Yes,1,0,Home Win,7,1,8,Home Win,0,4,Away Win
15/10/2022,D1,Stuttgart,Bochum,4,1,GG,Yes,2,1,Home Win,3,3,6,Draw,0,3,Away Win
15/10/2022,D1,Werder Bremen,Mainz,0,2,NG,No,0,1,Away Win,3,3,6,Draw,1,2,Away Win
15/10/2022,D1,Wolfsburg,M'gladbach,2,2,GG,Yes,1,1,Draw,7,6,13,Home Win,3,3,Draw
15/10/2022,D1,RB Leipzig,Hertha,3,2,GG,Yes,3,0,Home Win,8,4,12,Home Win,2,3,Away Win
16/10/2022,D1,FC Koln,Augsburg,3,2,GG,Yes,0,1,Away Win,5,3,8,Home Win,2,4,Away Win
16/10/2022,D1,Union Berlin,Dortmund,2,0,NG,No,2,0,Home Win,5,8,13,Away Win,1,2,Away Win
16/10/2022,D1,Bayern Munich,Freiburg,5,0,NG,Yes,2,0,Home Win,5,5,10,Draw,0,2,Away Win
21/10/2022,D1,Mainz,FC Koln,5,0,NG,Yes,3,0,Home Win,5,4,9,Home Win,1,5,Away Win
22/10/2022,D1,Augsburg,RB Leipzig,3,3,GG,Yes,1,0,Home Win,3,6,9,Away Win,7,1,Home Win
22/10/2022,D1,Dortmund,Stuttgart,5,0,NG,Yes,3,0,Home Win,9,2,11,Home Win,1,0,Home Win
22/10/2022,D1,Freiburg,Werder Bremen,2,0,NG,No,0,0,Draw,6,2,8,Home Win,2,2,Draw
22/10/2022,D1,Hoffenheim,Bayern Munich,0,2,NG,No,0,2,Away Win,7,5,12,Home Win,3,2,Home Win
22/10/2022,D1,Leverkusen,Wolfsburg,2,2,GG,Yes,1,1,Draw,3,3,6,Draw,3,1,Home Win
22/10/2022,D1,M'gladbach,Ein Frankfurt,1,3,GG,Yes,0,3,Away Win,3,2,5,Home Win,3,2,Home Win
23/10/2022,D1,Bochum,Union Berlin,2,1,GG,Yes,1,0,Home Win,3,7,10,Away Win,1,3,Away Win
23/10/2022,D1,Hertha,Schalke 04,2,1,GG,Yes,0,0,Draw,5,6,11,Away Win,5,1,Home Win
28/10/2022,D1,Werder Bremen,Hertha,1,0,NG,No,0,0,Draw,4,5,9,Away Win,2,3,Away Win
29/10/2022,D1,Bayern Munich,Mainz,6,2,GG,Yes,3,1,Home Win,8,5,13,Home Win,1,1,Draw
29/10/2022,D1,RB Leipzig,Leverkusen,2,0,NG,No,1,0,Home Win,3,3,6,Draw,3,3,Draw
29/10/2022,D1,Stuttgart,Augsburg,2,1,GG,Yes,1,1,Draw,10,3,13,Home Win,1,2,Away Win
29/10/2022,D1,Wolfsburg,Bochum,4,0,NG,Yes,2,0,Home Win,7,2,9,Home Win,1,1,Draw
29/10/2022,D1,Ein Frankfurt,Dortmund,1,2,GG,Yes,1,1,Draw,4,3,7,Home Win,5,5,Draw
30/10/2022,D1,Union Berlin,M'gladbach,2,1,GG,Yes,0,1,Away Win,6,5,11,Home Win,3,2,Home Win
30/10/2022,D1,Schalke 04,Freiburg,0,2,NG,No,0,1,Away Win,4,8,12,Away Win,3,2,Home Win
30/10/2022,D1,FC Koln,Hoffenheim,1,1,GG,No,1,1,Draw,5,4,9,Home Win,1,2,Away Win
04/11/2022,D1,M'gladbach,Stuttgart,3,1,GG,Yes,2,1,Home Win,3,5,8,Away Win,2,1,Home Win
05/11/2022,D1,Augsburg,Ein Frankfurt,1,2,GG,Yes,1,1,Draw,3,6,9,Away Win,0,1,Away Win
05/11/2022,D1,Dortmund,Bochum,3,0,NG,Yes,3,0,Home Win,2,5,7,Away Win,1,1,Draw
05/11/2022,D1,Hertha,Bayern Munich,2,3,GG,Yes,2,3,Away Win,2,7,9,Away Win,0,0,Draw
05/11/2022,D1,Hoffenheim,RB Leipzig,1,3,GG,Yes,0,1,Away Win,6,3,9,Home Win,4,2,Home Win
05/11/2022,D1,Mainz,Wolfsburg,0,3,NG,Yes,0,1,Away Win,9,4,13,Home Win,1,1,Draw
05/11/2022,D1,Werder Bremen,Schalke 04,2,1,GG,Yes,1,0,Home Win,3,3,6,Draw,3,2,Home Win
06/11/2022,D1,Leverkusen,Union Berlin,5,0,NG,Yes,0,0,Draw,1,5,6,Away Win,1,4,Away Win
06/11/2022,D1,Freiburg,FC Koln,2,0,NG,No,0,0,Draw,5,3,8,Home Win,0,1,Away Win
08/11/2022,D1,Wolfsburg,Dortmund,2,0,NG,No,1,0,Home Win,6,9,15,Away Win,4,2,Home Win
08/11/2022,D1,Bayern Munich,Werder Bremen,6,1,GG,Yes,4,1,Home Win,8,4,12,Home Win,0,0,Draw
08/11/2022,D1,Bochum,M'gladbach,2,1,GG,Yes,2,0,Home Win,6,3,9,Home Win,1,3,Away Win
08/11/2022,D1,Stuttgart,Hertha,2,1,GG,Yes,1,1,Draw,8,5,13,Home Win,3,2,Home Win
09/11/2022,D1,FC Koln,Leverkusen,1,2,GG,Yes,1,0,Home Win,6,1,7,Home Win,1,2,Away Win
09/11/2022,D1,Ein Frankfurt,Hoffenheim,4,2,GG,Yes,3,1,Home Win,4,5,9,Away Win,0,3,Away Win
09/11/2022,D1,RB Leipzig,Freiburg,3,1,GG,Yes,0,0,Draw,6,2,8,Home Win,1,4,Away Win
09/11/2022,D1,Schalke 04,Mainz,1,0,NG,No,1,0,Home Win,1,6,7,Away Win,3,1,Home Win
09/11/2022,D1,Union Berlin,Augsburg,2,2,GG,Yes,2,2,Draw,6,3,9,Home Win,1,4,Away Win
11/11/2022,D1,M'gladbach,Dortmund,4,2,GG,Yes,3,2,Home Win,2,9,11,Away Win,1,2,Away Win
12/11/2022,D1,Augsburg,Bochum,0,1,NG,No,0,0,Draw,6,2,8,Home Win,1,1,Draw
12/11/2022,D1,Hertha,FC Koln,2,0,NG,No,1,0,Home Win,10,5,15,Home Win,3,1,Home Win
12/11/2022,D1,Hoffenheim,Wolfsburg,1,2,GG,Yes,1,1,Draw,7,1,8,Home Win,0,3,Away Win
12/11/2022,D1,Leverkusen,Stuttgart,2,0,NG,No,1,0,Home Win,4,2,6,Home Win,2,3,Away Win
12/11/2022,D1,Werder Bremen,RB Leipzig,1,2,GG,Yes,0,1,Away Win,0,4,4,Away Win,1,2,Away Win
12/11/2022,D1,Schalke 04,Bayern Munich,0,2,NG,No,0,1,Away Win,4,5,9,Away Win,0,0,Draw
13/11/2022,D1,Mainz,Ein Frankfurt,1,1,GG,No,1,0,Home Win,5,2,7,Home Win,2,2,Draw
13/11/2022,D1,Freiburg,Union Berlin,4,1,GG,Yes,4,0,Home Win,2,1,3,Home Win,0,1,Away Win
20/01/2023,D1,RB Leipzig,Bayern Munich,1,1,GG,No,0,1,Away Win,3,2,5,Home Win,2,3,Away Win
21/01/2023,D1,Bochum,Hertha,3,1,GG,Yes,2,0,Home Win,1,6,7,Away Win,1,1,Draw
21/01/2023,D1,Ein Frankfurt,Schalke 04,3,0,NG,Yes,1,0,Home Win,5,4,9,Home Win,2,3,Away Win
21/01/2023,D1,Stuttgart,Mainz,1,1,GG,No,1,1,Draw,3,5,8,Away Win,1,3,Away Win
21/01/2023,D1,Union Berlin,Hoffenheim,3,1,GG,Yes,0,1,Away Win,9,4,13,Home Win,2,1,Home Win
21/01/2023,D1,Wolfsburg,Freiburg,6,0,NG,Yes,3,0,Home Win,0,5,5,Away Win,1,2,Away Win
21/01/2023,D1,FC Koln,Werder Bremen,7,1,GG,Yes,5,1,Home Win,2,2,4,Draw,0,0,Draw
22/01/2023,D1,Dortmund,Augsburg,4,3,GG,Yes,2,2,Draw,7,3,10,Home Win,1,4,Away Win
22/01/2023,D1,M'gladbach,Leverkusen,2,3,GG,Yes,0,2,Away Win,2,3,5,Away Win,3,2,Home Win
24/01/2023,D1,Schalke 04,RB Leipzig,1,6,GG,Yes,0,4,Away Win,1,6,7,Away Win,1,1,Draw
24/01/2023,D1,Bayern Munich,FC Koln,1,1,GG,No,0,1,Away Win,9,4,13,Home Win,0,1,Away Win
24/01/2023,D1,Hertha,Wolfsburg,0,5,NG,Yes,0,3,Away Win,6,4,10,Home Win,2,0,Home Win
24/01/2023,D1,Hoffenheim,Stuttgart,2,2,GG,Yes,1,1,Draw,6,4,10,Home Win,1,3,Away Win
25/01/2023,D1,Mainz,Dortmund,1,2,GG,Yes,1,1,Draw,2,3,5,Away Win,2,0,Home Win
25/01/2023,D1,Augsburg,M'gladbach,1,0,NG,No,0,0,Draw,3,2,5,Home Win,1,2,Away Win
25/01/2023,D1,Freiburg,Ein Frankfurt,1,1,GG,No,0,1,Away Win,4,3,7,Home Win,3,3,Draw
25/01/2023,D1,Leverkusen,Bochum,2,0,NG,No,1,0,Home Win,3,4,7,Away Win,2,4,Away Win
25/01/2023,D1,Werder Bremen,Union Berlin,1,2,GG,Yes,1,1,Draw,5,7,12,Away Win,0,0,Draw
27/01/2023,D1,RB Leipzig,Stuttgart,2,1,GG,Yes,1,0,Home Win,3,6,9,Away Win,0,0,Draw
28/01/2023,D1,Freiburg,Augsburg,3,1,GG,Yes,2,1,Home Win,3,7,10,Away Win,3,3,Draw
28/01/2023,D1,Hertha,Union Berlin,0,2,NG,No,0,1,Away Win,3,2,5,Home Win,1,2,Away Win
28/01/2023,D1,Hoffenheim,M'gladbach,1,4,GG,Yes,0,2,Away Win,4,3,7,Home Win,2,1,Home Win
28/01/2023,D1,Mainz,Bochum,5,2,GG,Yes,3,0,Home Win,3,2,5,Home Win,0,1,Away Win
28/01/2023,D1,Werder Bremen,Wolfsburg,2,1,GG,Yes,1,0,Home Win,2,6,8,Away Win,3,3,Draw
28/01/2023,D1,Bayern Munich,Ein Frankfurt,1,1,GG,No,1,0,Home Win,7,6,13,Home Win,3,1,Home Win
29/01/2023,D1,Schalke 04,FC Koln,0,0,NG,No,0,0,Draw,7,7,14,Draw,3,4,Away Win
29/01/2023,D1,Leverkusen,Dortmund,0,2,NG,No,0,1,Away Win,8,4,12,Home Win,2,4,Away Win
03/02/2023,D1,Augsburg,Leverkusen,1,0,NG,No,0,0,Draw,2,1,3,Home Win,3,2,Home Win
04/02/2023,D1,Bochum,Hoffenheim,5,2,GG,Yes,3,0,Home Win,6,6,12,Draw,2,3,Away Win
04/02/2023,D1,Dortmund,Freiburg,5,1,GG,Yes,1,1,Draw,14,0,14,Home Win,3,4,Away Win
04/02/2023,D1,Ein Frankfurt,Hertha,3,0,NG,Yes,2,0,Home Win,7,1,8,Home Win,1,2,Away Win
04/02/2023,D1,FC Koln,RB Leipzig,0,0,NG,No,0,0,Draw,5,1,6,Home Win,3,4,Away Win
04/02/2023,D1,Union Berlin,Mainz,2,1,GG,Yes,1,0,Home Win,5,5,10,Draw,1,1,Draw
04/02/2023,D1,M'gladbach,Schalke 04,0,0,NG,No,0,0,Draw,9,5,14,Home Win,2,3,Away Win
05/02/2023,D1,Stuttgart,Werder Bremen,0,2,NG,No,0,0,Draw,8,4,12,Home Win,2,5,Away Win
05/02/2023,D1,Wolfsburg,Bayern Munich,2,4,GG,Yes,1,3,Away Win,7,4,11,Home Win,2,6,Away Win
10/02/2023,D1,Schalke 04,Wolfsburg,0,0,NG,No,0,0,Draw,9,3,12,Home Win,1,4,Away Win
11/02/2023,D1,Bayern Munich,Bochum,3,0,NG,Yes,1,0,Home Win,6,3,9,Home Win,1,1,Draw
11/02/2023,D1,Freiburg,Stuttgart,2,1,GG,Yes,0,1,Away Win,4,3,7,Home Win,3,3,Draw
11/02/2023,D1,Hoffenheim,Leverkusen,1,3,GG,Yes,0,1,Away Win,5,8,13,Away Win,3,1,Home Win
11/02/2023,D1,Mainz,Augsburg,3,1,GG,Yes,2,1,Home Win,4,12,16,Away Win,1,1,Draw
11/02/2023,D1,Werder Bremen,Dortmund,0,2,NG,No,0,0,Draw,3,7,10,Away Win,1,0,Home Win
11/02/2023,D1,RB Leipzig,Union Berlin,1,2,GG,Yes,1,0,Home Win,3,4,7,Away Win,4,4,Draw
12/02/2023,D1,Hertha,M'gladbach,4,1,GG,Yes,1,1,Draw,4,6,10,Away Win,1,1,Draw
12/02/2023,D1,FC Koln,Ein Frankfurt,3,0,NG,Yes,0,0,Draw,3,9,12,Away Win,3,2,Home Win
17/02/2023,D1,Augsburg,Hoffenheim,1,0,NG,No,0,0,Draw,6,1,7,Home Win,3,3,Draw
18/02/2023,D1,Bochum,Freiburg,0,2,NG,No,0,1,Away Win,5,5,10,Draw,4,2,Home Win
18/02/2023,D1,M'gladbach,Bayern Munich,3,2,GG,Yes,1,1,Draw,4,0,4,Home Win,0,1,Away Win
18/02/2023,D1,Stuttgart,FC Koln,3,0,NG,Yes,1,0,Home Win,3,6,9,Away Win,3,4,Away Win
18/02/2023,D1,Wolfsburg,RB Leipzig,0,3,NG,Yes,0,1,Away Win,2,5,7,Away Win,1,1,Draw
18/02/2023,D1,Ein Frankfurt,Werder Bremen,2,0,NG,No,1,0,Home Win,5,2,7,Home Win,1,1,Draw
19/02/2023,D1,Union Berlin,Schalke 04,0,0,NG,No,0,0,Draw,6,4,10,Home Win,2,1,Home Win
19/02/2023,D1,Dortmund,Hertha,4,1,GG,Yes,2,0,Home Win,3,4,7,Away Win,1,2,Away Win
19/02/2023,D1,Leverkusen,Mainz,2,3,GG,Yes,1,2,Away Win,4,5,9,Away Win,5,5,Draw
24/02/2023,D1,Mainz,M'gladbach,4,0,NG,Yes,1,0,Home Win,3,3,6,Draw,2,3,Away Win
25/02/2023,D1,FC Koln,Wolfsburg,0,2,NG,No,0,1,Away Win,10,2,12,Home Win,1,2,Away Win
25/02/2023,D1,Hertha,Augsburg,2,0,NG,No,0,0,Draw,1,6,7,Away Win,1,3,Away Win
25/02/2023,D1,Hoffenheim,Dortmund,0,1,NG,No,0,1,Away Win,12,11,23,Home Win,3,1,Home Win
25/02/2023,D1,RB Leipzig,Ein Frankfurt,2,1,GG,Yes,2,0,Home Win,2,6,8,Away Win,2,3,Away Win
25/02/2023,D1,Werder Bremen,Bochum,3,0,NG,Yes,2,0,Home Win,2,0,2,Home Win,3,2,Home Win
25/02/2023,D1,Schalke 04,Stuttgart,2,1,GG,Yes,2,0,Home Win,6,9,15,Away Win,2,2,Draw
26/02/2023,D1,Freiburg,Leverkusen,1,1,GG,No,1,0,Home Win,1,3,4,Away Win,2,1,Home Win
26/02/2023,D1,Bayern Munich,Union Berlin,3,0,NG,Yes,3,0,Home Win,10,4,14,Home Win,1,1,Draw
03/03/2023,D1,Dortmund,RB Leipzig,2,1,GG,Yes,2,0,Home Win,4,6,10,Away Win,2,5,Away Win
04/03/2023,D1,Augsburg,Werder Bremen,2,1,GG,Yes,1,1,Draw,3,7,10,Away Win,2,2,Draw
04/03/2023,D1,Bochum,Schalke 04,0,2,NG,No,0,1,Away Win,4,4,8,Draw,2,1,Home Win
04/03/2023,D1,Mainz,Hoffenheim,1,0,NG,No,1,0,Home Win,11,3,14,Home Win,1,4,Away Win
04/03/2023,D1,M'gladbach,Freiburg,0,0,NG,No,0,0,Draw,6,5,11,Home Win,5,2,Home Win
04/03/2023,D1,Union Berlin,FC Koln,0,0,NG,No,0,0,Draw,5,4,9,Home Win,1,0,Home Win
04/03/2023,D1,Stuttgart,Bayern Munich,1,2,GG,Yes,0,1,Away Win,3,6,9,Away Win,0,0,Draw
05/03/2023,D1,Leverkusen,Hertha,4,1,GG,Yes,2,0,Home Win,9,2,11,Home Win,1,2,Away Win
05/03/2023,D1,Wolfsburg,Ein Frankfurt,2,2,GG,Yes,2,2,Draw,4,5,9,Away Win,3,3,Draw
10/03/2023,D1,FC Koln,Bochum,0,2,NG,No,0,1,Away Win,10,1,11,Home Win,2,2,Draw
11/03/2023,D1,Bayern Munich,Augsburg,5,3,GG,Yes,4,1,Home Win,8,5,13,Home Win,2,1,Home Win
11/03/2023,D1,Ein Frankfurt,Stuttgart,1,1,GG,No,0,0,Draw,3,2,5,Home Win,4,1,Home Win
11/03/2023,D1,Hertha,Mainz,1,1,GG,No,1,0,Home Win,7,8,15,Away Win,2,1,Home Win
11/03/2023,D1,RB Leipzig,M'gladbach,3,0,NG,Yes,0,0,Draw,11,0,11,Home Win,1,0,Home Win
11/03/2023,D1,Schalke 04,Dortmund,2,2,GG,Yes,0,1,Away Win,3,6,9,Away Win,1,1,Draw
12/03/2023,D1,Freiburg,Hoffenheim,2,1,GG,Yes,1,0,Home Win,2,2,4,Draw,2,5,Away Win
12/03/2023,D1,Werder Bremen,Leverkusen,2,3,GG,Yes,1,1,Draw,2,3,5,Away Win,2,1,Home Win
12/03/2023,D1,Wolfsburg,Union Berlin,1,1,GG,No,0,0,Draw,3,5,8,Away Win,1,4,Away Win
17/03/2023,D1,M'gladbach,Werder Bremen,2,2,GG,Yes,0,0,Draw,6,5,11,Home Win,1,1,Draw
18/03/2023,D1,Augsburg,Schalke 04,1,1,GG,No,0,0,Draw,9,6,15,Home Win,4,4,Draw
18/03/2023,D1,Bochum,RB Leipzig,1,0,NG,No,0,0,Draw,2,7,9,Away Win,2,3,Away Win
18/03/2023,D1,Hoffenheim,Hertha,3,1,GG,Yes,2,0,Home Win,8,9,17,Away Win,0,3,Away Win
18/03/2023,D1,Stuttgart,Wolfsburg,0,1,NG,No,0,0,Draw,3,8,11,Away Win,1,0,Home Win
18/03/2023,D1,Dortmund,FC Koln,6,1,GG,Yes,4,1,Home Win,1,6,7,Away Win,1,0,Home Win
19/03/2023,D1,Union Berlin,Ein Frankfurt,2,0,NG,No,0,0,Draw,3,7,10,Away Win,3,2,Home Win
19/03/2023,D1,Leverkusen,Bayern Munich,2,1,GG,Yes,0,1,Away Win,5,3,8,Home Win,2,3,Away Win
19/03/2023,D1,Mainz,Freiburg,1,1,GG,No,0,0,Draw,3,5,8,Away Win,2,3,Away Win
31/03/2023,D1,Ein Frankfurt,Bochum,1,1,GG,No,1,1,Draw,15,2,17,Home Win,3,2,Home Win
01/04/2023,D1,Freiburg,Hertha,1,1,GG,No,0,0,Draw,2,2,4,Draw,1,1,Draw
01/04/2023,D1,RB Leipzig,Mainz,0,3,NG,Yes,0,1,Away Win,3,4,7,Away Win,3,3,Draw
01/04/2023,D1,Schalke 04,Leverkusen,0,3,NG,Yes,0,0,Draw,7,5,12,Home Win,2,1,Home Win
01/04/2023,D1,Union Berlin,Stuttgart,3,0,NG,Yes,0,0,Draw,3,5,8,Away Win,1,1,Draw
01/04/2023,D1,Wolfsburg,Augsburg,2,2,GG,Yes,0,2,Away Win,4,7,11,Away Win,3,2,Home Win
01/04/2023,D1,Bayern Munich,Dortmund,4,2,GG,Yes,3,0,Home Win,6,2,8,Home Win,1,1,Draw
02/04/2023,D1,FC Koln,M'gladbach,0,0,NG,No,0,0,Draw,11,1,12,Home Win,3,3,Draw
02/04/2023,D1,Werder Bremen,Hoffenheim,1,2,GG,Yes,0,0,Draw,1,6,7,Away Win,3,4,Away Win
08/04/2023,D1,Augsburg,FC Koln,1,3,GG,Yes,1,2,Away Win,6,1,7,Home Win,3,4,Away Win
08/04/2023,D1,Dortmund,Union Berlin,2,1,GG,Yes,1,0,Home Win,8,0,8,Home Win,5,2,Home Win
08/04/2023,D1,Freiburg,Bayern Munich,0,1,NG,No,0,0,Draw,2,6,8,Away Win,2,2,Draw
08/04/2023,D1,Leverkusen,Ein Frankfurt,3,1,GG,Yes,2,0,Home Win,2,5,7,Away Win,1,5,Away Win
08/04/2023,D1,Mainz,Werder Bremen,2,2,GG,Yes,0,0,Draw,1,2,3,Away Win,1,5,Away Win
08/04/2023,D1,Hertha,RB Leipzig,0,1,NG,No,0,1,Away Win,4,4,8,Draw,4,3,Home Win
09/04/2023,D1,M'gladbach,Wolfsburg,2,0,NG,No,1,0,Home Win,5,8,13,Away Win,0,1,Away Win
09/04/2023,D1,Bochum,Stuttgart,2,3,GG,Yes,0,1,Away Win,7,4,11,Home Win,3,3,Draw
09/04/2023,D1,Hoffenheim,Schalke 04,2,0,NG,No,1,0,Home Win,9,8,17,Home Win,3,0,Home Win
14/04/2023,D1,Schalke 04,Hertha,5,2,GG,Yes,2,1,Home Win,7,8,15,Away Win,2,3,Away Win
15/04/2023,D1,Bayern Munich,Hoffenheim,1,1,GG,No,1,0,Home Win,13,4,17,Home Win,2,1,Home Win
15/04/2023,D1,FC Koln,Mainz,1,1,GG,No,0,1,Away Win,3,3,6,Draw,3,2,Home Win
15/04/2023,D1,RB Leipzig,Augsburg,3,2,GG,Yes,3,1,Home Win,3,5,8,Away Win,2,3,Away Win
15/04/2023,D1,Stuttgart,Dortmund,3,3,GG,Yes,0,2,Away Win,5,7,12,Away Win,5,3,Home Win
15/04/2023,D1,Ein Frankfurt,M'gladbach,1,1,GG,No,0,1,Away Win,10,2,12,Home Win,1,2,Away Win
16/04/2023,D1,Werder Bremen,Freiburg,1,2,GG,Yes,0,0,Draw,5,2,7,Home Win,2,3,Away Win
16/04/2023,D1,Union Berlin,Bochum,1,1,GG,No,1,0,Home Win,5,7,12,Away Win,2,1,Home Win
16/04/2023,D1,Wolfsburg,Leverkusen,0,0,NG,No,0,0,Draw,2,6,8,Away Win,0,5,Away Win
21/04/2023,D1,Augsburg,Stuttgart,1,1,GG,No,1,0,Home Win,1,3,4,Away Win,5,3,Home Win
22/04/2023,D1,Bochum,Wolfsburg,1,5,GG,Yes,0,3,Away Win,10,3,13,Home Win,3,3,Draw
22/04/2023,D1,Hertha,Werder Bremen,2,4,GG,Yes,0,2,Away Win,8,4,12,Home Win,2,2,Draw
22/04/2023,D1,Hoffenheim,FC Koln,1,3,GG,Yes,0,2,Away Win,2,5,7,Away Win,1,2,Away Win
22/04/2023,D1,Mainz,Bayern Munich,3,1,GG,Yes,0,1,Away Win,2,7,9,Away Win,2,0,Home Win
22/04/2023,D1,Dortmund,Ein Frankfurt,4,0,NG,Yes,3,0,Home Win,5,2,7,Home Win,2,3,Away Win
23/04/2023,D1,Freiburg,Schalke 04,4,0,NG,Yes,2,0,Home Win,6,5,11,Home Win,1,2,Away Win
23/04/2023,D1,Leverkusen,RB Leipzig,2,0,NG,No,1,0,Home Win,0,9,9,Away Win,3,5,Away Win
23/04/2023,D1,M'gladbach,Union Berlin,0,1,NG,No,0,0,Draw,2,2,4,Draw,3,2,Home Win
28/04/2023,D1,Bochum,Dortmund,1,1,GG,No,1,1,Draw,4,11,15,Away Win,1,2,Away Win
29/04/2023,D1,Ein Frankfurt,Augsburg,1,1,GG,No,1,0,Home Win,5,7,12,Away Win,2,2,Draw
29/04/2023,D1,FC Koln,Freiburg,0,1,NG,No,0,0,Draw,9,6,15,Home Win,1,1,Draw
29/04/2023,D1,RB Leipzig,Hoffenheim,1,0,NG,No,1,0,Home Win,7,1,8,Home Win,0,2,Away Win
29/04/2023,D1,Stuttgart,M'gladbach,2,1,GG,Yes,1,0,Home Win,5,8,13,Away Win,2,2,Draw
29/04/2023,D1,Union Berlin,Leverkusen,0,0,NG,No,0,0,Draw,6,4,10,Home Win,1,1,Draw
29/04/2023,D1,Schalke 04,Werder Bremen,2,1,GG,Yes,0,1,Away Win,11,3,14,Home Win,4,3,Home Win
30/04/2023,D1,Bayern Munich,Hertha,2,0,NG,No,0,0,Draw,18,1,19,Home Win,2,0,Home Win
30/04/2023,D1,Wolfsburg,Mainz,3,0,NG,Yes,3,0,Home Win,3,5,8,Away Win,1,3,Away Win
05/05/2023,D1,Leverkusen,FC Koln,1,2,GG,Yes,1,2,Away Win,9,2,11,Home Win,1,6,Away Win
05/05/2023,D1,Mainz,Schalke 04,2,3,GG,Yes,0,1,Away Win,7,6,13,Home Win,4,1,Home Win
06/05/2023,D1,Augsburg,Union Berlin,1,0,NG,No,0,0,Draw,3,7,10,Away Win,2,2,Draw
06/05/2023,D1,Freiburg,RB Leipzig,0,1,NG,No,0,0,Draw,3,3,6,Draw,2,4,Away Win
06/05/2023,D1,Hertha,Stuttgart,2,1,GG,Yes,2,1,Home Win,3,5,8,Away Win,4,1,Home Win
06/05/2023,D1,Hoffenheim,Ein Frankfurt,3,1,GG,Yes,3,0,Home Win,1,11,12,Away Win,2,4,Away Win
06/05/2023,D1,M'gladbach,Bochum,2,0,NG,No,1,0,Home Win,11,3,14,Home Win,2,1,Home Win
06/05/2023,D1,Werder Bremen,Bayern Munich,1,2,GG,Yes,0,0,Draw,1,11,12,Away Win,2,1,Home Win
07/05/2023,D1,Dortmund,Wolfsburg,6,0,NG,Yes,3,0,Home Win,10,6,16,Home Win,0,1,Away Win
12/05/2023,D1,FC Koln,Hertha,5,2,GG,Yes,3,2,Home Win,12,3,15,Home Win,2,7,Away Win
13/05/2023,D1,Bayern Munich,Schalke 04,6,0,NG,Yes,2,0,Home Win,4,3,7,Home Win,0,3,Away Win
13/05/2023,D1,Bochum,Augsburg,3,2,GG,Yes,1,1,Draw,7,7,14,Draw,3,2,Home Win
13/05/2023,D1,Ein Frankfurt,Mainz,3,0,NG,Yes,2,0,Home Win,5,1,6,Home Win,1,3,Away Win
13/05/2023,D1,Union Berlin,Freiburg,4,2,GG,Yes,3,0,Home Win,1,7,8,Away Win,3,1,Home Win
13/05/2023,D1,Wolfsburg,Hoffenheim,2,1,GG,Yes,1,0,Home Win,3,7,10,Away Win,2,2,Draw
13/05/2023,D1,Dortmund,M'gladbach,5,2,GG,Yes,4,0,Home Win,10,4,14,Home Win,0,2,Away Win
14/05/2023,D1,Stuttgart,Leverkusen,1,1,GG,No,0,0,Draw,7,3,10,Home Win,3,4,Away Win
14/05/2023,D1,RB Leipzig,Werder Bremen,2,1,GG,Yes,0,0,Draw,3,2,5,Home Win,2,5,Away Win
19/05/2023,D1,Freiburg,Wolfsburg,2,0,NG,No,0,0,Draw,4,4,8,Draw,1,3,Away Win
20/05/2023,D1,Hertha,Bochum,1,1,GG,No,0,0,Draw,9,5,14,Home Win,1,1,Draw
20/05/2023,D1,Hoffenheim,Union Berlin,4,2,GG,Yes,2,1,Home Win,1,5,6,Away Win,4,5,Away Win
20/05/2023,D1,Schalke 04,Ein Frankfurt,2,2,GG,Yes,1,1,Draw,8,3,11,Home Win,3,4,Away Win
20/05/2023,D1,Werder Bremen,FC Koln,1,1,GG,No,0,1,Away Win,4,9,13,Away Win,4,2,Home Win
20/05/2023,D1,Bayern Munich,RB Leipzig,1,3,GG,Yes,1,0,Home Win,7,2,9,Home Win,1,1,Draw
21/05/2023,D1,Mainz,Stuttgart,1,4,GG,Yes,1,1,Draw,6,3,9,Home Win,3,1,Home Win
21/05/2023,D1,Augsburg,Dortmund,0,3,NG,Yes,0,0,Draw,3,8,11,Away Win,3,3,Draw
21/05/2023,D1,Leverkusen,M'gladbach,2,2,GG,Yes,2,0,Home Win,2,3,5,Away Win,3,3,Draw
27/05/2023,D1,Bochum,Leverkusen,3,0,NG,Yes,2,0,Home Win,2,5,7,Away Win,5,5,Draw
27/05/2023,D1,Dortmund,Mainz,2,2,GG,Yes,0,2,Away Win,6,3,9,Home Win,1,1,Draw
27/05/2023,D1,Ein Frankfurt,Freiburg,2,1,GG,Yes,0,1,Away Win,3,6,9,Away Win,4,2,Home Win
27/05/2023,D1,FC Koln,Bayern Munich,1,2,GG,Yes,0,1,Away Win,7,3,10,Home Win,3,0,Home Win
27/05/2023,D1,M'gladbach,Augsburg,2,0,NG,No,2,0,Home Win,4,4,8,Draw,0,1,Away Win
27/05/2023,D1,RB Leipzig,Schalke 04,4,2,GG,Yes,2,1,Home Win,4,5,9,Away Win,2,2,Draw
27/05/2023,D1,Stuttgart,Hoffenheim,1,1,GG,No,0,0,Draw,9,2,11,Home Win,0,0,Draw
27/05/2023,D1,Union Berlin,Werder Bremen,1,0,NG,No,0,0,Draw,15,1,16,Home Win,1,3,Away Win
27/05/2023,D1,Wolfsburg,Hertha,1,2,GG,Yes,1,0,Home Win,7,3,10,Home Win,1,5,Away Win
18/08/2023,D1,Werder Bremen,Bayern Munich,0,4,NG,Yes,0,1,Away Win,0,6,6,Away Win,2,1,Home Win
19/08/2023,D1,Augsburg,M'gladbach,4,4,GG,Yes,3,3,Draw,8,7,15,Home Win,1,2,Away Win
19/08/2023,D1,Hoffenheim,Freiburg,1,2,GG,Yes,0,2,Away Win,4,2,6,Home Win,0,1,Away Win
19/08/2023,D1,Leverkusen,RB Leipzig,3,2,GG,Yes,2,1,Home Win,4,5,9,Away Win,1,2,Away Win
19/08/2023,D1,Stuttgart,Bochum,5,0,NG,Yes,2,0,Home Win,7,0,7,Home Win,1,1,Draw
19/08/2023,D1,Wolfsburg,Heidenheim,2,0,NG,No,2,0,Home Win,1,7,8,Away Win,3,0,Home Win
19/08/2023,D1,Dortmund,FC Koln,1,0,NG,No,0,0,Draw,6,3,9,Home Win,1,0,Home Win
20/08/2023,D1,Union Berlin,Mainz,4,1,GG,Yes,2,0,Home Win,3,1,4,Home Win,1,5,Away Win
20/08/2023,D1,Ein Frankfurt,Darmstadt,1,0,NG,No,1,0,Home Win,7,3,10,Home Win,2,3,Away Win
25/08/2023,D1,RB Leipzig,Stuttgart,5,1,GG,Yes,0,1,Away Win,4,4,8,Draw,1,1,Draw
26/08/2023,D1,Bochum,Dortmund,1,1,GG,No,1,0,Home Win,5,4,9,Home Win,2,1,Home Win
26/08/2023,D1,Darmstadt,Union Berlin,1,4,GG,Yes,1,3,Away Win,3,5,8,Away Win,2,2,Draw
26/08/2023,D1,FC Koln,Wolfsburg,1,2,GG,Yes,0,0,Draw,6,1,7,Home Win,1,5,Away Win
26/08/2023,D1,Freiburg,Werder Bremen,1,0,NG,No,0,0,Draw,5,5,10,Draw,2,2,Draw
26/08/2023,D1,Heidenheim,Hoffenheim,2,3,GG,Yes,1,0,Home Win,10,6,16,Home Win,1,5,Away Win
26/08/2023,D1,M'gladbach,Leverkusen,0,3,NG,Yes,0,2,Away Win,5,8,13,Away Win,2,3,Away Win
27/08/2023,D1,Mainz,Ein Frankfurt,1,1,GG,No,1,0,Home Win,5,4,9,Home Win,3,4,Away Win
27/08/2023,D1,Bayern Munich,Augsburg,3,1,GG,Yes,2,0,Home Win,10,4,14,Home Win,1,2,Away Win
01/09/2023,D1,Dortmund,Heidenheim,2,2,GG,Yes,2,0,Home Win,3,6,9,Away Win,3,3,Draw
02/09/2023,D1,Augsburg,Bochum,2,2,GG,Yes,1,1,Draw,3,5,8,Away Win,2,2,Draw
02/09/2023,D1,Hoffenheim,Wolfsburg,3,1,GG,Yes,1,1,Draw,3,3,6,Draw,2,2,Draw
02/09/2023,D1,Leverkusen,Darmstadt,5,1,GG,Yes,1,1,Draw,4,2,6,Home Win,3,2,Home Win
02/09/2023,D1,Stuttgart,Freiburg,5,0,NG,Yes,3,0,Home Win,2,4,6,Away Win,1,1,Draw
02/09/2023,D1,Werder Bremen,Mainz,4,0,NG,Yes,1,0,Home Win,1,7,8,Away Win,2,2,Draw
02/09/2023,D1,M'gladbach,Bayern Munich,1,2,GG,Yes,1,0,Home Win,1,15,16,Away Win,0,2,Away Win
03/09/2023,D1,Ein Frankfurt,FC Koln,1,1,GG,No,0,1,Away Win,8,1,9,Home Win,1,3,Away Win
03/09/2023,D1,Union Berlin,RB Leipzig,0,3,NG,Yes,0,0,Draw,3,7,10,Away Win,3,1,Home Win
15/09/2023,D1,Bayern Munich,Leverkusen,2,2,GG,Yes,1,1,Draw,7,4,11,Home Win,0,3,Away Win
16/09/2023,D1,FC Koln,Hoffenheim,1,3,GG,Yes,0,2,Away Win,13,4,17,Home Win,4,4,Draw
16/09/2023,D1,Freiburg,Dortmund,2,4,GG,Yes,2,1,Home Win,6,8,14,Away Win,2,3,Away Win
16/09/2023,D1,Mainz,Stuttgart,1,3,GG,Yes,0,0,Draw,6,4,10,Home Win,1,2,Away Win
16/09/2023,D1,RB Leipzig,Augsburg,3,0,NG,Yes,3,0,Home Win,1,6,7,Away Win,0,0,Draw
16/09/2023,D1,Wolfsburg,Union Berlin,2,1,GG,Yes,2,1,Home Win,3,7,10,Away Win,1,0,Home Win
16/09/2023,D1,Bochum,Ein Frankfurt,1,1,GG,No,0,0,Draw,8,2,10,Home Win,3,2,Home Win
17/09/2023,D1,Heidenheim,Werder Bremen,4,2,GG,Yes,2,0,Home Win,10,1,11,Home Win,1,1,Draw
17/09/2023,D1,Darmstadt,M'gladbach,3,3,GG,Yes,3,0,Home Win,6,6,12,Draw,1,1,Draw
22/09/2023,D1,Stuttgart,Darmstadt,3,1,GG,Yes,2,1,Home Win,5,4,9,Home Win,1,6,Away Win
23/09/2023,D1,Augsburg,Mainz,2,1,GG,Yes,2,1,Home Win,3,4,7,Away Win,2,3,Away Win
23/09/2023,D1,Bayern Munich,Bochum,7,0,NG,Yes,4,0,Home Win,8,1,9,Home Win,0,1,Away Win
23/09/2023,D1,Dortmund,Wolfsburg,1,0,NG,No,0,0,Draw,5,3,8,Home Win,0,1,Away Win
23/09/2023,D1,M'gladbach,RB Leipzig,0,1,NG,No,0,0,Draw,11,6,17,Home Win,1,1,Draw
23/09/2023,D1,Union Berlin,Hoffenheim,0,2,NG,No,0,2,Away Win,11,6,17,Home Win,1,3,Away Win
23/09/2023,D1,Werder Bremen,FC Koln,2,1,GG,Yes,1,1,Draw,9,8,17,Home Win,2,1,Home Win
24/09/2023,D1,Leverkusen,Heidenheim,4,1,GG,Yes,1,0,Home Win,7,2,9,Home Win,1,1,Draw
24/09/2023,D1,Ein Frankfurt,Freiburg,0,0,NG,No,0,0,Draw,7,3,10,Home Win,4,2,Home Win
29/09/2023,D1,Hoffenheim,Dortmund,1,3,GG,Yes,1,2,Away Win,4,3,7,Home Win,3,4,Away Win
30/09/2023,D1,Bochum,M'gladbach,1,3,GG,Yes,0,3,Away Win,5,10,15,Away Win,2,3,Away Win
30/09/2023,D1,FC Koln,Stuttgart,0,2,NG,No,0,0,Draw,8,4,12,Home Win,2,1,Home Win
30/09/2023,D1,Heidenheim,Union Berlin,1,0,NG,No,0,0,Draw,5,7,12,Away Win,1,2,Away Win
30/09/2023,D1,Mainz,Leverkusen,0,3,NG,Yes,0,1,Away Win,3,1,4,Home Win,4,1,Home Win
30/09/2023,D1,Wolfsburg,Ein Frankfurt,2,0,NG,No,1,0,Home Win,7,4,11,Home Win,1,6,Away Win
30/09/2023,D1,RB Leipzig,Bayern Munich,2,2,GG,Yes,2,0,Home Win,5,1,6,Home Win,2,5,Away Win
01/10/2023,D1,Darmstadt,Werder Bremen,4,2,GG,Yes,2,0,Home Win,2,4,6,Away Win,3,2,Home Win
01/10/2023,D1,Freiburg,Augsburg,2,0,NG,No,1,0,Home Win,2,3,5,Away Win,2,2,Draw
06/10/2023,D1,M'gladbach,Mainz,2,2,GG,Yes,1,1,Draw,10,3,13,Home Win,3,1,Home Win
07/10/2023,D1,Augsburg,Darmstadt,1,2,GG,Yes,0,0,Draw,4,4,8,Draw,4,2,Home Win
07/10/2023,D1,Dortmund,Union Berlin,4,2,GG,Yes,1,2,Away Win,4,6,10,Away Win,1,1,Draw
07/10/2023,D1,RB Leipzig,Bochum,0,0,NG,No,0,0,Draw,9,1,10,Home Win,2,4,Away Win
07/10/2023,D1,Stuttgart,Wolfsburg,3,1,GG,Yes,0,1,Away Win,5,6,11,Away Win,1,3,Away Win
07/10/2023,D1,Werder Bremen,Hoffenheim,2,3,GG,Yes,1,2,Away Win,4,4,8,Draw,5,4,Home Win
08/10/2023,D1,Leverkusen,FC Koln,3,0,NG,Yes,2,0,Home Win,11,4,15,Home Win,3,0,Home Win
08/10/2023,D1,Bayern Munich,Freiburg,3,0,NG,Yes,2,0,Home Win,7,1,8,Home Win,1,0,Home Win
08/10/2023,D1,Ein Frankfurt,Heidenheim,2,0,NG,No,1,0,Home Win,3,6,9,Away Win,2,3,Away Win
20/10/2023,D1,Dortmund,Werder Bremen,1,0,NG,No,0,0,Draw,10,4,14,Home Win,1,5,Away Win
21/10/2023,D1,Darmstadt,RB Leipzig,1,3,GG,Yes,1,2,Away Win,6,0,6,Home Win,6,3,Home Win
21/10/2023,D1,Freiburg,Bochum,2,1,GG,Yes,2,1,Home Win,5,2,7,Home Win,3,4,Away Win
21/10/2023,D1,Hoffenheim,Ein Frankfurt,1,3,GG,Yes,1,3,Away Win,6,3,9,Home Win,3,0,Home Win
21/10/2023,D1,Union Berlin,Stuttgart,0,3,NG,Yes,0,1,Away Win,4,2,6,Home Win,2,1,Home Win
21/10/2023,D1,Wolfsburg,Leverkusen,1,2,GG,Yes,1,1,Draw,4,3,7,Home Win,3,5,Away Win
21/10/2023,D1,Mainz,Bayern Munich,1,3,GG,Yes,1,2,Away Win,2,7,9,Away Win,3,2,Home Win
22/10/2023,D1,FC Koln,M'gladbach,3,1,GG,Yes,1,0,Home Win,8,3,11,Home Win,0,2,Away Win
22/10/2023,D1,Heidenheim,Augsburg,2,5,GG,Yes,2,3,Away Win,6,5,11,Home Win,3,2,Home Win
27/10/2023,D1,Bochum,Mainz,2,2,GG,Yes,1,0,Home Win,5,4,9,Home Win,3,3,Draw
28/10/2023,D1,Augsburg,Wolfsburg,3,2,GG,Yes,1,2,Away Win,5,5,10,Draw,6,4,Home Win
28/10/2023,D1,Bayern Munich,Darmstadt,8,0,NG,Yes,0,0,Draw,7,1,8,Home Win,1,2,Away Win
28/10/2023,D1,M'gladbach,Heidenheim,2,1,GG,Yes,1,1,Draw,6,4,10,Home Win,0,3,Away Win
28/10/2023,D1,Stuttgart,Hoffenheim,2,3,GG,Yes,0,2,Away Win,6,0,6,Home Win,2,1,Home Win
28/10/2023,D1,Werder Bremen,Union Berlin,2,0,NG,No,1,0,Home Win,3,3,6,Draw,1,4,Away Win
28/10/2023,D1,RB Leipzig,FC Koln,6,0,NG,Yes,4,0,Home Win,11,1,12,Home Win,2,4,Away Win
29/10/2023,D1,Ein Frankfurt,Dortmund,3,3,GG,Yes,2,1,Home Win,0,4,4,Away Win,3,2,Home Win
29/10/2023,D1,Leverkusen,Freiburg,2,1,GG,Yes,1,0,Home Win,11,4,15,Home Win,0,2,Away Win
03/11/2023,D1,Darmstadt,Bochum,1,2,GG,Yes,1,1,Draw,11,2,13,Home Win,2,5,Away Win
04/11/2023,D1,FC Koln,Augsburg,1,1,GG,No,1,1,Draw,10,2,12,Home Win,1,4,Away Win
04/11/2023,D1,Freiburg,M'gladbach,3,3,GG,Yes,1,3,Away Win,8,2,10,Home Win,2,2,Draw
04/11/2023,D1,Hoffenheim,Leverkusen,2,3,GG,Yes,0,2,Away Win,4,3,7,Home Win,3,2,Home Win
04/11/2023,D1,Mainz,RB Leipzig,2,0,NG,No,0,0,Draw,2,7,9,Away Win,3,1,Home Win
04/11/2023,D1,Union Berlin,Ein Frankfurt,0,3,NG,Yes,0,2,Away Win,9,1,10,Home Win,0,1,Away Win
04/11/2023,D1,Dortmund,Bayern Munich,0,4,NG,Yes,0,2,Away Win,3,2,5,Home Win,3,2,Home Win
05/11/2023,D1,Wolfsburg,Werder Bremen,2,2,GG,Yes,1,1,Draw,5,2,7,Home Win,4,1,Home Win
05/11/2023,D1,Heidenheim,Stuttgart,2,0,NG,No,0,0,Draw,9,6,15,Home Win,2,2,Draw
10/11/2023,D1,M'gladbach,Wolfsburg,4,0,NG,Yes,2,0,Home Win,8,5,13,Home Win,1,3,Away Win
11/11/2023,D1,Augsburg,Hoffenheim,1,1,GG,No,0,1,Away Win,3,5,8,Away Win,1,2,Away Win
11/11/2023,D1,Bayern Munich,Heidenheim,4,2,GG,Yes,2,0,Home Win,7,2,9,Home Win,1,0,Home Win
11/11/2023,D1,Darmstadt,Mainz,0,0,NG,No,0,0,Draw,0,5,5,Away Win,3,3,Draw
11/11/2023,D1,Stuttgart,Dortmund,2,1,GG,Yes,1,1,Draw,6,1,7,Home Win,2,3,Away Win
11/11/2023,D1,Bochum,FC Koln,1,1,GG,No,1,0,Home Win,3,3,6,Draw,4,1,Home Win
12/11/2023,D1,Leverkusen,Union Berlin,4,0,NG,Yes,1,0,Home Win,10,1,11,Home Win,0,1,Away Win
12/11/2023,D1,Werder Bremen,Ein Frankfurt,2,2,GG,Yes,1,0,Home Win,3,7,10,Away Win,1,3,Away Win
12/11/2023,D1,RB Leipzig,Freiburg,3,1,GG,Yes,1,1,Draw,7,3,10,Home Win,2,0,Home Win
24/11/2023,D1,FC Koln,Bayern Munich,0,1,NG,No,0,1,Away Win,3,12,15,Away Win,0,1,Away Win
25/11/2023,D1,Dortmund,M'gladbach,4,2,GG,Yes,3,2,Home Win,5,4,9,Home Win,1,2,Away Win
25/11/2023,D1,Freiburg,Darmstadt,1,1,GG,No,1,1,Draw,11,2,13,Home Win,2,0,Home Win
25/11/2023,D1,Union Berlin,Augsburg,1,1,GG,No,0,1,Away Win,3,4,7,Away Win,2,2,Draw
25/11/2023,D1,Werder Bremen,Leverkusen,0,3,NG,Yes,0,2,Away Win,1,6,7,Away Win,3,1,Home Win
25/11/2023,D1,Wolfsburg,RB Leipzig,2,1,GG,Yes,1,0,Home Win,1,12,13,Away Win,4,2,Home Win
25/11/2023,D1,Ein Frankfurt,Stuttgart,1,2,GG,Yes,1,2,Away Win,4,2,6,Home Win,0,1,Away Win
26/11/2023,D1,Heidenheim,Bochum,0,0,NG,No,0,0,Draw,6,5,11,Home Win,4,3,Home Win
26/11/2023,D1,Hoffenheim,Mainz,1,1,GG,No,0,1,Away Win,4,5,9,Away Win,4,4,Draw
01/12/2023,D1,Darmstadt,FC Koln,0,1,NG,No,0,0,Draw,1,6,7,Away Win,1,3,Away Win
02/12/2023,D1,Bochum,Wolfsburg,3,1,GG,Yes,2,1,Home Win,6,6,12,Draw,6,2,Home Win
02/12/2023,D1,M'gladbach,Hoffenheim,2,1,GG,Yes,0,0,Draw,6,3,9,Home Win,2,2,Draw
02/12/2023,D1,RB Leipzig,Heidenheim,2,1,GG,Yes,2,1,Home Win,5,3,8,Home Win,2,2,Draw
02/12/2023,D1,Stuttgart,Werder Bremen,2,0,NG,No,1,0,Home Win,6,7,13,Away Win,1,0,Home Win
03/12/2023,D1,Mainz,Freiburg,0,1,NG,No,0,0,Draw,14,3,17,Home Win,1,1,Draw
03/12/2023,D1,Leverkusen,Dortmund,1,1,GG,No,0,1,Away Win,16,1,17,Home Win,3,2,Home Win
03/12/2023,D1,Augsburg,Ein Frankfurt,2,1,GG,Yes,1,0,Home Win,2,4,6,Away Win,1,1,Draw
08/12/2023,D1,Hoffenheim,Bochum,3,1,GG,Yes,2,0,Home Win,4,5,9,Away Win,3,2,Home Win
09/12/2023,D1,Ein Frankfurt,Bayern Munich,5,1,GG,Yes,3,1,Home Win,1,9,10,Away Win,1,2,Away Win
09/12/2023,D1,Heidenheim,Darmstadt,3,2,GG,Yes,1,0,Home Win,8,3,11,Home Win,2,2,Draw
09/12/2023,D1,Union Berlin,M'gladbach,3,1,GG,Yes,1,0,Home Win,6,7,13,Away Win,1,3,Away Win
09/12/2023,D1,Werder Bremen,Augsburg,2,0,NG,No,1,0,Home Win,5,2,7,Home Win,1,2,Away Win
09/12/2023,D1,Wolfsburg,Freiburg,0,1,NG,No,0,0,Draw,5,3,8,Home Win,1,4,Away Win
09/12/2023,D1,Dortmund,RB Leipzig,2,3,GG,Yes,1,1,Draw,6,6,12,Draw,1,3,Away Win
10/12/2023,D1,Stuttgart,Leverkusen,1,1,GG,No,1,0,Home Win,8,8,16,Draw,1,1,Draw
10/12/2023,D1,FC Koln,Mainz,0,0,NG,No,0,0,Draw,1,7,8,Away Win,2,4,Away Win
15/12/2023,D1,M'gladbach,Werder Bremen,2,2,GG,Yes,1,1,Draw,4,3,7,Home Win,4,2,Home Win
16/12/2023,D1,Augsburg,Dortmund,1,1,GG,No,1,1,Draw,4,7,11,Away Win,2,1,Home Win
16/12/2023,D1,Bochum,Union Berlin,3,0,NG,Yes,1,0,Home Win,6,4,10,Home Win,2,2,Draw
16/12/2023,D1,Darmstadt,Wolfsburg,0,1,NG,No,0,0,Draw,7,7,14,Draw,2,0,Home Win
16/12/2023,D1,Mainz,Heidenheim,0,1,NG,No,0,1,Away Win,8,1,9,Home Win,3,3,Draw
16/12/2023,D1,RB Leipzig,Hoffenheim,3,1,GG,Yes,1,1,Draw,9,2,11,Home Win,3,2,Home Win
17/12/2023,D1,Freiburg,FC Koln,2,0,NG,No,0,0,Draw,5,2,7,Home Win,1,4,Away Win
17/12/2023,D1,Leverkusen,Ein Frankfurt,3,0,NG,Yes,1,0,Home Win,5,5,10,Draw,1,1,Draw
17/12/2023,D1,Bayern Munich,Stuttgart,3,0,NG,Yes,1,0,Home Win,6,2,8,Home Win,0,3,Away Win
19/12/2023,D1,Werder Bremen,RB Leipzig,1,1,GG,No,0,0,Draw,1,4,5,Away Win,4,2,Home Win
19/12/2023,D1,Dortmund,Mainz,1,1,GG,No,1,1,Draw,6,1,7,Home Win,0,4,Away Win
19/12/2023,D1,Hoffenheim,Darmstadt,3,3,GG,Yes,2,1,Home Win,8,3,11,Home Win,2,4,Away Win
20/12/2023,D1,Union Berlin,FC Koln,2,0,NG,No,0,0,Draw,4,5,9,Away Win,0,0,Draw
20/12/2023,D1,Ein Frankfurt,M'gladbach,2,1,GG,Yes,0,1,Away Win,8,2,10,Home Win,1,6,Away Win
20/12/2023,D1,Heidenheim,Freiburg,3,2,GG,Yes,0,1,Away Win,7,4,11,Home Win,3,4,Away Win
20/12/2023,D1,Leverkusen,Bochum,4,0,NG,Yes,3,0,Home Win,4,3,7,Home Win,0,2,Away Win
20/12/2023,D1,Stuttgart,Augsburg,3,0,NG,Yes,2,0,Home Win,4,4,8,Draw,0,4,Away Win
20/12/2023,D1,Wolfsburg,Bayern Munich,1,2,GG,Yes,1,2,Away Win,0,6,6,Away Win,4,2,Home Win
12/01/2024,D1,Bayern Munich,Hoffenheim,3,0,NG,Yes,1,0,Home Win,11,2,13,Home Win,1,3,Away Win
13/01/2024,D1,Augsburg,Leverkusen,0,1,NG,No,0,0,Draw,0,12,12,Away Win,3,1,Home Win
13/01/2024,D1,FC Koln,Heidenheim,1,1,GG,No,1,0,Home Win,9,6,15,Home Win,2,1,Home Win
13/01/2024,D1,Freiburg,Union Berlin,0,0,NG,No,0,0,Draw,4,3,7,Home Win,0,2,Away Win
13/01/2024,D1,Mainz,Wolfsburg,1,1,GG,No,0,1,Away Win,7,3,10,Home Win,3,4,Away Win
13/01/2024,D1,RB Leipzig,Ein Frankfurt,0,1,NG,No,0,1,Away Win,15,4,19,Home Win,0,2,Away Win
13/01/2024,D1,Darmstadt,Dortmund,0,3,NG,Yes,0,1,Away Win,3,4,7,Away Win,1,3,Away Win
14/01/2024,D1,Bochum,Werder Bremen,1,1,GG,No,0,0,Draw,3,4,7,Away Win,6,5,Home Win
14/01/2024,D1,M'gladbach,Stuttgart,3,1,GG,Yes,2,0,Home Win,0,3,3,Away Win,3,3,Draw
20/01/2024,D1,Bochum,Stuttgart,1,0,NG,No,0,0,Draw,1,7,8,Away Win,5,3,Home Win
20/01/2024,D1,Darmstadt,Ein Frankfurt,2,2,GG,Yes,0,1,Away Win,4,1,5,Home Win,1,1,Draw
20/01/2024,D1,FC Koln,Dortmund,0,4,NG,Yes,0,1,Away Win,13,4,17,Home Win,2,2,Draw
20/01/2024,D1,Freiburg,Hoffenheim,3,2,GG,Yes,1,0,Home Win,2,2,4,Draw,3,3,Draw
20/01/2024,D1,Heidenheim,Wolfsburg,1,1,GG,No,1,1,Draw,4,2,6,Home Win,0,1,Away Win
20/01/2024,D1,RB Leipzig,Leverkusen,2,3,GG,Yes,1,0,Home Win,1,9,10,Away Win,2,3,Away Win
21/01/2024,D1,Bayern Munich,Werder Bremen,0,1,NG,No,0,0,Draw,10,2,12,Home Win,2,1,Home Win
21/01/2024,D1,M'gladbach,Augsburg,1,2,GG,Yes,1,0,Home Win,5,7,12,Away Win,1,2,Away Win
24/01/2024,D1,Bayern Munich,Union Berlin,1,0,NG,No,0,0,Draw,12,1,13,Home Win,2,4,Away Win
26/01/2024,D1,Ein Frankfurt,Mainz,1,0,NG,No,0,0,Draw,2,1,3,Home Win,2,1,Home Win
27/01/2024,D1,Augsburg,Bayern Munich,2,3,GG,Yes,0,2,Away Win,4,5,9,Away Win,2,6,Away Win
27/01/2024,D1,Hoffenheim,Heidenheim,1,1,GG,No,1,1,Draw,9,5,14,Home Win,4,0,Home Win
27/01/2024,D1,Stuttgart,RB Leipzig,5,2,GG,Yes,2,1,Home Win,9,3,12,Home Win,1,4,Away Win
27/01/2024,D1,Werder Bremen,Freiburg,3,1,GG,Yes,1,1,Draw,5,5,10,Draw,2,1,Home Win
27/01/2024,D1,Wolfsburg,FC Koln,1,1,GG,No,1,1,Draw,6,3,9,Home Win,5,3,Home Win
27/01/2024,D1,Leverkusen,M'gladbach,0,0,NG,No,0,0,Draw,8,2,10,Home Win,3,1,Home Win
28/01/2024,D1,Union Berlin,Darmstadt,1,0,NG,No,0,0,Draw,4,3,7,Home Win,3,2,Home Win
28/01/2024,D1,Dortmund,Bochum,3,1,GG,Yes,1,1,Draw,8,4,12,Home Win,1,3,Away Win
02/02/2024,D1,Heidenheim,Dortmund,0,0,NG,No,0,0,Draw,4,6,10,Away Win,0,2,Away Win
03/02/2024,D1,Bayern Munich,M'gladbach,3,1,GG,Yes,1,1,Draw,6,5,11,Home Win,0,1,Away Win
03/02/2024,D1,Bochum,Augsburg,1,1,GG,No,1,0,Home Win,3,5,8,Away Win,3,1,Home Win
03/02/2024,D1,Darmstadt,Leverkusen,0,2,NG,No,0,1,Away Win,4,3,7,Home Win,2,2,Draw
03/02/2024,D1,Freiburg,Stuttgart,1,3,GG,Yes,1,2,Away Win,1,6,7,Away Win,4,2,Home Win
03/02/2024,D1,Mainz,Werder Bremen,0,1,NG,No,0,1,Away Win,11,1,12,Home Win,4,3,Home Win
03/02/2024,D1,FC Koln,Ein Frankfurt,2,0,NG,No,0,0,Draw,7,7,14,Draw,1,4,Away Win
04/02/2024,D1,Wolfsburg,Hoffenheim,2,2,GG,Yes,0,1,Away Win,7,2,9,Home Win,2,3,Away Win
04/02/2024,D1,RB Leipzig,Union Berlin,2,0,NG,No,1,0,Home Win,5,4,9,Home Win,1,2,Away Win
07/02/2024,D1,Mainz,Union Berlin,1,1,GG,No,1,1,Draw,8,3,11,Home Win,2,4,Away Win
09/02/2024,D1,Dortmund,Freiburg,3,0,NG,Yes,2,0,Home Win,5,3,8,Home Win,2,0,Home Win
10/02/2024,D1,Augsburg,RB Leipzig,2,2,GG,Yes,1,1,Draw,1,3,4,Away Win,5,1,Home Win
10/02/2024,D1,Ein Frankfurt,Bochum,1,1,GG,No,1,1,Draw,8,3,11,Home Win,2,2,Draw
10/02/2024,D1,M'gladbach,Darmstadt,0,0,NG,No,0,0,Draw,7,2,9,Home Win,0,5,Away Win
10/02/2024,D1,Union Berlin,Wolfsburg,1,0,NG,No,1,0,Home Win,6,10,16,Away Win,1,2,Away Win
10/02/2024,D1,Werder Bremen,Heidenheim,1,2,GG,Yes,1,2,Away Win,5,10,15,Away Win,1,2,Away Win
10/02/2024,D1,Leverkusen,Bayern Munich,3,0,NG,Yes,1,0,Home Win,4,6,10,Away Win,3,2,Home Win
11/02/2024,D1,Stuttgart,Mainz,3,1,GG,Yes,2,0,Home Win,4,5,9,Away Win,1,1,Draw
11/02/2024,D1,Hoffenheim,FC Koln,1,1,GG,No,0,0,Draw,10,3,13,Home Win,3,4,Away Win
16/02/2024,D1,FC Koln,Werder Bremen,0,1,NG,No,0,0,Draw,5,3,8,Home Win,4,4,Draw
17/02/2024,D1,Darmstadt,Stuttgart,1,2,GG,Yes,0,1,Away Win,5,3,8,Home Win,4,5,Away Win
17/02/2024,D1,Heidenheim,Leverkusen,1,2,GG,Yes,0,1,Away Win,4,5,9,Away Win,2,1,Home Win
17/02/2024,D1,Hoffenheim,Union Berlin,0,1,NG,No,0,0,Draw,6,2,8,Home Win,3,4,Away Win
17/02/2024,D1,Mainz,Augsburg,1,0,NG,No,1,0,Home Win,7,7,14,Draw,3,2,Home Win
17/02/2024,D1,Wolfsburg,Dortmund,1,1,GG,No,0,1,Away Win,5,3,8,Home Win,3,1,Home Win
17/02/2024,D1,RB Leipzig,M'gladbach,2,0,NG,No,1,0,Home Win,8,4,12,Home Win,1,5,Away Win
18/02/2024,D1,Freiburg,Ein Frankfurt,3,3,GG,Yes,2,2,Draw,6,1,7,Home Win,0,0,Draw
18/02/2024,D1,Bochum,Bayern Munich,3,2,GG,Yes,2,1,Home Win,4,9,13,Away Win,2,4,Away Win
23/02/2024,D1,Leverkusen,Mainz,2,1,GG,Yes,1,1,Draw,11,2,13,Home Win,3,5,Away Win
24/02/2024,D1,M'gladbach,Bochum,5,2,GG,Yes,2,0,Home Win,5,6,11,Away Win,2,4,Away Win
24/02/2024,D1,Stuttgart,FC Koln,1,1,GG,No,0,0,Draw,9,4,13,Home Win,1,0,Home Win
24/02/2024,D1,Union Berlin,Heidenheim,2,2,GG,Yes,2,1,Home Win,4,2,6,Home Win,2,1,Home Win
24/02/2024,D1,Werder Bremen,Darmstadt,1,1,GG,No,1,1,Draw,4,6,10,Away Win,3,4,Away Win
24/02/2024,D1,Bayern Munich,RB Leipzig,2,1,GG,Yes,0,0,Draw,6,4,10,Home Win,3,3,Draw
25/02/2024,D1,Ein Frankfurt,Wolfsburg,2,2,GG,Yes,1,2,Away Win,5,3,8,Home Win,2,1,Home Win
25/02/2024,D1,Dortmund,Hoffenheim,2,3,GG,Yes,2,1,Home Win,10,3,13,Home Win,2,3,Away Win
25/02/2024,D1,Augsburg,Freiburg,2,1,GG,Yes,0,1,Away Win,10,2,12,Home Win,3,1,Home Win
01/03/2024,D1,Freiburg,Bayern Munich,2,2,GG,Yes,1,1,Draw,3,6,9,Away Win,1,2,Away Win
02/03/2024,D1,Bochum,RB Leipzig,1,4,GG,Yes,1,1,Draw,2,5,7,Away Win,3,2,Home Win
02/03/2024,D1,Darmstadt,Augsburg,0,6,NG,Yes,0,5,Away Win,3,6,9,Away Win,2,0,Home Win
02/03/2024,D1,Heidenheim,Ein Frankfurt,1,2,GG,Yes,0,1,Away Win,7,3,10,Home Win,1,4,Away Win
02/03/2024,D1,Mainz,M'gladbach,1,1,GG,No,1,0,Home Win,12,6,18,Home Win,5,1,Home Win
02/03/2024,D1,Union Berlin,Dortmund,0,2,NG,No,0,1,Away Win,8,7,15,Home Win,2,1,Home Win
02/03/2024,D1,Wolfsburg,Stuttgart,2,3,GG,Yes,0,1,Away Win,5,4,9,Home Win,3,2,Home Win
03/03/2024,D1,FC Koln,Leverkusen,0,2,NG,No,0,1,Away Win,1,9,10,Away Win,2,2,Draw
03/03/2024,D1,Hoffenheim,Werder Bremen,2,1,GG,Yes,2,0,Home Win,3,3,6,Draw,5,1,Home Win
08/03/2024,D1,Stuttgart,Union Berlin,2,0,NG,No,1,0,Home Win,4,3,7,Home Win,1,2,Away Win
09/03/2024,D1,Augsburg,Heidenheim,1,0,NG,No,1,0,Home Win,5,2,7,Home Win,1,3,Away Win
09/03/2024,D1,Bayern Munich,Mainz,8,1,GG,Yes,3,1,Home Win,6,7,13,Away Win,1,1,Draw
09/03/2024,D1,M'gladbach,FC Koln,3,3,GG,Yes,1,1,Draw,8,3,11,Home Win,3,4,Away Win
09/03/2024,D1,RB Leipzig,Darmstadt,2,0,NG,No,1,0,Home Win,8,4,12,Home Win,0,3,Away Win
09/03/2024,D1,Werder Bremen,Dortmund,1,2,GG,Yes,0,2,Away Win,10,4,14,Home Win,1,2,Away Win
10/03/2024,D1,Bochum,Freiburg,1,2,GG,Yes,0,1,Away Win,12,5,17,Home Win,3,7,Away Win
10/03/2024,D1,Ein Frankfurt,Hoffenheim,3,1,GG,Yes,1,1,Draw,5,1,6,Home Win,2,3,Away Win
10/03/2024,D1,Leverkusen,Wolfsburg,2,0,NG,No,1,0,Home Win,9,2,11,Home Win,1,3,Away Win
15/03/2024,D1,FC Koln,RB Leipzig,1,5,GG,Yes,1,1,Draw,3,6,9,Away Win,2,2,Draw
16/03/2024,D1,Darmstadt,Bayern Munich,2,5,GG,Yes,1,2,Away Win,2,9,11,Away Win,1,0,Home Win
16/03/2024,D1,Heidenheim,M'gladbach,1,1,GG,No,0,1,Away Win,10,4,14,Home Win,1,3,Away Win
16/03/2024,D1,Mainz,Bochum,2,0,NG,No,1,0,Home Win,7,6,13,Home Win,4,3,Home Win
16/03/2024,D1,Union Berlin,Werder Bremen,2,1,GG,Yes,0,0,Draw,4,3,7,Home Win,3,5,Away Win
16/03/2024,D1,Wolfsburg,Augsburg,1,3,GG,Yes,1,1,Draw,8,6,14,Home Win,1,3,Away Win
16/03/2024,D1,Hoffenheim,Stuttgart,0,3,NG,Yes,0,2,Away Win,5,6,11,Away Win,1,0,Home Win
17/03/2024,D1,Freiburg,Leverkusen,2,3,GG,Yes,1,2,Away Win,2,8,10,Away Win,1,0,Home Win
17/03/2024,D1,Dortmund,Ein Frankfurt,3,1,GG,Yes,1,1,Draw,8,3,11,Home Win,1,2,Away Win
30/03/2024,D1,Ein Frankfurt,Union Berlin,0,0,NG,No,0,0,Draw,6,2,8,Home Win,3,1,Home Win
30/03/2024,D1,Leverkusen,Hoffenheim,2,1,GG,Yes,0,1,Away Win,9,2,11,Home Win,0,1,Away Win
30/03/2024,D1,M'gladbach,Freiburg,0,3,NG,Yes,0,1,Away Win,14,1,15,Home Win,1,0,Home Win
30/03/2024,D1,RB Leipzig,Mainz,0,0,NG,No,0,0,Draw,12,2,14,Home Win,2,5,Away Win
30/03/2024,D1,Werder Bremen,Wolfsburg,0,2,NG,No,0,1,Away Win,3,6,9,Away Win,4,4,Draw
30/03/2024,D1,Bayern Munich,Dortmund,0,2,NG,No,0,1,Away Win,7,4,11,Home Win,0,0,Draw
31/03/2024,D1,Augsburg,FC Koln,1,1,GG,No,1,1,Draw,12,6,18,Home Win,0,3,Away Win
31/03/2024,D1,Stuttgart,Heidenheim,3,3,GG,Yes,1,0,Home Win,6,7,13,Away Win,1,0,Home Win
31/03/2024,D1,Bochum,Darmstadt,2,2,GG,Yes,1,0,Home Win,6,5,11,Home Win,2,2,Draw
05/04/2024,D1,Ein Frankfurt,Werder Bremen,1,1,GG,No,0,0,Draw,9,0,9,Home Win,3,2,Home Win
06/04/2024,D1,FC Koln,Bochum,2,1,GG,Yes,0,0,Draw,9,4,13,Home Win,3,3,Draw
06/04/2024,D1,Freiburg,RB Leipzig,1,4,GG,Yes,0,3,Away Win,8,4,12,Home Win,3,4,Away Win
06/04/2024,D1,Heidenheim,Bayern Munich,3,2,GG,Yes,0,2,Away Win,3,3,6,Draw,2,0,Home Win
06/04/2024,D1,Mainz,Darmstadt,4,0,NG,Yes,1,0,Home Win,5,1,6,Home Win,2,3,Away Win
06/04/2024,D1,Union Berlin,Leverkusen,0,1,NG,No,0,1,Away Win,7,10,17,Away Win,3,2,Home Win
06/04/2024,D1,Dortmund,Stuttgart,0,1,NG,No,0,0,Draw,8,3,11,Home Win,2,4,Away Win
07/04/2024,D1,Hoffenheim,Augsburg,3,1,GG,Yes,2,0,Home Win,11,6,17,Home Win,3,1,Home Win
07/04/2024,D1,Wolfsburg,M'gladbach,1,3,GG,Yes,1,0,Home Win,4,4,8,Draw,2,2,Draw
12/04/2024,D1,Augsburg,Union Berlin,2,0,NG,No,0,0,Draw,5,4,9,Home Win,1,1,Draw
13/04/2024,D1,Bayern Munich,FC Koln,2,0,NG,No,0,0,Draw,5,5,10,Draw,0,3,Away Win
13/04/2024,D1,Bochum,Heidenheim,1,1,GG,No,0,0,Draw,6,2,8,Home Win,4,1,Home Win
13/04/2024,D1,Mainz,Hoffenheim,4,1,GG,Yes,0,1,Away Win,9,3,12,Home Win,0,2,Away Win
13/04/2024,D1,M'gladbach,Dortmund,1,2,GG,Yes,1,2,Away Win,2,4,6,Away Win,1,4,Away Win
13/04/2024,D1,RB Leipzig,Wolfsburg,3,0,NG,Yes,1,0,Home Win,6,4,10,Home Win,2,4,Away Win
13/04/2024,D1,Stuttgart,Ein Frankfurt,3,0,NG,Yes,3,0,Home Win,4,5,9,Away Win,1,3,Away Win
14/04/2024,D1,Darmstadt,Freiburg,0,1,NG,No,0,1,Away Win,2,2,4,Draw,0,1,Away Win
14/04/2024,D1,Leverkusen,Werder Bremen,5,0,NG,Yes,1,0,Home Win,7,0,7,Home Win,2,1,Home Win
19/04/2024,D1,Ein Frankfurt,Augsburg,3,1,GG,Yes,0,1,Away Win,6,5,11,Home Win,3,3,Draw
20/04/2024,D1,FC Koln,Darmstadt,0,2,NG,No,0,0,Draw,4,3,7,Home Win,0,1,Away Win
20/04/2024,D1,Heidenheim,RB Leipzig,1,2,GG,Yes,0,1,Away Win,2,6,8,Away Win,3,1,Home Win
20/04/2024,D1,Hoffenheim,M'gladbach,4,3,GG,Yes,1,1,Draw,6,5,11,Home Win,1,3,Away Win
20/04/2024,D1,Wolfsburg,Bochum,1,0,NG,No,1,0,Home Win,5,8,13,Away Win,4,3,Home Win
20/04/2024,D1,Union Berlin,Bayern Munich,1,5,GG,Yes,0,2,Away Win,5,3,8,Home Win,0,0,Draw
21/04/2024,D1,Werder Bremen,Stuttgart,2,1,GG,Yes,1,0,Home Win,1,7,8,Away Win,3,3,Draw
21/04/2024,D1,Dortmund,Leverkusen,1,1,GG,No,0,0,Draw,2,6,8,Away Win,4,3,Home Win
21/04/2024,D1,Freiburg,Mainz,1,1,GG,No,1,1,Draw,2,4,6,Away Win,3,4,Away Win
26/04/2024,D1,Bochum,Hoffenheim,3,2,GG,Yes,2,0,Home Win,10,4,14,Home Win,1,1,Draw
27/04/2024,D1,Augsburg,Werder Bremen,0,3,NG,Yes,0,0,Draw,6,4,10,Home Win,1,2,Away Win
27/04/2024,D1,Bayern Munich,Ein Frankfurt,2,1,GG,Yes,1,1,Draw,4,2,6,Home Win,0,3,Away Win
27/04/2024,D1,Freiburg,Wolfsburg,1,2,GG,Yes,1,0,Home Win,3,6,9,Away Win,4,2,Home Win
27/04/2024,D1,RB Leipzig,Dortmund,4,1,GG,Yes,2,1,Home Win,5,8,13,Away Win,1,2,Away Win
27/04/2024,D1,Leverkusen,Stuttgart,2,2,GG,Yes,0,0,Draw,5,2,7,Home Win,4,3,Home Win
28/04/2024,D1,M'gladbach,Union Berlin,0,0,NG,No,0,0,Draw,3,4,7,Away Win,2,2,Draw
28/04/2024,D1,Mainz,FC Koln,1,1,GG,No,1,0,Home Win,6,6,12,Draw,4,4,Draw
28/04/2024,D1,Darmstadt,Heidenheim,0,1,NG,No,0,0,Draw,3,8,11,Away Win,2,1,Home Win
03/05/2024,D1,Hoffenheim,RB Leipzig,1,1,GG,No,0,1,Away Win,4,4,8,Draw,1,3,Away Win
04/05/2024,D1,Dortmund,Augsburg,5,1,GG,Yes,4,1,Home Win,6,9,15,Away Win,0,1,Away Win
04/05/2024,D1,Stuttgart,Bayern Munich,3,1,GG,Yes,1,1,Draw,3,1,4,Home Win,1,2,Away Win
04/05/2024,D1,Werder Bremen,M'gladbach,2,2,GG,Yes,1,1,Draw,7,2,9,Home Win,0,0,Draw
04/05/2024,D1,Wolfsburg,Darmstadt,3,0,NG,Yes,2,0,Home Win,9,2,11,Home Win,0,3,Away Win
04/05/2024,D1,FC Koln,Freiburg,0,0,NG,No,0,0,Draw,7,1,8,Home Win,1,1,Draw
05/05/2024,D1,Union Berlin,Bochum,3,4,GG,Yes,0,3,Away Win,6,4,10,Home Win,0,1,Away Win
05/05/2024,D1,Ein Frankfurt,Leverkusen,1,5,GG,Yes,1,2,Away Win,10,5,15,Home Win,0,0,Draw
05/05/2024,D1,Heidenheim,Mainz,1,1,GG,No,0,1,Away Win,6,3,9,Home Win,2,3,Away Win
10/05/2024,D1,Augsburg,Stuttgart,0,1,NG,No,0,0,Draw,5,5,10,Draw,4,2,Home Win
11/05/2024,D1,FC Koln,Union Berlin,3,2,GG,Yes,1,2,Away Win,6,8,14,Away Win,3,2,Home Win
11/05/2024,D1,Freiburg,Heidenheim,1,1,GG,No,1,1,Draw,2,4,6,Away Win,1,1,Draw
11/05/2024,D1,M'gladbach,Ein Frankfurt,1,1,GG,No,1,1,Draw,2,8,10,Away Win,1,0,Home Win
11/05/2024,D1,RB Leipzig,Werder Bremen,1,1,GG,No,0,1,Away Win,4,3,7,Home Win,1,0,Home Win
11/05/2024,D1,Mainz,Dortmund,3,0,NG,Yes,3,0,Home Win,4,2,6,Home Win,2,2,Draw
12/05/2024,D1,Darmstadt,Hoffenheim,0,6,NG,Yes,0,5,Away Win,2,3,5,Away Win,3,0,Home Win
12/05/2024,D1,Bayern Munich,Wolfsburg,2,0,NG,No,2,0,Home Win,4,0,4,Home Win,0,2,Away Win
12/05/2024,D1,Bochum,Leverkusen,0,5,NG,Yes,0,2,Away Win,2,6,8,Away Win,2,1,Home Win
18/05/2024,D1,Dortmund,Darmstadt,4,0,NG,Yes,2,0,Home Win,7,3,10,Home Win,0,3,Away Win
18/05/2024,D1,Ein Frankfurt,RB Leipzig,2,2,GG,Yes,0,1,Away Win,8,3,11,Home Win,2,2,Draw
18/05/2024,D1,Heidenheim,FC Koln,4,1,GG,Yes,3,0,Home Win,5,12,17,Away Win,1,3,Away Win
18/05/2024,D1,Hoffenheim,Bayern Munich,4,2,GG,Yes,1,2,Away Win,6,5,11,Home Win,3,1,Home Win
18/05/2024,D1,Leverkusen,Augsburg,2,1,GG,Yes,2,0,Home Win,5,4,9,Home Win,0,1,Away Win
18/05/2024,D1,Stuttgart,M'gladbach,4,0,NG,Yes,2,0,Home Win,8,4,12,Home Win,1,2,Away Win
18/05/2024,D1,Union Berlin,Freiburg,2,1,GG,Yes,0,0,Draw,3,7,10,Away Win,7,4,Home Win
18/05/2024,D1,Werder Bremen,Bochum,4,1,GG,Yes,1,0,Home Win,8,8,16,Draw,1,1,Draw
18/05/2024,D1,Wolfsburg,Mainz,1,3,GG,Yes,1,1,Draw,1,3,4,Away Win,2,3,Away Win
23/08/2024,D1,M'gladbach,Leverkusen,2,3,GG,Yes,0,2,Away Win,2,4,6,Away Win,1,0,Home Win
24/08/2024,D1,Augsburg,Werder Bremen,2,2,GG,Yes,2,1,Home Win,4,2,6,Home Win,3,1,Home Win
24/08/2024,D1,Freiburg,Stuttgart,3,1,GG,Yes,1,1,Draw,6,3,9,Home Win,2,1,Home Win
24/08/2024,D1,Hoffenheim,Holstein Kiel,3,2,GG,Yes,2,0,Home Win,8,6,14,Home Win,2,3,Away Win
24/08/2024,D1,Mainz,Union Berlin,1,1,GG,No,0,0,Draw,8,9,17,Away Win,1,3,Away Win
24/08/2024,D1,RB Leipzig,Bochum,1,0,NG,No,0,0,Draw,9,3,12,Home Win,1,3,Away Win
24/08/2024,D1,Dortmund,Ein Frankfurt,2,0,NG,No,0,0,Draw,7,7,14,Draw,0,1,Away Win
25/08/2024,D1,Wolfsburg,Bayern Munich,2,3,GG,Yes,0,1,Away Win,1,7,8,Away Win,2,3,Away Win
25/08/2024,D1,St Pauli,Heidenheim,0,2,NG,No,0,0,Draw,4,2,6,Home Win,2,3,Away Win
30/08/2024,D1,Union Berlin,St Pauli,1,0,NG,No,1,0,Home Win,5,4,9,Home Win,3,1,Home Win
31/08/2024,D1,Bochum,M'gladbach,0,2,NG,No,0,0,Draw,3,4,7,Away Win,1,0,Home Win
31/08/2024,D1,Ein Frankfurt,Hoffenheim,3,1,GG,Yes,2,0,Home Win,1,4,5,Away Win,0,3,Away Win
31/08/2024,D1,Holstein Kiel,Wolfsburg,0,2,NG,No,0,2,Away Win,1,7,8,Away Win,4,7,Away Win
31/08/2024,D1,Stuttgart,Mainz,3,3,GG,Yes,2,1,Home Win,11,2,13,Home Win,4,2,Home Win
31/08/2024,D1,Werder Bremen,Dortmund,0,0,NG,No,0,0,Draw,5,6,11,Away Win,2,7,Away Win
31/08/2024,D1,Leverkusen,RB Leipzig,2,3,GG,Yes,2,1,Home Win,18,2,20,Home Win,3,1,Home Win
01/09/2024,D1,Heidenheim,Augsburg,4,0,NG,Yes,2,0,Home Win,5,6,11,Away Win,0,3,Away Win
01/09/2024,D1,Bayern Munich,Freiburg,2,0,NG,No,1,0,Home Win,2,4,6,Away Win,1,0,Home Win
13/09/2024,D1,Dortmund,Heidenheim,4,2,GG,Yes,3,1,Home Win,8,1,9,Home Win,2,2,Draw
14/09/2024,D1,Freiburg,Bochum,2,1,GG,Yes,0,1,Away Win,5,6,11,Away Win,0,3,Away Win
14/09/2024,D1,Hoffenheim,Leverkusen,1,4,GG,Yes,1,2,Away Win,4,12,16,Away Win,2,2,Draw
14/09/2024,D1,M'gladbach,Stuttgart,1,3,GG,Yes,1,1,Draw,6,2,8,Home Win,2,2,Draw
14/09/2024,D1,RB Leipzig,Union Berlin,0,0,NG,No,0,0,Draw,6,5,11,Home Win,2,3,Away Win
14/09/2024,D1,Wolfsburg,Ein Frankfurt,1,2,GG,Yes,0,1,Away Win,5,4,9,Home Win,1,2,Away Win
14/09/2024,D1,Holstein Kiel,Bayern Munich,1,6,GG,Yes,0,4,Away Win,2,10,12,Away Win,0,1,Away Win
15/09/2024,D1,Augsburg,St Pauli,3,1,GG,Yes,0,0,Draw,7,7,14,Draw,4,3,Home Win
15/09/2024,D1,Mainz,Werder Bremen,1,2,GG,Yes,1,1,Draw,10,4,14,Home Win,3,1,Home Win
20/09/2024,D1,Augsburg,Mainz,2,3,GG,Yes,1,2,Away Win,14,1,15,Home Win,3,5,Away Win
21/09/2024,D1,Bochum,Holstein Kiel,2,2,GG,Yes,2,1,Home Win,2,5,7,Away Win,4,1,Home Win
21/09/2024,D1,Heidenheim,Freiburg,0,3,NG,Yes,0,0,Draw,3,9,12,Away Win,1,1,Draw
21/09/2024,D1,Union Berlin,Hoffenheim,2,1,GG,Yes,2,0,Home Win,5,5,10,Draw,3,3,Draw
21/09/2024,D1,Werder Bremen,Bayern Munich,0,5,NG,Yes,0,2,Away Win,1,4,5,Away Win,0,3,Away Win
21/09/2024,D1,Ein Frankfurt,M'gladbach,2,0,NG,No,1,0,Home Win,8,5,13,Home Win,1,1,Draw
22/09/2024,D1,Leverkusen,Wolfsburg,4,3,GG,Yes,2,3,Away Win,6,2,8,Home Win,4,5,Away Win
22/09/2024,D1,Stuttgart,Dortmund,5,1,GG,Yes,2,0,Home Win,6,4,10,Home Win,1,3,Away Win
22/09/2024,D1,St Pauli,RB Leipzig,0,0,NG,No,0,0,Draw,3,1,4,Home Win,2,1,Home Win
27/09/2024,D1,Dortmund,Bochum,4,2,GG,Yes,1,2,Away Win,11,0,11,Home Win,2,0,Home Win
28/09/2024,D1,Freiburg,St Pauli,0,3,NG,Yes,0,2,Away Win,4,2,6,Home Win,3,3,Draw
28/09/2024,D1,Mainz,Heidenheim,0,2,NG,No,0,1,Away Win,7,6,13,Home Win,4,4,Draw
28/09/2024,D1,M'gladbach,Union Berlin,1,0,NG,No,0,0,Draw,2,4,6,Away Win,3,1,Home Win
28/09/2024,D1,RB Leipzig,Augsburg,4,0,NG,Yes,2,0,Home Win,8,5,13,Home Win,1,2,Away Win
28/09/2024,D1,Wolfsburg,Stuttgart,2,2,GG,Yes,1,1,Draw,1,3,4,Away Win,5,2,Home Win
28/09/2024,D1,Bayern Munich,Leverkusen,1,1,GG,No,1,1,Draw,6,1,7,Home Win,1,3,Away Win
29/09/2024,D1,Holstein Kiel,Ein Frankfurt,2,4,GG,Yes,1,1,Draw,4,9,13,Away Win,1,3,Away Win
29/09/2024,D1,Hoffenheim,Werder Bremen,3,4,GG,Yes,3,3,Draw,2,6,8,Away Win,3,3,Draw
04/10/2024,D1,Augsburg,M'gladbach,2,1,GG,Yes,1,0,Home Win,6,5,11,Home Win,2,4,Away Win
05/10/2024,D1,Bochum,Wolfsburg,1,3,GG,Yes,0,2,Away Win,7,6,13,Home Win,1,2,Away Win
05/10/2024,D1,Leverkusen,Holstein Kiel,2,2,GG,Yes,2,1,Home Win,12,3,15,Home Win,2,2,Draw
05/10/2024,D1,Union Berlin,Dortmund,2,1,GG,Yes,2,0,Home Win,3,3,6,Draw,4,4,Draw
05/10/2024,D1,Werder Bremen,Freiburg,0,1,NG,No,0,0,Draw,7,5,12,Home Win,1,2,Away Win
05/10/2024,D1,St Pauli,Mainz,0,3,NG,Yes,0,2,Away Win,2,2,4,Draw,0,3,Away Win
06/10/2024,D1,Heidenheim,RB Leipzig,0,1,NG,No,0,0,Draw,3,2,5,Home Win,2,2,Draw
06/10/2024,D1,Ein Frankfurt,Bayern Munich,3,3,GG,Yes,2,2,Draw,0,11,11,Away Win,1,1,Draw
06/10/2024,D1,Stuttgart,Hoffenheim,1,1,GG,No,0,1,Away Win,10,5,15,Home Win,1,4,Away Win
18/10/2024,D1,Dortmund,St Pauli,2,1,GG,Yes,1,0,Home Win,7,1,8,Home Win,2,1,Home Win
19/10/2024,D1,Freiburg,Augsburg,3,1,GG,Yes,3,0,Home Win,5,4,9,Home Win,1,1,Draw
19/10/2024,D1,Hoffenheim,Bochum,3,1,GG,Yes,1,0,Home Win,4,2,6,Home Win,1,1,Draw
19/10/2024,D1,Leverkusen,Ein Frankfurt,2,1,GG,Yes,1,1,Draw,8,3,11,Home Win,2,1,Home Win
19/10/2024,D1,Mainz,RB Leipzig,0,2,NG,No,0,2,Away Win,5,3,8,Home Win,1,3,Away Win
19/10/2024,D1,M'gladbach,Heidenheim,3,2,GG,Yes,1,1,Draw,6,3,9,Home Win,3,3,Draw
19/10/2024,D1,Bayern Munich,Stuttgart,4,0,NG,Yes,0,0,Draw,7,3,10,Home Win,0,2,Away Win
20/10/2024,D1,Holstein Kiel,Union Berlin,0,2,NG,No,0,1,Away Win,7,3,10,Home Win,2,1,Home Win
20/10/2024,D1,Wolfsburg,Werder Bremen,2,4,GG,Yes,1,1,Draw,4,4,8,Draw,1,1,Draw
25/10/2024,D1,Mainz,M'gladbach,1,1,GG,No,0,0,Draw,2,4,6,Away Win,3,2,Home Win
26/10/2024,D1,Augsburg,Dortmund,2,1,GG,Yes,1,1,Draw,3,5,8,Away Win,3,3,Draw
26/10/2024,D1,RB Leipzig,Freiburg,3,1,GG,Yes,0,1,Away Win,3,3,6,Draw,3,2,Home Win
26/10/2024,D1,St Pauli,Wolfsburg,0,0,NG,No,0,0,Draw,7,6,13,Home Win,0,3,Away Win
26/10/2024,D1,Stuttgart,Holstein Kiel,2,1,GG,Yes,1,0,Home Win,9,5,14,Home Win,3,6,Away Win
26/10/2024,D1,Werder Bremen,Leverkusen,2,2,GG,Yes,0,1,Away Win,3,5,8,Away Win,1,1,Draw
27/10/2024,D1,Bochum,Bayern Munich,0,5,NG,Yes,0,2,Away Win,2,5,7,Away Win,1,1,Draw
27/10/2024,D1,Union Berlin,Ein Frankfurt,1,1,GG,No,0,1,Away Win,4,5,9,Away Win,5,3,Home Win
27/10/2024,D1,Heidenheim,Hoffenheim,0,0,NG,No,0,0,Draw,7,3,10,Home Win,1,2,Away Win
01/11/2024,D1,Leverkusen,Stuttgart,0,0,NG,No,0,0,Draw,10,2,12,Home Win,3,4,Away Win
02/11/2024,D1,Bayern Munich,Union Berlin,3,0,NG,Yes,2,0,Home Win,7,4,11,Home Win,0,2,Away Win
02/11/2024,D1,Ein Frankfurt,Bochum,7,2,GG,Yes,4,1,Home Win,5,2,7,Home Win,1,2,Away Win
02/11/2024,D1,Hoffenheim,St Pauli,0,2,NG,No,0,1,Away Win,7,2,9,Home Win,0,2,Away Win
02/11/2024,D1,Holstein Kiel,Heidenheim,1,0,NG,No,1,0,Home Win,5,6,11,Away Win,4,5,Away Win
02/11/2024,D1,Wolfsburg,Augsburg,1,1,GG,No,0,1,Away Win,8,1,9,Home Win,1,3,Away Win
02/11/2024,D1,Dortmund,RB Leipzig,2,1,GG,Yes,1,1,Draw,4,0,4,Home Win,3,4,Away Win
03/11/2024,D1,Freiburg,Mainz,0,0,NG,No,0,0,Draw,8,4,12,Home Win,1,2,Away Win
03/11/2024,D1,M'gladbach,Werder Bremen,4,1,GG,Yes,3,0,Home Win,7,7,14,Draw,1,4,Away Win
08/11/2024,D1,Union Berlin,Freiburg,0,0,NG,No,0,0,Draw,4,1,5,Home Win,2,0,Home Win
09/11/2024,D1,Bochum,Leverkusen,1,1,GG,No,0,1,Away Win,6,4,10,Home Win,0,1,Away Win
09/11/2024,D1,Mainz,Dortmund,3,1,GG,Yes,2,1,Home Win,8,0,8,Home Win,3,1,Home Win
09/11/2024,D1,St Pauli,Bayern Munich,0,1,NG,No,0,1,Away Win,5,10,15,Away Win,2,2,Draw
09/11/2024,D1,Werder Bremen,Holstein Kiel,2,1,GG,Yes,1,0,Home Win,6,3,9,Home Win,3,2,Home Win
09/11/2024,D1,RB Leipzig,M'gladbach,0,0,NG,No,0,0,Draw,8,4,12,Home Win,2,2,Draw
10/11/2024,D1,Augsburg,Hoffenheim,0,0,NG,No,0,0,Draw,10,6,16,Home Win,2,3,Away Win
10/11/2024,D1,Stuttgart,Ein Frankfurt,2,3,GG,Yes,0,1,Away Win,8,3,11,Home Win,2,3,Away Win
10/11/2024,D1,Heidenheim,Wolfsburg,1,3,GG,Yes,0,2,Away Win,5,5,10,Draw,1,6,Away Win
22/11/2024,D1,Bayern Munich,Augsburg,3,0,NG,Yes,0,0,Draw,8,0,8,Home Win,0,2,Away Win
23/11/2024,D1,Dortmund,Freiburg,4,0,NG,Yes,2,0,Home Win,7,0,7,Home Win,1,2,Away Win
23/11/2024,D1,Hoffenheim,RB Leipzig,4,3,GG,Yes,1,2,Away Win,4,3,7,Home Win,2,1,Home Win
23/11/2024,D1,Leverkusen,Heidenheim,5,2,GG,Yes,2,2,Draw,6,0,6,Home Win,0,0,Draw
23/11/2024,D1,Stuttgart,Bochum,2,0,NG,No,0,0,Draw,7,4,11,Home Win,2,3,Away Win
23/11/2024,D1,Wolfsburg,Union Berlin,1,0,NG,No,0,0,Draw,8,5,13,Home Win,1,2,Away Win
23/11/2024,D1,Ein Frankfurt,Werder Bremen,1,0,NG,No,1,0,Home Win,5,6,11,Away Win,2,2,Draw
24/11/2024,D1,Holstein Kiel,Mainz,0,3,NG,Yes,0,2,Away Win,2,6,8,Away Win,1,0,Home Win
24/11/2024,D1,M'gladbach,St Pauli,2,0,NG,No,2,0,Home Win,5,4,9,Home Win,1,0,Home Win
29/11/2024,D1,St Pauli,Holstein Kiel,3,1,GG,Yes,1,0,Home Win,4,4,8,Draw,2,5,Away Win
30/11/2024,D1,Augsburg,Bochum,1,0,NG,No,1,0,Home Win,6,1,7,Home Win,3,3,Draw
30/11/2024,D1,Freiburg,M'gladbach,3,1,GG,Yes,1,0,Home Win,4,6,10,Away Win,1,1,Draw
30/11/2024,D1,RB Leipzig,Wolfsburg,1,5,GG,Yes,0,3,Away Win,7,3,10,Home Win,2,1,Home Win
30/11/2024,D1,Union Berlin,Leverkusen,1,2,GG,Yes,1,1,Draw,1,3,4,Away Win,4,2,Home Win
30/11/2024,D1,Werder Bremen,Stuttgart,2,2,GG,Yes,1,1,Draw,11,2,13,Home Win,1,1,Draw
30/11/2024,D1,Dortmund,Bayern Munich,1,1,GG,No,1,0,Home Win,2,3,5,Away Win,2,2,Draw
01/12/2024,D1,Mainz,Hoffenheim,2,0,NG,No,2,0,Home Win,8,3,11,Home Win,1,3,Away Win
01/12/2024,D1,Heidenheim,Ein Frankfurt,0,4,NG,Yes,0,1,Away Win,6,5,11,Home Win,0,2,Away Win
06/12/2024,D1,Stuttgart,Union Berlin,3,2,GG,Yes,0,1,Away Win,1,6,7,Away Win,1,6,Away Win
07/12/2024,D1,Bayern Munich,Heidenheim,4,2,GG,Yes,1,0,Home Win,8,0,8,Home Win,1,0,Home Win
07/12/2024,D1,Bochum,Werder Bremen,0,1,NG,No,0,0,Draw,9,5,14,Home Win,1,1,Draw
07/12/2024,D1,Ein Frankfurt,Augsburg,2,2,GG,Yes,0,0,Draw,4,0,4,Home Win,2,2,Draw
07/12/2024,D1,Holstein Kiel,RB Leipzig,0,2,NG,No,0,1,Away Win,6,1,7,Home Win,4,3,Home Win
07/12/2024,D1,Leverkusen,St Pauli,2,1,GG,Yes,2,0,Home Win,7,4,11,Home Win,1,3,Away Win
07/12/2024,D1,M'gladbach,Dortmund,1,1,GG,No,0,0,Draw,7,4,11,Home Win,3,2,Home Win
08/12/2024,D1,Wolfsburg,Mainz,4,3,GG,Yes,1,2,Away Win,3,5,8,Away Win,3,4,Away Win
08/12/2024,D1,Hoffenheim,Freiburg,1,1,GG,No,0,0,Draw,6,1,7,Home Win,1,1,Draw
13/12/2024,D1,Freiburg,Wolfsburg,3,2,GG,Yes,1,0,Home Win,5,6,11,Away Win,4,1,Home Win
14/12/2024,D1,Augsburg,Leverkusen,0,2,NG,No,0,2,Away Win,4,9,13,Away Win,3,0,Home Win
14/12/2024,D1,Mainz,Bayern Munich,2,1,GG,Yes,1,0,Home Win,3,2,5,Home Win,3,2,Home Win
14/12/2024,D1,M'gladbach,Holstein Kiel,4,1,GG,Yes,3,1,Home Win,5,2,7,Home Win,1,1,Draw
14/12/2024,D1,Union Berlin,Bochum,0,2,NG,No,,,Draw,,,0,Draw,,,Draw
14/12/2024,D1,St Pauli,Werder Bremen,0,2,NG,No,0,1,Away Win,4,5,9,Away Win,2,3,Away Win
15/12/2024,D1,Heidenheim,Stuttgart,1,3,GG,Yes,1,2,Away Win,9,6,15,Home Win,4,3,Home Win
15/12/2024,D1,Dortmund,Hoffenheim,1,1,GG,No,0,0,Draw,3,9,12,Away Win,5,2,Home Win
15/12/2024,D1,RB Leipzig,Ein Frankfurt,2,1,GG,Yes,1,1,Draw,6,7,13,Away Win,1,3,Away Win
20/12/2024,D1,Bayern Munich,RB Leipzig,5,1,GG,Yes,3,1,Home Win,8,1,9,Home Win,5,2,Home Win
21/12/2024,D1,Ein Frankfurt,Mainz,1,3,GG,Yes,0,2,Away Win,17,2,19,Home Win,1,1,Draw
21/12/2024,D1,Hoffenheim,M'gladbach,1,2,GG,Yes,0,1,Away Win,8,4,12,Home Win,0,0,Draw
21/12/2024,D1,Holstein Kiel,Augsburg,5,1,GG,Yes,4,1,Home Win,3,8,11,Away Win,0,4,Away Win
21/12/2024,D1,Stuttgart,St Pauli,0,1,NG,No,0,1,Away Win,9,1,10,Home Win,2,2,Draw
21/12/2024,D1,Werder Bremen,Union Berlin,4,1,GG,Yes,3,1,Home Win,4,9,13,Away Win,2,2,Draw
21/12/2024,D1,Leverkusen,Freiburg,5,1,GG,Yes,1,0,Home Win,4,2,6,Home Win,1,2,Away Win
22/12/2024,D1,Bochum,Heidenheim,2,0,NG,No,2,0,Home Win,5,2,7,Home Win,2,7,Away Win
22/12/2024,D1,Wolfsburg,Dortmund,1,3,GG,Yes,0,3,Away Win,10,4,14,Home Win,3,2,Home Win
10/01/2025,D1,Dortmund,Leverkusen,2,3,GG,Yes,1,3,Away Win,6,1,7,Home Win,1,2,Away Win
11/01/2025,D1,Freiburg,Holstein Kiel,3,2,GG,Yes,2,0,Home Win,7,1,8,Home Win,2,3,Away Win
11/01/2025,D1,Heidenheim,Union Berlin,2,0,NG,No,1,0,Home Win,5,4,9,Home Win,0,1,Away Win
11/01/2025,D1,Hoffenheim,Wolfsburg,0,1,NG,No,0,1,Away Win,4,8,12,Away Win,1,2,Away Win
11/01/2025,D1,Mainz,Bochum,2,0,NG,No,1,0,Home Win,5,6,11,Away Win,0,2,Away Win
11/01/2025,D1,St Pauli,Ein Frankfurt,0,1,NG,No,0,1,Away Win,3,3,6,Draw,0,3,Away Win
11/01/2025,D1,M'gladbach,Bayern Munich,0,1,NG,No,0,0,Draw,4,10,14,Away Win,3,1,Home Win
12/01/2025,D1,RB Leipzig,Werder Bremen,4,2,GG,Yes,2,1,Home Win,4,1,5,Home Win,1,1,Draw
12/01/2025,D1,Augsburg,Stuttgart,0,1,NG,No,0,0,Draw,3,9,12,Away Win,5,1,Home Win
14/01/2025,D1,Holstein Kiel,Dortmund,4,2,GG,Yes,3,0,Home Win,1,9,10,Away Win,2,2,Draw
14/01/2025,D1,Ein Frankfurt,Freiburg,4,1,GG,Yes,1,1,Draw,8,1,9,Home Win,1,1,Draw
14/01/2025,D1,Leverkusen,Mainz,1,0,NG,No,0,0,Draw,8,4,12,Home Win,2,3,Away Win
14/01/2025,D1,Wolfsburg,M'gladbach,5,1,GG,Yes,1,0,Home Win,4,7,11,Away Win,1,0,Home Win
15/01/2025,D1,Bochum,St Pauli,1,0,NG,No,0,0,Draw,6,7,13,Away Win,1,3,Away Win
15/01/2025,D1,Bayern Munich,Hoffenheim,5,0,NG,Yes,3,0,Home Win,13,1,14,Home Win,1,1,Draw
15/01/2025,D1,Stuttgart,RB Leipzig,2,1,GG,Yes,0,1,Away Win,5,0,5,Home Win,2,7,Away Win
15/01/2025,D1,Union Berlin,Augsburg,0,2,NG,No,0,2,Away Win,7,4,11,Home Win,1,2,Away Win
15/01/2025,D1,Werder Bremen,Heidenheim,3,3,GG,Yes,1,1,Draw,4,2,6,Home Win,5,3,Home Win
17/01/2025,D1,Ein Frankfurt,Dortmund,2,0,NG,No,1,0,Home Win,5,7,12,Away Win,0,2,Away Win
18/01/2025,D1,Bayern Munich,Wolfsburg,3,2,GG,Yes,2,1,Home Win,6,2,8,Home Win,2,3,Away Win
18/01/2025,D1,Bochum,RB Leipzig,3,3,GG,Yes,0,3,Away Win,6,3,9,Home Win,4,0,Home Win
18/01/2025,D1,Heidenheim,St Pauli,0,2,NG,No,0,1,Away Win,4,4,8,Draw,1,2,Away Win
18/01/2025,D1,Holstein Kiel,Hoffenheim,1,3,GG,Yes,0,2,Away Win,4,3,7,Home Win,2,1,Home Win
18/01/2025,D1,Stuttgart,Freiburg,4,0,NG,Yes,3,0,Home Win,4,1,5,Home Win,5,3,Home Win
18/01/2025,D1,Leverkusen,M'gladbach,3,1,GG,Yes,1,0,Home Win,7,6,13,Home Win,0,2,Away Win
19/01/2025,D1,Union Berlin,Mainz,2,1,GG,Yes,2,1,Home Win,2,2,4,Draw,2,2,Draw
19/01/2025,D1,Werder Bremen,Augsburg,0,2,NG,No,0,2,Away Win,6,2,8,Home Win,1,2,Away Win
24/01/2025,D1,Wolfsburg,Holstein Kiel,2,2,GG,Yes,0,1,Away Win,10,3,13,Home Win,2,4,Away Win
25/01/2025,D1,Augsburg,Heidenheim,2,1,GG,Yes,1,0,Home Win,6,4,10,Home Win,1,0,Home Win
25/01/2025,D1,Dortmund,Werder Bremen,2,2,GG,Yes,1,0,Home Win,5,5,10,Draw,1,4,Away Win
25/01/2025,D1,Freiburg,Bayern Munich,1,2,GG,Yes,0,1,Away Win,2,4,6,Away Win,4,2,Home Win
25/01/2025,D1,Mainz,Stuttgart,2,0,NG,No,1,0,Home Win,9,2,11,Home Win,4,3,Home Win
25/01/2025,D1,RB Leipzig,Leverkusen,2,2,GG,Yes,1,2,Away Win,7,3,10,Home Win,0,0,Draw
25/01/2025,D1,M'gladbach,Bochum,3,0,NG,Yes,1,0,Home Win,8,7,15,Home Win,1,3,Away Win
26/01/2025,D1,Hoffenheim,Ein Frankfurt,2,2,GG,Yes,0,1,Away Win,9,3,12,Home Win,3,0,Home Win
26/01/2025,D1,St Pauli,Union Berlin,3,0,NG,Yes,1,0,Home Win,5,7,12,Away Win,0,3,Away Win
31/01/2025,D1,Werder Bremen,Mainz,1,0,NG,No,1,0,Home Win,3,8,11,Away Win,8,4,Home Win
01/02/2025,D1,Bayern Munich,Holstein Kiel,4,3,GG,Yes,2,0,Home Win,12,1,13,Home Win,1,1,Draw
01/02/2025,D1,Bochum,Freiburg,0,1,NG,No,0,1,Away Win,9,7,16,Home Win,3,2,Home Win
01/02/2025,D1,Heidenheim,Dortmund,1,2,GG,Yes,0,1,Away Win,4,5,9,Away Win,0,0,Draw
01/02/2025,D1,St Pauli,Augsburg,1,1,GG,No,1,0,Home Win,3,1,4,Home Win,1,3,Away Win
01/02/2025,D1,Stuttgart,M'gladbach,1,2,GG,Yes,0,1,Away Win,2,0,2,Home Win,2,2,Draw
01/02/2025,D1,Union Berlin,RB Leipzig,0,0,NG,No,0,0,Draw,4,5,9,Away Win,3,2,Home Win
02/02/2025,D1,Ein Frankfurt,Wolfsburg,1,1,GG,No,0,0,Draw,9,1,10,Home Win,1,3,Away Win
02/02/2025,D1,Leverkusen,Hoffenheim,3,1,GG,Yes,2,0,Home Win,3,3,6,Draw,4,3,Home Win
07/02/2025,D1,Bayern Munich,Werder Bremen,3,0,NG,Yes,0,0,Draw,5,2,7,Home Win,1,3,Away Win
08/02/2025,D1,Dortmund,Stuttgart,1,2,GG,Yes,0,0,Draw,9,4,13,Home Win,5,2,Home Win
08/02/2025,D1,Freiburg,Heidenheim,1,0,NG,No,1,0,Home Win,6,3,9,Home Win,3,1,Home Win
08/02/2025,D1,Hoffenheim,Union Berlin,0,4,NG,Yes,0,1,Away Win,8,4,12,Home Win,2,1,Home Win
08/02/2025,D1,Mainz,Augsburg,0,0,NG,No,0,0,Draw,1,3,4,Away Win,3,3,Draw
08/02/2025,D1,Wolfsburg,Leverkusen,0,0,NG,No,0,0,Draw,3,9,12,Away Win,2,3,Away Win
08/02/2025,D1,M'gladbach,Ein Frankfurt,1,1,GG,No,1,1,Draw,6,1,7,Home Win,3,3,Draw
09/02/2025,D1,Holstein Kiel,Bochum,2,2,GG,Yes,1,2,Away Win,3,5,8,Away Win,2,2,Draw
09/02/2025,D1,RB Leipzig,St Pauli,2,0,NG,No,2,0,Home Win,5,4,9,Home Win,2,2,Draw
14/02/2025,D1,Augsburg,RB Leipzig,0,0,NG,No,0,0,Draw,8,9,17,Away Win,2,1,Home Win
15/02/2025,D1,Bochum,Dortmund,2,0,NG,No,2,0,Home Win,2,8,10,Away Win,1,0,Home Win
15/02/2025,D1,St Pauli,Freiburg,0,1,NG,No,0,0,Draw,2,6,8,Away Win,1,0,Home Win
15/02/2025,D1,Stuttgart,Wolfsburg,1,2,GG,Yes,0,0,Draw,7,5,12,Home Win,3,4,Away Win
15/02/2025,D1,Union Berlin,M'gladbach,1,2,GG,Yes,0,2,Away Win,4,5,9,Away Win,0,1,Away Win
15/02/2025,D1,Leverkusen,Bayern Munich,0,0,NG,No,0,0,Draw,6,0,6,Home Win,2,3,Away Win
16/02/2025,D1,Werder Bremen,Hoffenheim,1,3,GG,Yes,1,2,Away Win,6,4,10,Home Win,2,3,Away Win
16/02/2025,D1,Ein Frankfurt,Holstein Kiel,3,1,GG,Yes,2,0,Home Win,4,6,10,Away Win,2,0,Home Win
16/02/2025,D1,Heidenheim,Mainz,0,2,NG,No,0,1,Away Win,8,4,12,Home Win,1,3,Away Win
21/02/2025,D1,Freiburg,Werder Bremen,5,0,NG,Yes,2,0,Home Win,3,7,10,Away Win,3,0,Home Win
22/02/2025,D1,Holstein Kiel,Leverkusen,0,2,NG,No,0,2,Away Win,5,11,16,Away Win,4,1,Home Win
22/02/2025,D1,Mainz,St Pauli,2,0,NG,No,0,0,Draw,6,5,11,Home Win,3,3,Draw
22/02/2025,D1,M'gladbach,Augsburg,0,3,NG,Yes,0,0,Draw,2,4,6,Away Win,3,2,Home Win
22/02/2025,D1,Wolfsburg,Bochum,1,1,GG,No,0,0,Draw,3,5,8,Away Win,2,3,Away Win
22/02/2025,D1,Dortmund,Union Berlin,6,0,NG,Yes,2,0,Home Win,5,3,8,Home Win,2,2,Draw
23/02/2025,D1,RB Leipzig,Heidenheim,2,2,GG,Yes,1,2,Away Win,7,4,11,Home Win,3,3,Draw
23/02/2025,D1,Bayern Munich,Ein Frankfurt,4,0,NG,Yes,1,0,Home Win,4,1,5,Home Win,1,1,Draw
23/02/2025,D1,Hoffenheim,Stuttgart,1,1,GG,No,0,1,Away Win,4,8,12,Away Win,0,0,Draw
28/02/2025,D1,Stuttgart,Bayern Munich,1,3,GG,Yes,1,1,Draw,4,6,10,Away Win,5,3,Home Win
01/03/2025,D1,Bochum,Hoffenheim,0,1,NG,No,0,0,Draw,8,5,13,Home Win,0,1,Away Win
01/03/2025,D1,Heidenheim,M'gladbach,0,3,NG,Yes,0,2,Away Win,6,2,8,Home Win,2,3,Away Win
01/03/2025,D1,RB Leipzig,Mainz,1,2,GG,Yes,1,0,Home Win,7,1,8,Home Win,1,1,Draw
01/03/2025,D1,St Pauli,Dortmund,0,2,NG,No,0,0,Draw,7,1,8,Home Win,1,2,Away Win
01/03/2025,D1,Werder Bremen,Wolfsburg,1,2,GG,Yes,0,1,Away Win,8,2,10,Home Win,2,0,Home Win
01/03/2025,D1,Ein Frankfurt,Leverkusen,1,4,GG,Yes,1,3,Away Win,2,6,8,Away Win,1,1,Draw
02/03/2025,D1,Union Berlin,Holstein Kiel,0,1,NG,No,0,1,Away Win,11,3,14,Home Win,4,0,Home Win
02/03/2025,D1,Augsburg,Freiburg,0,0,NG,No,0,0,Draw,5,2,7,Home Win,1,1,Draw
07/03/2025,D1,M'gladbach,Mainz,1,3,GG,Yes,0,1,Away Win,4,3,7,Home Win,0,1,Away Win
08/03/2025,D1,Bayern Munich,Bochum,2,3,GG,Yes,2,1,Home Win,9,3,12,Home Win,0,6,Away Win
08/03/2025,D1,Dortmund,Augsburg,0,1,NG,No,0,1,Away Win,12,3,15,Home Win,1,4,Away Win
08/03/2025,D1,Holstein Kiel,Stuttgart,2,2,GG,Yes,1,1,Draw,3,1,4,Home Win,1,2,Away Win
08/03/2025,D1,Leverkusen,Werder Bremen,0,2,NG,No,0,1,Away Win,10,3,13,Home Win,4,4,Draw
08/03/2025,D1,Wolfsburg,St Pauli,1,1,GG,No,0,1,Away Win,6,6,12,Draw,1,0,Home Win
08/03/2025,D1,Freiburg,RB Leipzig,0,0,NG,No,0,0,Draw,2,6,8,Away Win,0,3,Away Win
09/03/2025,D1,Ein Frankfurt,Union Berlin,1,2,GG,Yes,1,0,Home Win,1,5,6,Away Win,3,0,Home Win
09/03/2025,D1,Hoffenheim,Heidenheim,1,1,GG,No,1,0,Home Win,6,4,10,Home Win,2,3,Away Win
14/03/2025,D1,St Pauli,Hoffenheim,1,0,NG,No,0,0,Draw,11,2,13,Home Win,0,1,Away Win
15/03/2025,D1,Augsburg,Wolfsburg,1,0,NG,No,0,0,Draw,1,4,5,Away Win,1,2,Away Win
15/03/2025,D1,Mainz,Freiburg,2,2,GG,Yes,1,0,Home Win,1,4,5,Away Win,1,2,Away Win
15/03/2025,D1,Union Berlin,Bayern Munich,1,1,GG,No,0,0,Draw,2,14,16,Away Win,1,2,Away Win
15/03/2025,D1,Werder Bremen,M'gladbach,2,4,GG,Yes,2,2,Draw,4,1,5,Home Win,1,2,Away Win
15/03/2025,D1,RB Leipzig,Dortmund,2,0,NG,No,1,0,Home Win,3,12,15,Away Win,3,3,Draw
16/03/2025,D1,Bochum,Ein Frankfurt,1,3,GG,Yes,0,2,Away Win,8,3,11,Home Win,4,1,Home Win
16/03/2025,D1,Heidenheim,Holstein Kiel,3,1,GG,Yes,1,0,Home Win,3,5,8,Away Win,1,3,Away Win
16/03/2025,D1,Stuttgart,Leverkusen,3,4,GG,Yes,1,0,Home Win,1,10,11,Away Win,3,2,Home Win
28/03/2025,D1,Leverkusen,Bochum,3,1,GG,Yes,1,1,Draw,3,2,5,Home Win,0,1,Away Win
29/03/2025,D1,Bayern Munich,St Pauli,3,2,GG,Yes,1,1,Draw,5,4,9,Home Win,3,0,Home Win
29/03/2025,D1,Hoffenheim,Augsburg,1,1,GG,No,0,0,Draw,2,2,4,Draw,1,2,Away Win
29/03/2025,D1,Holstein Kiel,Werder Bremen,0,3,NG,Yes,0,1,Away Win,3,4,7,Away Win,4,1,Home Win
29/03/2025,D1,M'gladbach,RB Leipzig,1,0,NG,No,0,0,Draw,5,8,13,Away Win,2,2,Draw
29/03/2025,D1,Wolfsburg,Heidenheim,0,1,NG,No,0,1,Away Win,4,5,9,Away Win,2,4,Away Win
29/03/2025,D1,Ein Frankfurt,Stuttgart,1,0,NG,No,0,0,Draw,6,10,16,Away Win,1,3,Away Win
30/03/2025,D1,Freiburg,Union Berlin,1,2,GG,Yes,1,1,Draw,3,3,6,Draw,3,4,Away Win
30/03/2025,D1,Dortmund,Mainz,3,1,GG,Yes,2,0,Home Win,6,4,10,Home Win,2,0,Home Win
04/04/2025,D1,Augsburg,Bayern Munich,1,3,GG,Yes,1,1,Draw,2,4,6,Away Win,4,0,Home Win
05/04/2025,D1,Bochum,Stuttgart,0,4,NG,Yes,0,2,Away Win,2,4,6,Away Win,1,1,Draw
05/04/2025,D1,Freiburg,Dortmund,1,4,GG,Yes,0,1,Away Win,3,4,7,Away Win,1,0,Home Win
05/04/2025,D1,Heidenheim,Leverkusen,0,1,NG,No,0,0,Draw,4,0,4,Home Win,1,0,Home Win
05/04/2025,D1,Mainz,Holstein Kiel,1,1,GG,No,0,1,Away Win,4,4,8,Draw,4,4,Draw
05/04/2025,D1,RB Leipzig,Hoffenheim,3,1,GG,Yes,2,1,Home Win,8,2,10,Home Win,0,3,Away Win
05/04/2025,D1,Werder Bremen,Ein Frankfurt,2,0,NG,No,1,0,Home Win,5,6,11,Away Win,3,3,Draw
06/04/2025,D1,St Pauli,M'gladbach,1,1,GG,No,0,1,Away Win,11,2,13,Home Win,0,2,Away Win
06/04/2025,D1,Union Berlin,Wolfsburg,1,0,NG,No,0,0,Draw,6,4,10,Home Win,0,1,Away Win
11/04/2025,D1,Wolfsburg,RB Leipzig,2,3,GG,Yes,0,2,Away Win,8,5,13,Home Win,2,3,Away Win
12/04/2025,D1,Bochum,Augsburg,1,2,GG,Yes,0,1,Away Win,7,6,13,Home Win,2,1,Home Win
12/04/2025,D1,Hoffenheim,Mainz,2,0,NG,No,2,0,Home Win,4,7,11,Away Win,4,2,Home Win
12/04/2025,D1,Holstein Kiel,St Pauli,1,2,GG,Yes,1,1,Draw,3,3,6,Draw,3,4,Away Win
12/04/2025,D1,Leverkusen,Union Berlin,0,0,NG,No,0,0,Draw,7,3,10,Home Win,2,1,Home Win
12/04/2025,D1,M'gladbach,Freiburg,1,2,GG,Yes,1,1,Draw,4,6,10,Away Win,0,1,Away Win
12/04/2025,D1,Bayern Munich,Dortmund,2,2,GG,Yes,0,0,Draw,6,5,11,Home Win,0,0,Draw
13/04/2025,D1,Stuttgart,Werder Bremen,1,2,GG,Yes,1,1,Draw,3,4,7,Away Win,3,2,Home Win
13/04/2025,D1,Ein Frankfurt,Heidenheim,3,0,NG,Yes,2,0,Home Win,5,3,8,Home Win,1,1,Draw
19/04/2025,D1,Freiburg,Hoffenheim,3,2,GG,Yes,2,2,Draw,2,6,8,Away Win,3,2,Home Win
19/04/2025,D1,Heidenheim,Bayern Munich,0,4,NG,Yes,0,3,Away Win,4,4,8,Draw,3,1,Home Win
19/04/2025,D1,Mainz,Wolfsburg,2,2,GG,Yes,2,1,Home Win,7,5,12,Home Win,2,3,Away Win
19/04/2025,D1,RB Leipzig,Holstein Kiel,1,1,GG,No,0,1,Away Win,9,7,16,Home Win,1,2,Away Win
19/04/2025,D1,Werder Bremen,Bochum,1,0,NG,No,0,0,Draw,2,7,9,Away Win,3,3,Draw
19/04/2025,D1,Union Berlin,Stuttgart,4,4,GG,Yes,4,4,Draw,3,5,8,Away Win,0,2,Away Win
20/04/2025,D1,Augsburg,Ein Frankfurt,0,0,NG,No,0,0,Draw,3,9,12,Away Win,2,1,Home Win
20/04/2025,D1,Dortmund,M'gladbach,3,2,GG,Yes,3,1,Home Win,6,2,8,Home Win,1,2,Away Win
20/04/2025,D1,St Pauli,Leverkusen,1,1,GG,No,0,1,Away Win,4,4,8,Draw,1,4,Away Win
25/04/2025,D1,Stuttgart,Heidenheim,0,1,NG,No,0,0,Draw,6,5,11,Home Win,0,4,Away Win
26/04/2025,D1,Bayern Munich,Mainz,3,0,NG,Yes,2,0,Home Win,4,4,8,Draw,2,2,Draw
26/04/2025,D1,Hoffenheim,Dortmund,2,3,GG,Yes,0,1,Away Win,2,5,7,Away Win,5,1,Home Win
26/04/2025,D1,Holstein Kiel,M'gladbach,4,3,GG,Yes,2,0,Home Win,7,8,15,Away Win,2,1,Home Win
26/04/2025,D1,Leverkusen,Augsburg,2,0,NG,No,2,0,Home Win,3,7,10,Away Win,0,1,Away Win
26/04/2025,D1,Wolfsburg,Freiburg,0,1,NG,No,0,0,Draw,3,2,5,Home Win,3,1,Home Win
26/04/2025,D1,Ein Frankfurt,RB Leipzig,4,0,NG,Yes,1,0,Home Win,8,4,12,Home Win,1,2,Away Win
27/04/2025,D1,Bochum,Union Berlin,1,1,GG,No,0,1,Away Win,10,4,14,Home Win,3,2,Home Win
27/04/2025,D1,Werder Bremen,St Pauli,0,0,NG,No,0,0,Draw,1,3,4,Away Win,2,3,Away Win
02/05/2025,D1,Heidenheim,Bochum,0,0,NG,No,0,0,Draw,6,4,10,Home Win,0,1,Away Win
03/05/2025,D1,M'gladbach,Hoffenheim,4,4,GG,Yes,2,1,Home Win,4,7,11,Away Win,0,0,Draw
03/05/2025,D1,RB Leipzig,Bayern Munich,3,3,GG,Yes,2,0,Home Win,2,7,9,Away Win,3,1,Home Win
03/05/2025,D1,St Pauli,Stuttgart,0,1,NG,No,0,0,Draw,4,4,8,Draw,6,3,Home Win
03/05/2025,D1,Union Berlin,Werder Bremen,2,2,GG,Yes,1,2,Away Win,5,5,10,Draw,2,3,Away Win
03/05/2025,D1,Dortmund,Wolfsburg,4,0,NG,Yes,1,0,Home Win,4,3,7,Home Win,0,1,Away Win
04/05/2025,D1,Augsburg,Holstein Kiel,1,3,GG,Yes,0,2,Away Win,12,0,12,Home Win,0,2,Away Win
04/05/2025,D1,Freiburg,Leverkusen,2,2,GG,Yes,1,0,Home Win,4,1,5,Home Win,1,2,Away Win
04/05/2025,D1,Mainz,Ein Frankfurt,1,1,GG,No,0,1,Away Win,8,1,9,Home Win,1,0,Home Win
09/05/2025,D1,Wolfsburg,Hoffenheim,2,2,GG,Yes,1,1,Draw,5,6,11,Away Win,0,2,Away Win
10/05/2025,D1,Bochum,Mainz,1,4,GG,Yes,0,1,Away Win,6,6,12,Draw,3,0,Home Win
10/05/2025,D1,Holstein Kiel,Freiburg,1,2,GG,Yes,1,1,Draw,2,5,7,Away Win,1,0,Home Win
10/05/2025,D1,Union Berlin,Heidenheim,0,3,NG,Yes,0,1,Away Win,1,2,3,Away Win,2,0,Home Win
10/05/2025,D1,Werder Bremen,RB Leipzig,0,0,NG,No,0,0,Draw,11,4,15,Home Win,1,3,Away Win
10/05/2025,D1,Bayern Munich,M'gladbach,2,0,NG,No,1,0,Home Win,4,9,13,Away Win,1,1,Draw
11/05/2025,D1,Leverkusen,Dortmund,2,4,GG,Yes,1,2,Away Win,12,0,12,Home Win,0,2,Away Win
11/05/2025,D1,Ein Frankfurt,St Pauli,2,2,GG,Yes,1,2,Away Win,3,1,4,Home Win,2,2,Draw
11/05/2025,D1,Stuttgart,Augsburg,4,0,NG,Yes,1,0,Home Win,11,2,13,Home Win,1,1,Draw
17/05/2025,D1,Augsburg,Union Berlin,1,2,GG,Yes,1,0,Home Win,4,0,4,Home Win,0,0,Draw
17/05/2025,D1,Dortmund,Holstein Kiel,3,0,NG,Yes,1,0,Home Win,7,1,8,Home Win,3,1,Home Win
17/05/2025,D1,Freiburg,Ein Frankfurt,1,3,GG,Yes,1,1,Draw,4,7,11,Away Win,2,4,Away Win
17/05/2025,D1,Heidenheim,Werder Bremen,1,4,GG,Yes,0,2,Away Win,6,4,10,Home Win,2,2,Draw
17/05/2025,D1,Hoffenheim,Bayern Munich,0,4,NG,Yes,0,1,Away Win,1,4,5,Away Win,0,0,Draw
17/05/2025,D1,Mainz,Leverkusen,2,2,GG,Yes,1,0,Home Win,7,3,10,Home Win,2,6,Away Win
17/05/2025,D1,M'gladbach,Wolfsburg,0,1,NG,No,0,0,Draw,7,10,17,Away Win,0,0,Draw
17/05/2025,D1,RB Leipzig,Stuttgart,2,3,GG,Yes,2,1,Home Win,5,8,13,Away Win,1,0,Home Win
17/05/2025,D1,St Pauli,Bochum,0,2,NG,No,0,1,Away Win,7,4,11,Home Win,0,0,Draw
