match_date,league,home_team,away_team,home_score,away_score,both_teams_score,over_2_5,first_half_home,first_half_away,first_half_result,home_corners,away_corners,Total_corners,Corners_result,home_yellow_cards,away_yellow_cards,Card_result
21/08/2021,I1,Inter,Genoa,4,0,NG,Yes,2,0,Home Win,8,2,10,Home Win,1,2,Away Win
21/08/2021,I1,Verona,Sassuolo,2,3,GG,Yes,0,1,Away Win,7,4,11,Home Win,3,2,Home Win
21/08/2021,I1,Empoli,Lazio,1,3,GG,Yes,1,3,Away Win,5,3,8,Home Win,2,1,Home Win
21/08/2021,I1,Torino,Atalanta,1,2,GG,Yes,0,1,Away Win,5,1,6,Home Win,2,2,Draw
22/08/2021,I1,Bologna,Salernitana,3,2,GG,Yes,0,0,Draw,9,4,13,Home Win,6,3,Home Win
22/08/2021,I1,Udinese,Juventus,2,2,GG,Yes,0,2,Away Win,3,3,6,Draw,1,3,Away Win
22/08/2021,I1,Napoli,Venezia,2,0,NG,No,0,0,Draw,2,2,4,Draw,1,7,Away Win
22/08/2021,I1,Roma,Fiorentina,3,1,GG,Yes,1,0,Home Win,4,4,8,Draw,3,2,Home Win
23/08/2021,I1,Cagliari,Spezia,2,2,GG,Yes,0,1,Away Win,11,4,15,Home Win,2,3,Away Win
23/08/2021,I1,Sampdoria,Milan,0,1,NG,No,0,1,Away Win,8,3,11,Home Win,3,1,Home Win
27/08/2021,I1,Udinese,Venezia,3,0,NG,Yes,1,0,Home Win,7,2,9,Home Win,2,3,Away Win
27/08/2021,I1,Verona,Inter,1,3,GG,Yes,1,0,Home Win,6,4,10,Home Win,2,2,Draw
28/08/2021,I1,Atalanta,Bologna,0,0,NG,No,0,0,Draw,5,5,10,Draw,2,5,Away Win
28/08/2021,I1,Lazio,Spezia,6,1,GG,Yes,3,1,Home Win,4,2,6,Home Win,0,2,Away Win
28/08/2021,I1,Fiorentina,Torino,2,1,GG,Yes,1,0,Home Win,3,3,6,Draw,4,5,Away Win
28/08/2021,I1,Juventus,Empoli,0,1,NG,No,0,1,Away Win,8,9,17,Away Win,2,3,Away Win
29/08/2021,I1,Genoa,Napoli,1,2,GG,Yes,0,1,Away Win,4,5,9,Away Win,2,3,Away Win
29/08/2021,I1,Sassuolo,Sampdoria,0,0,NG,No,0,0,Draw,8,6,14,Home Win,2,2,Draw
29/08/2021,I1,Milan,Cagliari,4,1,GG,Yes,4,1,Home Win,8,3,11,Home Win,1,5,Away Win
29/08/2021,I1,Salernitana,Roma,0,4,NG,Yes,0,0,Draw,1,10,11,Away Win,2,2,Draw
11/09/2021,I1,Empoli,Venezia,1,2,GG,Yes,0,1,Away Win,8,2,10,Home Win,2,5,Away Win
11/09/2021,I1,Napoli,Juventus,2,1,GG,Yes,0,1,Away Win,13,1,14,Home Win,2,1,Home Win
11/09/2021,I1,Atalanta,Fiorentina,1,2,GG,Yes,0,1,Away Win,10,3,13,Home Win,5,4,Home Win
12/09/2021,I1,Sampdoria,Inter,2,2,GG,Yes,1,2,Away Win,4,4,8,Draw,4,4,Draw
12/09/2021,I1,Cagliari,Genoa,2,3,GG,Yes,1,0,Home Win,2,6,8,Away Win,2,3,Away Win
12/09/2021,I1,Spezia,Udinese,0,1,NG,No,0,0,Draw,4,5,9,Away Win,1,2,Away Win
12/09/2021,I1,Torino,Salernitana,4,0,NG,Yes,1,0,Home Win,7,4,11,Home Win,0,2,Away Win
12/09/2021,I1,Milan,Lazio,2,0,NG,No,1,0,Home Win,5,1,6,Home Win,1,4,Away Win
12/09/2021,I1,Roma,Sassuolo,2,1,GG,Yes,1,0,Home Win,4,6,10,Away Win,2,1,Home Win
13/09/2021,I1,Bologna,Verona,1,0,NG,No,0,0,Draw,6,2,8,Home Win,1,3,Away Win
17/09/2021,I1,Sassuolo,Torino,0,1,NG,No,0,0,Draw,6,3,9,Home Win,0,4,Away Win
18/09/2021,I1,Genoa,Fiorentina,1,2,GG,Yes,0,0,Draw,1,11,12,Away Win,4,4,Draw
18/09/2021,I1,Inter,Bologna,6,1,GG,Yes,3,0,Home Win,5,1,6,Home Win,0,3,Away Win
18/09/2021,I1,Salernitana,Atalanta,0,1,NG,No,0,0,Draw,6,4,10,Home Win,4,4,Draw
19/09/2021,I1,Empoli,Sampdoria,0,3,NG,Yes,0,1,Away Win,8,8,16,Draw,2,2,Draw
19/09/2021,I1,Venezia,Spezia,1,2,GG,Yes,0,1,Away Win,3,10,13,Away Win,4,1,Home Win
19/09/2021,I1,Lazio,Cagliari,2,2,GG,Yes,1,0,Home Win,10,1,11,Home Win,1,3,Away Win
19/09/2021,I1,Verona,Roma,3,2,GG,Yes,0,1,Away Win,3,8,11,Away Win,4,2,Home Win
19/09/2021,I1,Juventus,Milan,1,1,GG,No,1,0,Home Win,4,4,8,Draw,1,1,Draw
20/09/2021,I1,Udinese,Napoli,0,4,NG,Yes,0,2,Away Win,2,5,7,Away Win,2,1,Home Win
21/09/2021,I1,Bologna,Genoa,2,2,GG,Yes,0,0,Draw,7,2,9,Home Win,3,4,Away Win
21/09/2021,I1,Atalanta,Sassuolo,2,1,GG,Yes,2,1,Home Win,5,5,10,Draw,2,2,Draw
21/09/2021,I1,Fiorentina,Inter,1,3,GG,Yes,1,0,Home Win,4,8,12,Away Win,2,3,Away Win
22/09/2021,I1,Salernitana,Verona,2,2,GG,Yes,1,2,Away Win,4,5,9,Away Win,2,3,Away Win
22/09/2021,I1,Spezia,Juventus,2,3,GG,Yes,1,1,Draw,5,15,20,Away Win,2,1,Home Win
22/09/2021,I1,Cagliari,Empoli,0,2,NG,No,0,1,Away Win,7,4,11,Home Win,2,1,Home Win
22/09/2021,I1,Milan,Venezia,2,0,NG,No,0,0,Draw,4,4,8,Draw,0,2,Away Win
23/09/2021,I1,Sampdoria,Napoli,0,4,NG,Yes,0,2,Away Win,5,5,10,Draw,2,1,Home Win
23/09/2021,I1,Torino,Lazio,1,1,GG,No,0,0,Draw,6,5,11,Home Win,3,3,Draw
23/09/2021,I1,Roma,Udinese,1,0,NG,No,1,0,Home Win,6,6,12,Draw,4,1,Home Win
25/09/2021,I1,Spezia,Milan,1,2,GG,Yes,0,0,Draw,2,4,6,Away Win,2,2,Draw
25/09/2021,I1,Inter,Atalanta,2,2,GG,Yes,1,2,Away Win,4,11,15,Away Win,3,5,Away Win
25/09/2021,I1,Genoa,Verona,3,3,GG,Yes,0,1,Away Win,3,2,5,Home Win,3,2,Home Win
26/09/2021,I1,Juventus,Sampdoria,3,2,GG,Yes,2,1,Home Win,4,2,6,Home Win,4,3,Home Win
26/09/2021,I1,Empoli,Bologna,4,2,GG,Yes,2,1,Home Win,2,10,12,Away Win,2,2,Draw
26/09/2021,I1,Sassuolo,Salernitana,1,0,NG,No,0,0,Draw,4,8,12,Away Win,3,3,Draw
26/09/2021,I1,Udinese,Fiorentina,0,1,NG,No,0,1,Away Win,4,1,5,Home Win,2,3,Away Win
26/09/2021,I1,Lazio,Roma,3,2,GG,Yes,2,1,Home Win,1,9,10,Away Win,2,4,Away Win
26/09/2021,I1,Napoli,Cagliari,2,0,NG,No,1,0,Home Win,6,4,10,Home Win,2,1,Home Win
27/09/2021,I1,Venezia,Torino,1,1,GG,No,0,0,Draw,4,1,5,Home Win,1,4,Away Win
01/10/2021,I1,Cagliari,Venezia,1,1,GG,No,1,0,Home Win,2,4,6,Away Win,2,5,Away Win
02/10/2021,I1,Salernitana,Genoa,1,0,NG,No,0,0,Draw,10,8,18,Home Win,2,2,Draw
02/10/2021,I1,Torino,Juventus,0,1,NG,No,0,0,Draw,4,6,10,Away Win,3,1,Home Win
02/10/2021,I1,Sassuolo,Inter,1,2,GG,Yes,1,0,Home Win,6,8,14,Away Win,4,2,Home Win
03/10/2021,I1,Bologna,Lazio,3,0,NG,Yes,2,0,Home Win,3,3,6,Draw,2,5,Away Win
03/10/2021,I1,Sampdoria,Udinese,3,3,GG,Yes,1,2,Away Win,6,8,14,Away Win,4,5,Away Win
03/10/2021,I1,Verona,Spezia,4,0,NG,Yes,3,0,Home Win,1,5,6,Away Win,1,1,Draw
03/10/2021,I1,Fiorentina,Napoli,1,2,GG,Yes,1,1,Draw,8,2,10,Home Win,3,3,Draw
03/10/2021,I1,Roma,Empoli,2,0,NG,No,1,0,Home Win,5,5,10,Draw,2,3,Away Win
03/10/2021,I1,Atalanta,Milan,2,3,GG,Yes,0,2,Away Win,9,5,14,Home Win,1,4,Away Win
16/10/2021,I1,Spezia,Salernitana,2,1,GG,Yes,0,1,Away Win,10,2,12,Home Win,2,3,Away Win
16/10/2021,I1,Lazio,Inter,3,1,GG,Yes,0,1,Away Win,7,3,10,Home Win,3,6,Away Win
16/10/2021,I1,Milan,Verona,3,2,GG,Yes,0,2,Away Win,5,4,9,Home Win,1,4,Away Win
17/10/2021,I1,Cagliari,Sampdoria,3,1,GG,Yes,1,0,Home Win,5,9,14,Away Win,4,2,Home Win
17/10/2021,I1,Empoli,Atalanta,1,4,GG,Yes,1,2,Away Win,5,4,9,Home Win,3,2,Home Win
17/10/2021,I1,Genoa,Sassuolo,2,2,GG,Yes,1,2,Away Win,6,1,7,Home Win,2,4,Away Win
17/10/2021,I1,Udinese,Bologna,1,1,GG,No,0,0,Draw,2,8,10,Away Win,3,7,Away Win
17/10/2021,I1,Napoli,Torino,1,0,NG,No,0,0,Draw,3,4,7,Away Win,2,4,Away Win
17/10/2021,I1,Juventus,Roma,1,0,NG,No,1,0,Home Win,0,6,6,Away Win,3,5,Away Win
18/10/2021,I1,Venezia,Fiorentina,1,0,NG,No,1,0,Home Win,2,5,7,Away Win,2,5,Away Win
22/10/2021,I1,Torino,Genoa,3,2,GG,Yes,2,0,Home Win,2,4,6,Away Win,2,3,Away Win
22/10/2021,I1,Sampdoria,Spezia,2,1,GG,Yes,2,0,Home Win,0,8,8,Away Win,3,1,Home Win
23/10/2021,I1,Salernitana,Empoli,2,4,GG,Yes,0,4,Away Win,7,1,8,Home Win,1,3,Away Win
23/10/2021,I1,Sassuolo,Venezia,3,1,GG,Yes,1,1,Draw,5,4,9,Home Win,1,2,Away Win
23/10/2021,I1,Bologna,Milan,2,4,GG,Yes,0,2,Away Win,4,1,5,Home Win,1,3,Away Win
24/10/2021,I1,Atalanta,Udinese,1,1,GG,No,0,0,Draw,6,3,9,Home Win,2,2,Draw
24/10/2021,I1,Fiorentina,Cagliari,3,0,NG,Yes,2,0,Home Win,4,1,5,Home Win,0,2,Away Win
24/10/2021,I1,Verona,Lazio,4,1,GG,Yes,2,0,Home Win,3,4,7,Away Win,2,2,Draw
24/10/2021,I1,Roma,Napoli,0,0,NG,No,0,0,Draw,7,4,11,Home Win,4,1,Home Win
24/10/2021,I1,Inter,Juventus,1,1,GG,No,1,0,Home Win,5,2,7,Home Win,2,2,Draw
26/10/2021,I1,Spezia,Genoa,1,1,GG,No,0,0,Draw,3,3,6,Draw,2,4,Away Win
26/10/2021,I1,Venezia,Salernitana,1,2,GG,Yes,1,0,Home Win,4,5,9,Away Win,3,3,Draw
26/10/2021,I1,Milan,Torino,1,0,NG,No,1,0,Home Win,2,5,7,Away Win,3,3,Draw
27/10/2021,I1,Juventus,Sassuolo,1,2,GG,Yes,0,1,Away Win,4,4,8,Draw,1,5,Away Win
27/10/2021,I1,Sampdoria,Atalanta,1,3,GG,Yes,1,2,Away Win,3,3,6,Draw,4,3,Home Win
27/10/2021,I1,Udinese,Verona,1,1,GG,No,1,0,Home Win,7,4,11,Home Win,1,2,Away Win
27/10/2021,I1,Cagliari,Roma,1,2,GG,Yes,0,0,Draw,2,10,12,Away Win,3,4,Away Win
27/10/2021,I1,Empoli,Inter,0,2,NG,No,0,1,Away Win,5,6,11,Away Win,1,3,Away Win
27/10/2021,I1,Lazio,Fiorentina,1,0,NG,No,0,0,Draw,3,6,9,Away Win,3,3,Draw
28/10/2021,I1,Napoli,Bologna,3,0,NG,Yes,2,0,Home Win,4,2,6,Home Win,1,1,Draw
30/10/2021,I1,Atalanta,Lazio,2,2,GG,Yes,1,1,Draw,6,2,8,Home Win,1,3,Away Win
30/10/2021,I1,Verona,Juventus,2,1,GG,Yes,2,0,Home Win,4,1,5,Home Win,4,3,Home Win
30/10/2021,I1,Torino,Sampdoria,3,0,NG,Yes,1,0,Home Win,4,5,9,Away Win,2,4,Away Win
31/10/2021,I1,Inter,Udinese,2,0,NG,No,0,0,Draw,6,4,10,Home Win,0,2,Away Win
31/10/2021,I1,Fiorentina,Spezia,3,0,NG,Yes,1,0,Home Win,7,4,11,Home Win,4,3,Home Win
31/10/2021,I1,Genoa,Venezia,0,0,NG,No,0,0,Draw,12,4,16,Home Win,1,3,Away Win
31/10/2021,I1,Sassuolo,Empoli,1,2,GG,Yes,1,0,Home Win,4,6,10,Away Win,4,2,Home Win
31/10/2021,I1,Salernitana,Napoli,0,1,NG,No,0,0,Draw,4,4,8,Draw,0,2,Away Win
31/10/2021,I1,Roma,Milan,1,2,GG,Yes,0,1,Away Win,6,2,8,Home Win,4,7,Away Win
01/11/2021,I1,Bologna,Cagliari,2,0,NG,No,0,0,Draw,5,2,7,Home Win,3,2,Home Win
05/11/2021,I1,Empoli,Genoa,2,2,GG,Yes,0,1,Away Win,4,5,9,Away Win,0,4,Away Win
06/11/2021,I1,Spezia,Torino,1,0,NG,No,0,0,Draw,2,3,5,Away Win,3,3,Draw
06/11/2021,I1,Juventus,Fiorentina,1,0,NG,No,0,0,Draw,5,5,10,Draw,2,4,Away Win
06/11/2021,I1,Cagliari,Atalanta,1,2,GG,Yes,1,2,Away Win,2,7,9,Away Win,1,1,Draw
07/11/2021,I1,Venezia,Roma,3,2,GG,Yes,1,2,Away Win,4,11,15,Away Win,2,2,Draw
07/11/2021,I1,Sampdoria,Bologna,1,2,GG,Yes,0,0,Draw,6,5,11,Home Win,4,1,Home Win
07/11/2021,I1,Udinese,Sassuolo,3,2,GG,Yes,2,2,Draw,1,5,6,Away Win,3,3,Draw
07/11/2021,I1,Lazio,Salernitana,3,0,NG,Yes,2,0,Home Win,5,1,6,Home Win,1,2,Away Win
07/11/2021,I1,Napoli,Verona,1,1,GG,No,1,1,Draw,3,2,5,Home Win,2,7,Away Win
07/11/2021,I1,Milan,Inter,1,1,GG,No,1,1,Draw,4,8,12,Away Win,1,0,Home Win
20/11/2021,I1,Atalanta,Spezia,5,2,GG,Yes,3,1,Home Win,0,6,6,Away Win,2,3,Away Win
20/11/2021,I1,Lazio,Juventus,0,2,NG,No,0,1,Away Win,3,2,5,Home Win,3,1,Home Win
20/11/2021,I1,Fiorentina,Milan,4,3,GG,Yes,2,0,Home Win,5,6,11,Away Win,1,1,Draw
21/11/2021,I1,Sassuolo,Cagliari,2,2,GG,Yes,1,1,Draw,6,5,11,Home Win,1,2,Away Win
21/11/2021,I1,Bologna,Venezia,0,1,NG,No,0,0,Draw,17,0,17,Home Win,0,3,Away Win
21/11/2021,I1,Salernitana,Sampdoria,0,2,NG,No,0,2,Away Win,13,3,16,Home Win,0,3,Away Win
21/11/2021,I1,Inter,Napoli,3,2,GG,Yes,2,1,Home Win,4,1,5,Home Win,4,3,Home Win
21/11/2021,I1,Genoa,Roma,0,2,NG,No,0,0,Draw,1,2,3,Away Win,3,2,Home Win
22/11/2021,I1,Verona,Empoli,2,1,GG,Yes,0,0,Draw,1,3,4,Away Win,1,3,Away Win
22/11/2021,I1,Torino,Udinese,2,1,GG,Yes,1,0,Home Win,4,7,11,Away Win,1,3,Away Win
26/11/2021,I1,Cagliari,Salernitana,1,1,GG,No,0,0,Draw,7,6,13,Home Win,3,1,Home Win
27/11/2021,I1,Empoli,Fiorentina,2,1,GG,Yes,0,0,Draw,8,5,13,Home Win,1,1,Draw
27/11/2021,I1,Sampdoria,Verona,3,1,GG,Yes,0,1,Away Win,4,5,9,Away Win,4,1,Home Win
27/11/2021,I1,Juventus,Atalanta,0,1,NG,No,0,1,Away Win,6,4,10,Home Win,4,5,Away Win
27/11/2021,I1,Venezia,Inter,0,2,NG,No,0,1,Away Win,3,9,12,Away Win,2,0,Home Win
28/11/2021,I1,Udinese,Genoa,0,0,NG,No,0,0,Draw,8,1,9,Home Win,3,4,Away Win
28/11/2021,I1,Milan,Sassuolo,1,3,GG,Yes,1,2,Away Win,7,6,13,Home Win,4,2,Home Win
28/11/2021,I1,Spezia,Bologna,0,1,NG,No,0,0,Draw,3,6,9,Away Win,3,1,Home Win
28/11/2021,I1,Roma,Torino,1,0,NG,No,1,0,Home Win,2,9,11,Away Win,2,1,Home Win
28/11/2021,I1,Napoli,Lazio,4,0,NG,Yes,3,0,Home Win,1,3,4,Away Win,2,4,Away Win
30/11/2021,I1,Atalanta,Venezia,4,0,NG,Yes,2,0,Home Win,4,2,6,Home Win,0,1,Away Win
30/11/2021,I1,Fiorentina,Sampdoria,3,1,GG,Yes,3,1,Home Win,3,6,9,Away Win,0,3,Away Win
30/11/2021,I1,Salernitana,Juventus,0,2,NG,No,0,1,Away Win,4,4,8,Draw,1,1,Draw
30/11/2021,I1,Verona,Cagliari,0,0,NG,No,0,0,Draw,11,1,12,Home Win,3,2,Home Win
01/12/2021,I1,Bologna,Roma,1,0,NG,No,1,0,Home Win,3,3,6,Draw,3,4,Away Win
01/12/2021,I1,Inter,Spezia,2,0,NG,No,1,0,Home Win,11,1,12,Home Win,1,2,Away Win
01/12/2021,I1,Genoa,Milan,0,3,NG,Yes,0,2,Away Win,2,6,8,Away Win,2,1,Home Win
01/12/2021,I1,Sassuolo,Napoli,2,2,GG,Yes,0,0,Draw,5,4,9,Home Win,4,2,Home Win
02/12/2021,I1,Torino,Empoli,2,2,GG,Yes,2,1,Home Win,1,11,12,Away Win,1,3,Away Win
02/12/2021,I1,Lazio,Udinese,4,4,GG,Yes,1,3,Away Win,5,4,9,Home Win,3,5,Away Win
04/12/2021,I1,Milan,Salernitana,2,0,NG,No,2,0,Home Win,9,5,14,Home Win,1,2,Away Win
04/12/2021,I1,Roma,Inter,0,3,NG,Yes,0,3,Away Win,4,4,8,Draw,3,1,Home Win
04/12/2021,I1,Napoli,Atalanta,2,3,GG,Yes,1,1,Draw,6,7,13,Away Win,2,3,Away Win
05/12/2021,I1,Bologna,Fiorentina,2,3,GG,Yes,1,1,Draw,0,2,2,Away Win,3,3,Draw
05/12/2021,I1,Spezia,Sassuolo,2,2,GG,Yes,1,0,Home Win,2,5,7,Away Win,4,3,Home Win
05/12/2021,I1,Venezia,Verona,3,4,GG,Yes,3,0,Home Win,1,6,7,Away Win,2,2,Draw
05/12/2021,I1,Sampdoria,Lazio,1,3,GG,Yes,0,3,Away Win,7,0,7,Home Win,4,3,Home Win
05/12/2021,I1,Juventus,Genoa,2,0,NG,No,1,0,Home Win,5,1,6,Home Win,3,1,Home Win
06/12/2021,I1,Empoli,Udinese,3,1,GG,Yes,0,1,Away Win,8,6,14,Home Win,4,3,Home Win
06/12/2021,I1,Cagliari,Torino,1,1,GG,No,0,1,Away Win,5,2,7,Home Win,2,4,Away Win
10/12/2021,I1,Genoa,Sampdoria,1,3,GG,Yes,0,1,Away Win,8,3,11,Home Win,2,2,Draw
11/12/2021,I1,Fiorentina,Salernitana,4,0,NG,Yes,1,0,Home Win,1,3,4,Away Win,1,1,Draw
11/12/2021,I1,Venezia,Juventus,1,1,GG,No,0,1,Away Win,3,11,14,Away Win,4,2,Home Win
11/12/2021,I1,Udinese,Milan,1,1,GG,No,1,0,Home Win,3,5,8,Away Win,2,2,Draw
12/12/2021,I1,Torino,Bologna,2,1,GG,Yes,1,0,Home Win,5,0,5,Home Win,2,4,Away Win
12/12/2021,I1,Verona,Atalanta,1,2,GG,Yes,1,1,Draw,6,6,12,Draw,2,1,Home Win
12/12/2021,I1,Napoli,Empoli,0,1,NG,No,0,0,Draw,10,3,13,Home Win,0,1,Away Win
12/12/2021,I1,Sassuolo,Lazio,2,1,GG,Yes,0,1,Away Win,6,0,6,Home Win,1,2,Away Win
12/12/2021,I1,Inter,Cagliari,4,0,NG,Yes,1,0,Home Win,9,0,9,Home Win,1,2,Away Win
13/12/2021,I1,Roma,Spezia,2,0,NG,No,1,0,Home Win,9,4,13,Home Win,4,1,Home Win
17/12/2021,I1,Lazio,Genoa,3,1,GG,Yes,1,0,Home Win,5,2,7,Home Win,0,3,Away Win
17/12/2021,I1,Salernitana,Inter,0,5,NG,Yes,0,2,Away Win,3,10,13,Away Win,1,2,Away Win
18/12/2021,I1,Atalanta,Roma,1,4,GG,Yes,1,2,Away Win,10,0,10,Home Win,1,3,Away Win
18/12/2021,I1,Bologna,Juventus,0,2,NG,No,0,1,Away Win,8,4,12,Home Win,1,1,Draw
18/12/2021,I1,Cagliari,Udinese,0,4,NG,Yes,0,2,Away Win,4,2,6,Home Win,4,2,Home Win
19/12/2021,I1,Fiorentina,Sassuolo,2,2,GG,Yes,0,2,Away Win,9,3,12,Home Win,3,5,Away Win
19/12/2021,I1,Spezia,Empoli,1,1,GG,No,0,0,Draw,3,5,8,Away Win,3,2,Home Win
19/12/2021,I1,Sampdoria,Venezia,1,1,GG,No,1,0,Home Win,4,3,7,Home Win,2,1,Home Win
19/12/2021,I1,Torino,Verona,1,0,NG,No,1,0,Home Win,5,3,8,Home Win,1,2,Away Win
19/12/2021,I1,Milan,Napoli,0,1,NG,No,0,1,Away Win,5,5,10,Draw,0,2,Away Win
21/12/2021,I1,Genoa,Atalanta,0,0,NG,No,0,0,Draw,3,8,11,Away Win,2,1,Home Win
21/12/2021,I1,Juventus,Cagliari,2,0,NG,No,1,0,Home Win,7,1,8,Home Win,0,3,Away Win
22/12/2021,I1,Sassuolo,Bologna,0,3,NG,Yes,0,2,Away Win,5,5,10,Draw,1,3,Away Win
22/12/2021,I1,Venezia,Lazio,1,3,GG,Yes,1,1,Draw,4,4,8,Draw,3,3,Draw
22/12/2021,I1,Inter,Torino,1,0,NG,No,1,0,Home Win,7,4,11,Home Win,1,0,Home Win
22/12/2021,I1,Roma,Sampdoria,1,1,GG,No,0,0,Draw,10,2,12,Home Win,0,3,Away Win
22/12/2021,I1,Verona,Fiorentina,1,1,GG,No,1,0,Home Win,3,8,11,Away Win,2,1,Home Win
22/12/2021,I1,Empoli,Milan,2,4,GG,Yes,1,2,Away Win,7,3,10,Home Win,1,2,Away Win
22/12/2021,I1,Napoli,Spezia,0,1,NG,No,0,1,Away Win,10,5,15,Home Win,2,3,Away Win
06/01/2022,I1,Sampdoria,Cagliari,1,2,GG,Yes,1,0,Home Win,0,5,5,Away Win,1,3,Away Win
06/01/2022,I1,Lazio,Empoli,3,3,GG,Yes,1,2,Away Win,9,2,11,Home Win,4,4,Draw
06/01/2022,I1,Spezia,Verona,1,2,GG,Yes,0,0,Draw,6,7,13,Away Win,3,2,Home Win
06/01/2022,I1,Sassuolo,Genoa,1,1,GG,No,0,1,Away Win,7,4,11,Home Win,3,0,Home Win
06/01/2022,I1,Milan,Roma,3,1,GG,Yes,2,1,Home Win,3,9,12,Away Win,2,6,Away Win
06/01/2022,I1,Juventus,Napoli,1,1,GG,No,0,1,Away Win,4,3,7,Home Win,2,1,Home Win
09/01/2022,I1,Empoli,Sassuolo,1,5,GG,Yes,1,2,Away Win,5,5,10,Draw,2,3,Away Win
09/01/2022,I1,Venezia,Milan,0,3,NG,Yes,0,1,Away Win,1,7,8,Away Win,1,3,Away Win
09/01/2022,I1,Napoli,Sampdoria,1,0,NG,No,1,0,Home Win,13,0,13,Home Win,0,2,Away Win
09/01/2022,I1,Udinese,Atalanta,2,6,GG,Yes,0,3,Away Win,2,5,7,Away Win,2,2,Draw
09/01/2022,I1,Genoa,Spezia,0,1,NG,No,0,1,Away Win,7,4,11,Home Win,3,3,Draw
09/01/2022,I1,Roma,Juventus,3,4,GG,Yes,1,1,Draw,8,1,9,Home Win,3,4,Away Win
09/01/2022,I1,Inter,Lazio,2,1,GG,Yes,1,1,Draw,4,3,7,Home Win,1,4,Away Win
09/01/2022,I1,Verona,Salernitana,1,2,GG,Yes,0,1,Away Win,17,4,21,Home Win,1,3,Away Win
10/01/2022,I1,Torino,Fiorentina,4,0,NG,Yes,3,0,Home Win,1,5,6,Away Win,2,2,Draw
11/01/2022,I1,Cagliari,Bologna,2,1,GG,Yes,0,0,Draw,5,5,10,Draw,3,2,Home Win
15/01/2022,I1,Sampdoria,Torino,1,2,GG,Yes,1,1,Draw,3,10,13,Away Win,0,2,Away Win
15/01/2022,I1,Salernitana,Lazio,0,3,NG,Yes,0,2,Away Win,3,7,10,Away Win,2,3,Away Win
15/01/2022,I1,Juventus,Udinese,2,0,NG,No,1,0,Home Win,7,6,13,Home Win,1,2,Away Win
16/01/2022,I1,Sassuolo,Verona,2,4,GG,Yes,0,2,Away Win,9,7,16,Home Win,2,4,Away Win
16/01/2022,I1,Venezia,Empoli,1,1,GG,No,0,1,Away Win,6,5,11,Home Win,3,5,Away Win
16/01/2022,I1,Roma,Cagliari,1,0,NG,No,1,0,Home Win,1,1,2,Draw,3,4,Away Win
16/01/2022,I1,Atalanta,Inter,0,0,NG,No,0,0,Draw,6,4,10,Home Win,2,2,Draw
17/01/2022,I1,Bologna,Napoli,0,2,NG,No,0,1,Away Win,1,4,5,Away Win,3,1,Home Win
17/01/2022,I1,Milan,Spezia,1,2,GG,Yes,1,0,Home Win,10,1,11,Home Win,2,5,Away Win
17/01/2022,I1,Fiorentina,Genoa,6,0,NG,Yes,3,0,Home Win,4,0,4,Home Win,1,3,Away Win
21/01/2022,I1,Verona,Bologna,2,1,GG,Yes,1,1,Draw,7,2,9,Home Win,2,4,Away Win
22/01/2022,I1,Genoa,Udinese,0,0,NG,No,0,0,Draw,10,4,14,Home Win,4,4,Draw
22/01/2022,I1,Inter,Venezia,2,1,GG,Yes,1,1,Draw,6,0,6,Home Win,3,4,Away Win
22/01/2022,I1,Lazio,Atalanta,0,0,NG,No,0,0,Draw,4,1,5,Home Win,0,3,Away Win
23/01/2022,I1,Cagliari,Fiorentina,1,1,GG,No,0,0,Draw,6,4,10,Home Win,3,3,Draw
23/01/2022,I1,Napoli,Salernitana,4,1,GG,Yes,2,1,Home Win,10,0,10,Home Win,0,4,Away Win
23/01/2022,I1,Spezia,Sampdoria,1,0,NG,No,0,0,Draw,2,4,6,Away Win,2,4,Away Win
23/01/2022,I1,Torino,Sassuolo,1,1,GG,No,1,0,Home Win,4,3,7,Home Win,3,3,Draw
23/01/2022,I1,Empoli,Roma,2,4,GG,Yes,0,4,Away Win,2,3,5,Away Win,2,2,Draw
23/01/2022,I1,Milan,Juventus,0,0,NG,No,0,0,Draw,4,1,5,Home Win,2,2,Draw
05/02/2022,I1,Roma,Genoa,0,0,NG,No,0,0,Draw,6,4,10,Home Win,3,2,Home Win
05/02/2022,I1,Inter,Milan,1,2,GG,Yes,1,0,Home Win,6,4,10,Home Win,2,4,Away Win
05/02/2022,I1,Fiorentina,Lazio,0,3,NG,Yes,0,0,Draw,4,3,7,Home Win,3,5,Away Win
06/02/2022,I1,Atalanta,Cagliari,1,2,GG,Yes,0,0,Draw,3,1,4,Home Win,1,5,Away Win
06/02/2022,I1,Bologna,Empoli,0,0,NG,No,0,0,Draw,3,5,8,Away Win,2,4,Away Win
06/02/2022,I1,Sampdoria,Sassuolo,4,0,NG,Yes,2,0,Home Win,3,9,12,Away Win,2,2,Draw
06/02/2022,I1,Venezia,Napoli,0,2,NG,No,0,0,Draw,2,6,8,Away Win,2,2,Draw
06/02/2022,I1,Udinese,Torino,2,0,NG,No,0,0,Draw,8,3,11,Home Win,3,5,Away Win
06/02/2022,I1,Juventus,Verona,2,0,NG,No,1,0,Home Win,6,5,11,Home Win,1,1,Draw
07/02/2022,I1,Salernitana,Spezia,2,2,GG,Yes,2,2,Draw,5,6,11,Away Win,3,3,Draw
12/02/2022,I1,Lazio,Bologna,3,0,NG,Yes,1,0,Home Win,5,3,8,Home Win,2,2,Draw
12/02/2022,I1,Napoli,Inter,1,1,GG,No,1,0,Home Win,4,2,6,Home Win,1,1,Draw
12/02/2022,I1,Torino,Venezia,1,2,GG,Yes,1,1,Draw,8,4,12,Home Win,2,3,Away Win
13/02/2022,I1,Milan,Sampdoria,1,0,NG,No,1,0,Home Win,4,0,4,Home Win,3,1,Home Win
13/02/2022,I1,Empoli,Cagliari,1,1,GG,No,1,0,Home Win,6,4,10,Home Win,1,2,Away Win
13/02/2022,I1,Genoa,Salernitana,1,1,GG,No,1,1,Draw,5,4,9,Home Win,3,2,Home Win
13/02/2022,I1,Verona,Udinese,4,0,NG,Yes,2,0,Home Win,2,7,9,Away Win,3,1,Home Win
13/02/2022,I1,Sassuolo,Roma,2,2,GG,Yes,0,1,Away Win,4,3,7,Home Win,4,2,Home Win
13/02/2022,I1,Atalanta,Juventus,1,1,GG,No,0,0,Draw,8,8,16,Draw,2,3,Away Win
14/02/2022,I1,Spezia,Fiorentina,1,2,GG,Yes,0,1,Away Win,4,8,12,Away Win,2,1,Home Win
18/02/2022,I1,Juventus,Torino,1,1,GG,No,1,0,Home Win,7,9,16,Away Win,1,2,Away Win
19/02/2022,I1,Sampdoria,Empoli,2,0,NG,No,2,0,Home Win,3,6,9,Away Win,4,2,Home Win
19/02/2022,I1,Roma,Verona,2,2,GG,Yes,0,2,Away Win,4,2,6,Home Win,3,2,Home Win
19/02/2022,I1,Salernitana,Milan,2,2,GG,Yes,1,1,Draw,4,7,11,Away Win,2,4,Away Win
20/02/2022,I1,Fiorentina,Atalanta,1,0,NG,No,0,0,Draw,2,1,3,Home Win,2,5,Away Win
20/02/2022,I1,Venezia,Genoa,1,1,GG,No,1,1,Draw,6,5,11,Home Win,2,2,Draw
20/02/2022,I1,Inter,Sassuolo,0,2,NG,No,0,2,Away Win,8,3,11,Home Win,1,2,Away Win
20/02/2022,I1,Udinese,Lazio,1,1,GG,No,1,1,Draw,2,12,14,Away Win,3,2,Home Win
21/02/2022,I1,Cagliari,Napoli,1,1,GG,No,0,0,Draw,3,6,9,Away Win,1,2,Away Win
21/02/2022,I1,Bologna,Spezia,2,1,GG,Yes,1,1,Draw,11,0,11,Home Win,1,1,Draw
25/02/2022,I1,Milan,Udinese,1,1,GG,No,1,0,Home Win,5,4,9,Home Win,2,4,Away Win
25/02/2022,I1,Genoa,Inter,0,0,NG,No,0,0,Draw,0,14,14,Away Win,2,1,Home Win
26/02/2022,I1,Salernitana,Bologna,1,1,GG,No,0,1,Away Win,6,1,7,Home Win,2,3,Away Win
26/02/2022,I1,Empoli,Juventus,2,3,GG,Yes,1,2,Away Win,7,3,10,Home Win,2,0,Home Win
26/02/2022,I1,Sassuolo,Fiorentina,2,1,GG,Yes,1,0,Home Win,6,10,16,Away Win,1,1,Draw
27/02/2022,I1,Torino,Cagliari,1,2,GG,Yes,0,1,Away Win,4,3,7,Home Win,2,4,Away Win
27/02/2022,I1,Verona,Venezia,3,1,GG,Yes,0,0,Draw,5,5,10,Draw,0,1,Away Win
27/02/2022,I1,Spezia,Roma,0,1,NG,No,0,0,Draw,1,8,9,Away Win,5,3,Home Win
27/02/2022,I1,Lazio,Napoli,1,2,GG,Yes,0,0,Draw,1,5,6,Away Win,3,2,Home Win
28/02/2022,I1,Atalanta,Sampdoria,4,0,NG,Yes,2,0,Home Win,8,1,9,Home Win,1,2,Away Win
04/03/2022,I1,Inter,Salernitana,5,0,NG,Yes,2,0,Home Win,10,3,13,Home Win,2,1,Home Win
05/03/2022,I1,Udinese,Sampdoria,2,1,GG,Yes,2,1,Home Win,11,4,15,Home Win,5,2,Home Win
05/03/2022,I1,Roma,Atalanta,1,0,NG,No,1,0,Home Win,6,3,9,Home Win,6,4,Home Win
05/03/2022,I1,Cagliari,Lazio,0,3,NG,Yes,0,2,Away Win,7,6,13,Home Win,3,2,Home Win
06/03/2022,I1,Genoa,Empoli,0,0,NG,No,0,0,Draw,7,2,9,Home Win,4,3,Home Win
06/03/2022,I1,Bologna,Torino,0,0,NG,No,0,0,Draw,5,7,12,Away Win,3,3,Draw
06/03/2022,I1,Fiorentina,Verona,1,1,GG,No,1,1,Draw,4,2,6,Home Win,0,4,Away Win
06/03/2022,I1,Venezia,Sassuolo,1,4,GG,Yes,1,3,Away Win,8,6,14,Home Win,4,1,Home Win
06/03/2022,I1,Juventus,Spezia,1,0,NG,No,1,0,Home Win,4,4,8,Draw,3,2,Home Win
06/03/2022,I1,Napoli,Milan,0,1,NG,No,0,0,Draw,6,7,13,Away Win,4,4,Draw
12/03/2022,I1,Salernitana,Sassuolo,2,2,GG,Yes,1,2,Away Win,5,5,10,Draw,2,4,Away Win
12/03/2022,I1,Spezia,Cagliari,2,0,NG,No,0,0,Draw,8,7,15,Home Win,1,4,Away Win
12/03/2022,I1,Sampdoria,Juventus,1,3,GG,Yes,0,2,Away Win,9,0,9,Home Win,0,2,Away Win
12/03/2022,I1,Milan,Empoli,1,0,NG,No,1,0,Home Win,5,4,9,Home Win,1,0,Home Win
13/03/2022,I1,Fiorentina,Bologna,1,0,NG,No,0,0,Draw,9,1,10,Home Win,1,5,Away Win
13/03/2022,I1,Verona,Napoli,1,2,GG,Yes,0,1,Away Win,3,5,8,Away Win,6,0,Home Win
13/03/2022,I1,Atalanta,Genoa,0,0,NG,No,0,0,Draw,4,3,7,Home Win,2,0,Home Win
13/03/2022,I1,Udinese,Roma,1,1,GG,No,1,0,Home Win,6,4,10,Home Win,3,2,Home Win
13/03/2022,I1,Torino,Inter,1,1,GG,No,1,0,Home Win,3,4,7,Away Win,1,5,Away Win
14/03/2022,I1,Lazio,Venezia,1,0,NG,No,0,0,Draw,8,4,12,Home Win,1,1,Draw
18/03/2022,I1,Sassuolo,Spezia,4,1,GG,Yes,1,1,Draw,6,2,8,Home Win,2,3,Away Win
18/03/2022,I1,Genoa,Torino,1,0,NG,No,1,0,Home Win,2,3,5,Away Win,3,3,Draw
19/03/2022,I1,Napoli,Udinese,2,1,GG,Yes,0,1,Away Win,7,4,11,Home Win,2,2,Draw
19/03/2022,I1,Inter,Fiorentina,1,1,GG,No,0,0,Draw,5,3,8,Home Win,1,2,Away Win
19/03/2022,I1,Cagliari,Milan,0,1,NG,No,0,0,Draw,6,5,11,Home Win,1,0,Home Win
20/03/2022,I1,Venezia,Sampdoria,0,2,NG,No,0,2,Away Win,3,4,7,Away Win,5,1,Home Win
20/03/2022,I1,Empoli,Verona,1,1,GG,No,1,0,Home Win,3,7,10,Away Win,2,3,Away Win
20/03/2022,I1,Juventus,Salernitana,2,0,NG,No,2,0,Home Win,5,5,10,Draw,3,2,Home Win
20/03/2022,I1,Roma,Lazio,3,0,NG,Yes,3,0,Home Win,6,3,9,Home Win,4,3,Home Win
20/03/2022,I1,Bologna,Atalanta,0,1,NG,No,0,0,Draw,6,3,9,Home Win,0,1,Away Win
02/04/2022,I1,Spezia,Venezia,1,0,NG,No,0,0,Draw,5,2,7,Home Win,3,1,Home Win
02/04/2022,I1,Lazio,Sassuolo,2,1,GG,Yes,1,0,Home Win,4,3,7,Home Win,1,3,Away Win
02/04/2022,I1,Salernitana,Torino,0,1,NG,No,0,1,Away Win,9,2,11,Home Win,5,4,Home Win
03/04/2022,I1,Fiorentina,Empoli,1,0,NG,No,0,0,Draw,5,0,5,Home Win,1,3,Away Win
03/04/2022,I1,Atalanta,Napoli,1,3,GG,Yes,0,2,Away Win,9,1,10,Home Win,2,3,Away Win
03/04/2022,I1,Udinese,Cagliari,5,1,GG,Yes,2,1,Home Win,2,2,4,Draw,2,4,Away Win
03/04/2022,I1,Sampdoria,Roma,0,1,NG,No,0,1,Away Win,4,4,8,Draw,2,3,Away Win
03/04/2022,I1,Juventus,Inter,0,1,NG,No,0,1,Away Win,8,1,9,Home Win,4,4,Draw
04/04/2022,I1,Verona,Genoa,1,0,NG,No,1,0,Home Win,2,5,7,Away Win,4,3,Home Win
04/04/2022,I1,Milan,Bologna,0,0,NG,No,0,0,Draw,9,2,11,Home Win,0,2,Away Win
09/04/2022,I1,Empoli,Spezia,0,0,NG,No,0,0,Draw,5,4,9,Home Win,2,2,Draw
09/04/2022,I1,Inter,Verona,2,0,NG,No,2,0,Home Win,10,2,12,Home Win,2,0,Home Win
09/04/2022,I1,Cagliari,Juventus,1,2,GG,Yes,1,1,Draw,1,4,5,Away Win,1,0,Home Win
10/04/2022,I1,Genoa,Lazio,1,4,GG,Yes,0,2,Away Win,3,6,9,Away Win,0,1,Away Win
10/04/2022,I1,Napoli,Fiorentina,2,3,GG,Yes,0,1,Away Win,3,2,5,Home Win,0,3,Away Win
10/04/2022,I1,Sassuolo,Atalanta,2,1,GG,Yes,1,0,Home Win,8,8,16,Draw,2,1,Home Win
10/04/2022,I1,Venezia,Udinese,1,2,GG,Yes,0,1,Away Win,7,11,18,Away Win,7,2,Home Win
10/04/2022,I1,Roma,Salernitana,2,1,GG,Yes,0,1,Away Win,9,2,11,Home Win,5,8,Away Win
10/04/2022,I1,Torino,Milan,0,0,NG,No,0,0,Draw,6,5,11,Home Win,2,2,Draw
11/04/2022,I1,Bologna,Sampdoria,2,0,NG,No,0,0,Draw,6,0,6,Home Win,1,2,Away Win
15/04/2022,I1,Spezia,Inter,1,3,GG,Yes,0,1,Away Win,6,7,13,Away Win,2,0,Home Win
15/04/2022,I1,Milan,Genoa,2,0,NG,No,1,0,Home Win,3,1,4,Home Win,1,2,Away Win
16/04/2022,I1,Cagliari,Sassuolo,1,0,NG,No,1,0,Home Win,3,3,6,Draw,2,2,Draw
16/04/2022,I1,Sampdoria,Salernitana,1,2,GG,Yes,1,2,Away Win,5,2,7,Home Win,1,7,Away Win
16/04/2022,I1,Udinese,Empoli,4,1,GG,Yes,1,0,Home Win,4,7,11,Away Win,1,4,Away Win
16/04/2022,I1,Fiorentina,Venezia,1,0,NG,No,1,0,Home Win,5,0,5,Home Win,4,4,Draw
16/04/2022,I1,Juventus,Bologna,1,1,GG,No,0,0,Draw,4,5,9,Away Win,1,5,Away Win
16/04/2022,I1,Lazio,Torino,1,1,GG,No,0,0,Draw,9,7,16,Home Win,1,2,Away Win
18/04/2022,I1,Napoli,Roma,1,1,GG,No,1,0,Home Win,5,5,10,Draw,4,2,Home Win
18/04/2022,I1,Atalanta,Verona,1,2,GG,Yes,0,1,Away Win,10,1,11,Home Win,3,3,Draw
20/04/2022,I1,Udinese,Salernitana,0,1,NG,No,0,0,Draw,9,3,12,Home Win,3,5,Away Win
23/04/2022,I1,Torino,Spezia,2,1,GG,Yes,1,0,Home Win,5,6,11,Away Win,1,2,Away Win
23/04/2022,I1,Venezia,Atalanta,1,3,GG,Yes,0,1,Away Win,0,7,7,Away Win,0,3,Away Win
23/04/2022,I1,Inter,Roma,3,1,GG,Yes,2,0,Home Win,4,3,7,Home Win,2,2,Draw
23/04/2022,I1,Verona,Sampdoria,1,1,GG,No,0,1,Away Win,4,5,9,Away Win,1,3,Away Win
24/04/2022,I1,Salernitana,Fiorentina,2,1,GG,Yes,1,0,Home Win,6,4,10,Home Win,1,1,Draw
24/04/2022,I1,Bologna,Udinese,2,2,GG,Yes,1,1,Draw,2,4,6,Away Win,2,2,Draw
24/04/2022,I1,Empoli,Napoli,3,2,GG,Yes,0,1,Away Win,10,7,17,Home Win,4,1,Home Win
24/04/2022,I1,Genoa,Cagliari,1,0,NG,No,0,0,Draw,2,3,5,Away Win,3,2,Home Win
24/04/2022,I1,Lazio,Milan,1,2,GG,Yes,1,0,Home Win,2,8,10,Away Win,3,4,Away Win
25/04/2022,I1,Sassuolo,Juventus,1,2,GG,Yes,1,1,Draw,6,4,10,Home Win,2,2,Draw
27/04/2022,I1,Fiorentina,Udinese,0,4,NG,Yes,0,2,Away Win,14,2,16,Home Win,3,4,Away Win
27/04/2022,I1,Atalanta,Torino,4,4,GG,Yes,2,2,Draw,8,0,8,Home Win,2,2,Draw
27/04/2022,I1,Bologna,Inter,2,1,GG,Yes,1,1,Draw,0,7,7,Away Win,1,3,Away Win
30/04/2022,I1,Cagliari,Verona,1,2,GG,Yes,0,2,Away Win,2,2,4,Draw,2,4,Away Win
30/04/2022,I1,Napoli,Sassuolo,6,1,GG,Yes,4,0,Home Win,4,3,7,Home Win,0,3,Away Win
30/04/2022,I1,Sampdoria,Genoa,1,0,NG,No,1,0,Home Win,1,2,3,Away Win,3,1,Home Win
30/04/2022,I1,Spezia,Lazio,3,4,GG,Yes,2,1,Home Win,4,5,9,Away Win,3,1,Home Win
01/05/2022,I1,Juventus,Venezia,2,1,GG,Yes,1,0,Home Win,8,4,12,Home Win,3,3,Draw
01/05/2022,I1,Empoli,Torino,1,3,GG,Yes,0,0,Draw,5,4,9,Home Win,5,2,Home Win
01/05/2022,I1,Milan,Fiorentina,1,0,NG,No,0,0,Draw,2,2,4,Draw,1,3,Away Win
01/05/2022,I1,Udinese,Inter,1,2,GG,Yes,0,2,Away Win,5,11,16,Away Win,2,1,Home Win
01/05/2022,I1,Roma,Bologna,0,0,NG,No,0,0,Draw,10,5,15,Home Win,0,1,Away Win
02/05/2022,I1,Atalanta,Salernitana,1,1,GG,No,0,1,Away Win,11,4,15,Home Win,3,2,Home Win
05/05/2022,I1,Salernitana,Venezia,2,1,GG,Yes,1,0,Home Win,6,4,10,Home Win,2,7,Away Win
06/05/2022,I1,Inter,Empoli,4,2,GG,Yes,2,2,Draw,15,2,17,Home Win,1,0,Home Win
06/05/2022,I1,Genoa,Juventus,2,1,GG,Yes,0,0,Draw,9,2,11,Home Win,2,3,Away Win
07/05/2022,I1,Torino,Napoli,0,1,NG,No,0,0,Draw,6,4,10,Home Win,2,3,Away Win
07/05/2022,I1,Sassuolo,Udinese,1,1,GG,No,1,0,Home Win,6,9,15,Away Win,2,2,Draw
07/05/2022,I1,Lazio,Sampdoria,2,0,NG,No,1,0,Home Win,6,0,6,Home Win,1,1,Draw
08/05/2022,I1,Spezia,Atalanta,1,3,GG,Yes,1,1,Draw,0,3,3,Away Win,2,3,Away Win
08/05/2022,I1,Venezia,Bologna,4,3,GG,Yes,2,1,Home Win,4,8,12,Away Win,2,4,Away Win
08/05/2022,I1,Salernitana,Cagliari,1,1,GG,No,0,0,Draw,7,6,13,Home Win,5,2,Home Win
08/05/2022,I1,Verona,Milan,1,3,GG,Yes,1,1,Draw,5,8,13,Away Win,2,1,Home Win
09/05/2022,I1,Fiorentina,Roma,2,0,NG,No,2,0,Home Win,5,3,8,Home Win,3,1,Home Win
14/05/2022,I1,Empoli,Salernitana,1,1,GG,No,1,0,Home Win,3,11,14,Away Win,2,2,Draw
14/05/2022,I1,Udinese,Spezia,2,3,GG,Yes,1,2,Away Win,4,2,6,Home Win,3,2,Home Win
14/05/2022,I1,Verona,Torino,0,1,NG,No,0,1,Away Win,4,4,8,Draw,4,2,Home Win
14/05/2022,I1,Roma,Venezia,1,1,GG,No,0,1,Away Win,20,2,22,Home Win,2,5,Away Win
15/05/2022,I1,Bologna,Sassuolo,1,3,GG,Yes,0,1,Away Win,4,9,13,Away Win,0,1,Away Win
15/05/2022,I1,Napoli,Genoa,3,0,NG,Yes,1,0,Home Win,9,2,11,Home Win,1,1,Draw
15/05/2022,I1,Milan,Atalanta,2,0,NG,No,0,0,Draw,4,6,10,Away Win,3,2,Home Win
15/05/2022,I1,Cagliari,Inter,1,3,GG,Yes,0,1,Away Win,2,5,7,Away Win,0,2,Away Win
16/05/2022,I1,Sampdoria,Fiorentina,4,1,GG,Yes,2,0,Home Win,4,5,9,Away Win,2,3,Away Win
16/05/2022,I1,Juventus,Lazio,2,2,GG,Yes,2,0,Home Win,0,9,9,Away Win,3,3,Draw
20/05/2022,I1,Torino,Roma,0,3,NG,Yes,0,2,Away Win,5,6,11,Away Win,2,2,Draw
21/05/2022,I1,Genoa,Bologna,0,1,NG,No,0,0,Draw,9,9,18,Draw,3,1,Home Win
21/05/2022,I1,Atalanta,Empoli,0,1,NG,No,0,0,Draw,15,2,17,Home Win,1,1,Draw
21/05/2022,I1,Fiorentina,Juventus,2,0,NG,No,1,0,Home Win,6,2,8,Home Win,3,3,Draw
21/05/2022,I1,Lazio,Verona,3,3,GG,Yes,2,2,Draw,6,4,10,Home Win,2,6,Away Win
22/05/2022,I1,Spezia,Napoli,0,3,NG,Yes,0,3,Away Win,4,2,6,Home Win,1,2,Away Win
22/05/2022,I1,Inter,Sampdoria,3,0,NG,Yes,0,0,Draw,8,2,10,Home Win,1,2,Away Win
22/05/2022,I1,Sassuolo,Milan,0,3,NG,Yes,0,3,Away Win,3,7,10,Away Win,2,1,Home Win
22/05/2022,I1,Salernitana,Udinese,0,4,NG,Yes,0,3,Away Win,7,1,8,Home Win,1,1,Draw
22/05/2022,I1,Venezia,Cagliari,0,0,NG,No,0,0,Draw,6,11,17,Away Win,0,3,Away Win
13/08/2022,I1,Milan,Udinese,4,2,GG,Yes,2,2,Draw,5,1,6,Home Win,1,4,Away Win
13/08/2022,I1,Sampdoria,Atalanta,0,2,NG,No,0,1,Away Win,3,2,5,Home Win,4,6,Away Win
13/08/2022,I1,Lecce,Inter,1,2,GG,Yes,0,1,Away Win,6,8,14,Away Win,4,2,Home Win
13/08/2022,I1,Monza,Torino,1,2,GG,Yes,0,1,Away Win,2,7,9,Away Win,1,2,Away Win
14/08/2022,I1,Fiorentina,Cremonese,3,2,GG,Yes,2,1,Home Win,11,4,15,Home Win,0,3,Away Win
14/08/2022,I1,Lazio,Bologna,2,1,GG,Yes,0,1,Away Win,3,2,5,Home Win,2,6,Away Win
14/08/2022,I1,Salernitana,Roma,0,1,NG,No,0,1,Away Win,4,2,6,Home Win,3,2,Home Win
14/08/2022,I1,Spezia,Empoli,1,0,NG,No,1,0,Home Win,6,4,10,Home Win,2,1,Home Win
15/08/2022,I1,Verona,Napoli,2,5,GG,Yes,1,2,Away Win,4,8,12,Away Win,2,2,Draw
15/08/2022,I1,Juventus,Sassuolo,3,0,NG,Yes,2,0,Home Win,3,2,5,Home Win,1,3,Away Win
20/08/2022,I1,Torino,Lazio,0,0,NG,No,0,0,Draw,6,4,10,Home Win,0,5,Away Win
20/08/2022,I1,Udinese,Salernitana,0,0,NG,No,0,0,Draw,6,6,12,Draw,2,4,Away Win
20/08/2022,I1,Inter,Spezia,3,0,NG,Yes,1,0,Home Win,10,4,14,Home Win,0,0,Draw
20/08/2022,I1,Sassuolo,Lecce,1,0,NG,No,1,0,Home Win,5,4,9,Home Win,5,1,Home Win
21/08/2022,I1,Empoli,Fiorentina,0,0,NG,No,0,0,Draw,1,9,10,Away Win,1,3,Away Win
21/08/2022,I1,Napoli,Monza,4,0,NG,Yes,2,0,Home Win,10,4,14,Home Win,2,1,Home Win
21/08/2022,I1,Atalanta,Milan,1,1,GG,No,1,0,Home Win,4,6,10,Away Win,4,3,Home Win
21/08/2022,I1,Bologna,Verona,1,1,GG,No,1,1,Draw,9,8,17,Home Win,3,3,Draw
22/08/2022,I1,Roma,Cremonese,1,0,NG,No,0,0,Draw,5,6,11,Away Win,0,3,Away Win
22/08/2022,I1,Sampdoria,Juventus,0,0,NG,No,0,0,Draw,3,4,7,Away Win,3,2,Home Win
26/08/2022,I1,Monza,Udinese,1,2,GG,Yes,1,1,Draw,3,5,8,Away Win,3,2,Home Win
26/08/2022,I1,Lazio,Inter,3,1,GG,Yes,1,0,Home Win,2,4,6,Away Win,2,1,Home Win
27/08/2022,I1,Cremonese,Torino,1,2,GG,Yes,0,1,Away Win,3,3,6,Draw,0,3,Away Win
27/08/2022,I1,Juventus,Roma,1,1,GG,No,1,0,Home Win,4,5,9,Away Win,2,2,Draw
27/08/2022,I1,Milan,Bologna,2,0,NG,No,1,0,Home Win,5,1,6,Home Win,2,1,Home Win
27/08/2022,I1,Spezia,Sassuolo,2,2,GG,Yes,2,1,Home Win,2,6,8,Away Win,2,1,Home Win
28/08/2022,I1,Salernitana,Sampdoria,4,0,NG,Yes,2,0,Home Win,6,3,9,Home Win,2,2,Draw
28/08/2022,I1,Verona,Atalanta,0,1,NG,No,0,0,Draw,7,6,13,Home Win,3,3,Draw
28/08/2022,I1,Fiorentina,Napoli,0,0,NG,No,0,0,Draw,2,3,5,Away Win,2,3,Away Win
28/08/2022,I1,Lecce,Empoli,1,1,GG,No,1,1,Draw,3,5,8,Away Win,1,2,Away Win
30/08/2022,I1,Sassuolo,Milan,0,0,NG,No,0,0,Draw,3,8,11,Away Win,5,2,Home Win
30/08/2022,I1,Inter,Cremonese,3,1,GG,Yes,2,0,Home Win,6,6,12,Draw,0,3,Away Win
30/08/2022,I1,Roma,Monza,3,0,NG,Yes,2,0,Home Win,5,4,9,Home Win,0,3,Away Win
31/08/2022,I1,Empoli,Verona,1,1,GG,No,1,0,Home Win,7,10,17,Away Win,0,4,Away Win
31/08/2022,I1,Sampdoria,Lazio,1,1,GG,No,0,1,Away Win,5,7,12,Away Win,0,2,Away Win
31/08/2022,I1,Udinese,Fiorentina,1,0,NG,No,1,0,Home Win,3,7,10,Away Win,1,2,Away Win
31/08/2022,I1,Juventus,Spezia,2,0,NG,No,1,0,Home Win,7,3,10,Home Win,0,2,Away Win
31/08/2022,I1,Napoli,Lecce,1,1,GG,No,1,1,Draw,6,4,10,Home Win,1,4,Away Win
01/09/2022,I1,Atalanta,Torino,3,1,GG,Yes,1,0,Home Win,7,2,9,Home Win,1,3,Away Win
01/09/2022,I1,Bologna,Salernitana,1,1,GG,No,0,0,Draw,1,8,9,Away Win,2,2,Draw
03/09/2022,I1,Fiorentina,Juventus,1,1,GG,No,1,1,Draw,10,2,12,Home Win,1,3,Away Win
03/09/2022,I1,Milan,Inter,3,2,GG,Yes,1,1,Draw,2,5,7,Away Win,5,2,Home Win
03/09/2022,I1,Lazio,Napoli,1,2,GG,Yes,1,1,Draw,6,8,14,Away Win,4,0,Home Win
04/09/2022,I1,Cremonese,Sassuolo,0,0,NG,No,0,0,Draw,2,3,5,Away Win,1,1,Draw
04/09/2022,I1,Spezia,Bologna,2,2,GG,Yes,1,1,Draw,7,2,9,Home Win,4,1,Home Win
04/09/2022,I1,Verona,Sampdoria,2,1,GG,Yes,2,1,Home Win,7,2,9,Home Win,2,2,Draw
04/09/2022,I1,Udinese,Roma,4,0,NG,Yes,1,0,Home Win,3,7,10,Away Win,3,2,Home Win
05/09/2022,I1,Monza,Atalanta,0,2,NG,No,0,0,Draw,4,9,13,Away Win,1,1,Draw
05/09/2022,I1,Salernitana,Empoli,2,2,GG,Yes,1,1,Draw,6,7,13,Away Win,3,2,Home Win
05/09/2022,I1,Torino,Lecce,1,0,NG,No,1,0,Home Win,4,4,8,Draw,2,1,Home Win
10/09/2022,I1,Napoli,Spezia,1,0,NG,No,0,0,Draw,10,5,15,Home Win,1,2,Away Win
10/09/2022,I1,Inter,Torino,1,0,NG,No,0,0,Draw,6,5,11,Home Win,1,2,Away Win
10/09/2022,I1,Sampdoria,Milan,1,2,GG,Yes,0,1,Away Win,2,4,6,Away Win,5,2,Home Win
11/09/2022,I1,Atalanta,Cremonese,1,1,GG,No,0,0,Draw,3,3,6,Draw,2,5,Away Win
11/09/2022,I1,Bologna,Fiorentina,2,1,GG,Yes,0,0,Draw,6,8,14,Away Win,1,4,Away Win
11/09/2022,I1,Lecce,Monza,1,1,GG,No,0,1,Away Win,8,5,13,Home Win,3,3,Draw
11/09/2022,I1,Sassuolo,Udinese,1,3,GG,Yes,1,0,Home Win,5,6,11,Away Win,1,3,Away Win
11/09/2022,I1,Lazio,Verona,2,0,NG,No,0,0,Draw,3,5,8,Away Win,2,5,Away Win
11/09/2022,I1,Juventus,Salernitana,2,2,GG,Yes,0,2,Away Win,8,2,10,Home Win,5,4,Home Win
12/09/2022,I1,Empoli,Roma,1,2,GG,Yes,1,1,Draw,7,7,14,Draw,3,1,Home Win
16/09/2022,I1,Salernitana,Lecce,1,2,GG,Yes,0,1,Away Win,4,5,9,Away Win,1,3,Away Win
17/09/2022,I1,Bologna,Empoli,0,1,NG,No,0,0,Draw,5,8,13,Away Win,2,3,Away Win
17/09/2022,I1,Spezia,Sampdoria,2,1,GG,Yes,1,1,Draw,3,6,9,Away Win,4,5,Away Win
17/09/2022,I1,Torino,Sassuolo,0,1,NG,No,0,0,Draw,4,3,7,Home Win,4,1,Home Win
18/09/2022,I1,Udinese,Inter,3,1,GG,Yes,1,1,Draw,7,4,11,Home Win,3,4,Away Win
18/09/2022,I1,Cremonese,Lazio,0,4,NG,Yes,0,3,Away Win,8,5,13,Home Win,1,1,Draw
18/09/2022,I1,Fiorentina,Verona,2,0,NG,No,1,0,Home Win,7,3,10,Home Win,4,4,Draw
18/09/2022,I1,Monza,Juventus,1,0,NG,No,0,0,Draw,5,3,8,Home Win,2,1,Home Win
18/09/2022,I1,Roma,Atalanta,0,1,NG,No,0,1,Away Win,5,1,6,Home Win,0,7,Away Win
18/09/2022,I1,Milan,Napoli,1,2,GG,Yes,0,0,Draw,9,4,13,Home Win,4,3,Home Win
01/10/2022,I1,Napoli,Torino,3,1,GG,Yes,3,1,Home Win,4,4,8,Draw,0,2,Away Win
01/10/2022,I1,Inter,Roma,1,2,GG,Yes,1,1,Draw,5,1,6,Home Win,4,3,Home Win
01/10/2022,I1,Empoli,Milan,1,3,GG,Yes,0,0,Draw,3,7,10,Away Win,4,2,Home Win
02/10/2022,I1,Lazio,Spezia,4,0,NG,Yes,2,0,Home Win,3,6,9,Away Win,0,2,Away Win
02/10/2022,I1,Lecce,Cremonese,1,1,GG,No,1,1,Draw,1,8,9,Away Win,3,1,Home Win
02/10/2022,I1,Sampdoria,Monza,0,3,NG,Yes,0,1,Away Win,2,4,6,Away Win,2,2,Draw
02/10/2022,I1,Sassuolo,Salernitana,5,0,NG,Yes,2,0,Home Win,1,2,3,Away Win,1,1,Draw
02/10/2022,I1,Atalanta,Fiorentina,1,0,NG,No,0,0,Draw,1,5,6,Away Win,2,2,Draw
02/10/2022,I1,Juventus,Bologna,3,0,NG,Yes,1,0,Home Win,2,4,6,Away Win,0,1,Away Win
03/10/2022,I1,Verona,Udinese,1,2,GG,Yes,1,0,Home Win,4,9,13,Away Win,3,3,Draw
08/10/2022,I1,Sassuolo,Inter,1,2,GG,Yes,0,1,Away Win,6,5,11,Home Win,3,2,Home Win
08/10/2022,I1,Milan,Juventus,2,0,NG,No,1,0,Home Win,9,3,12,Home Win,2,3,Away Win
08/10/2022,I1,Bologna,Sampdoria,1,1,GG,No,1,0,Home Win,2,5,7,Away Win,2,3,Away Win
09/10/2022,I1,Torino,Empoli,1,1,GG,No,0,0,Draw,6,1,7,Home Win,2,4,Away Win
09/10/2022,I1,Monza,Spezia,2,0,NG,No,1,0,Home Win,3,6,9,Away Win,3,2,Home Win
09/10/2022,I1,Salernitana,Verona,2,1,GG,Yes,1,0,Home Win,1,6,7,Away Win,3,3,Draw
09/10/2022,I1,Udinese,Atalanta,2,2,GG,Yes,0,1,Away Win,5,3,8,Home Win,2,3,Away Win
09/10/2022,I1,Cremonese,Napoli,1,4,GG,Yes,0,1,Away Win,5,2,7,Home Win,2,0,Home Win
09/10/2022,I1,Roma,Lecce,2,1,GG,Yes,1,1,Draw,13,4,17,Home Win,2,2,Draw
10/10/2022,I1,Fiorentina,Lazio,0,4,NG,Yes,0,2,Away Win,9,2,11,Home Win,4,1,Home Win
15/10/2022,I1,Empoli,Monza,1,0,NG,No,1,0,Home Win,2,9,11,Away Win,5,3,Home Win
15/10/2022,I1,Torino,Juventus,0,1,NG,No,0,0,Draw,3,6,9,Away Win,2,0,Home Win
15/10/2022,I1,Atalanta,Sassuolo,2,1,GG,Yes,1,1,Draw,3,3,6,Draw,1,4,Away Win
16/10/2022,I1,Inter,Salernitana,2,0,NG,No,1,0,Home Win,6,4,10,Home Win,0,1,Away Win
16/10/2022,I1,Lazio,Udinese,0,0,NG,No,0,0,Draw,7,3,10,Home Win,1,4,Away Win
16/10/2022,I1,Spezia,Cremonese,2,2,GG,Yes,2,1,Home Win,6,8,14,Away Win,2,0,Home Win
16/10/2022,I1,Napoli,Bologna,3,2,GG,Yes,1,1,Draw,6,4,10,Home Win,0,4,Away Win
16/10/2022,I1,Verona,Milan,1,2,GG,Yes,1,1,Draw,9,3,12,Home Win,3,2,Home Win
17/10/2022,I1,Sampdoria,Roma,0,1,NG,No,0,1,Away Win,4,3,7,Home Win,5,3,Home Win
17/10/2022,I1,Lecce,Fiorentina,1,1,GG,No,1,0,Home Win,2,8,10,Away Win,5,5,Draw
21/10/2022,I1,Juventus,Empoli,4,0,NG,Yes,1,0,Home Win,6,4,10,Home Win,2,2,Draw
22/10/2022,I1,Salernitana,Spezia,1,0,NG,No,0,0,Draw,4,7,11,Away Win,2,4,Away Win
22/10/2022,I1,Milan,Monza,4,1,GG,Yes,2,0,Home Win,2,2,4,Draw,1,1,Draw
22/10/2022,I1,Fiorentina,Inter,3,4,GG,Yes,1,2,Away Win,1,2,3,Away Win,4,3,Home Win
23/10/2022,I1,Udinese,Torino,1,2,GG,Yes,1,1,Draw,7,4,11,Home Win,3,4,Away Win
23/10/2022,I1,Bologna,Lecce,2,0,NG,No,2,0,Home Win,9,4,13,Home Win,5,2,Home Win
23/10/2022,I1,Atalanta,Lazio,0,2,NG,No,0,1,Away Win,5,8,13,Away Win,4,2,Home Win
23/10/2022,I1,Roma,Napoli,0,1,NG,No,0,0,Draw,3,4,7,Away Win,3,4,Away Win
24/10/2022,I1,Cremonese,Sampdoria,0,1,NG,No,0,0,Draw,5,1,6,Home Win,3,4,Away Win
24/10/2022,I1,Sassuolo,Verona,2,1,GG,Yes,1,1,Draw,4,5,9,Away Win,1,3,Away Win
29/10/2022,I1,Napoli,Sassuolo,4,0,NG,Yes,3,0,Home Win,11,5,16,Home Win,0,3,Away Win
29/10/2022,I1,Lecce,Juventus,0,1,NG,No,0,0,Draw,7,7,14,Draw,3,5,Away Win
29/10/2022,I1,Inter,Sampdoria,3,0,NG,Yes,2,0,Home Win,3,3,6,Draw,1,6,Away Win
30/10/2022,I1,Empoli,Atalanta,0,2,NG,No,0,1,Away Win,7,2,9,Home Win,2,1,Home Win
30/10/2022,I1,Cremonese,Udinese,0,0,NG,No,0,0,Draw,7,4,11,Home Win,1,0,Home Win
30/10/2022,I1,Spezia,Fiorentina,1,2,GG,Yes,1,1,Draw,5,5,10,Draw,5,3,Home Win
30/10/2022,I1,Lazio,Salernitana,1,3,GG,Yes,1,0,Home Win,4,5,9,Away Win,3,3,Draw
30/10/2022,I1,Torino,Milan,2,1,GG,Yes,2,0,Home Win,6,1,7,Home Win,5,2,Home Win
31/10/2022,I1,Verona,Roma,1,3,GG,Yes,1,1,Draw,2,4,6,Away Win,3,1,Home Win
31/10/2022,I1,Monza,Bologna,1,2,GG,Yes,0,0,Draw,4,5,9,Away Win,4,2,Home Win
04/11/2022,I1,Udinese,Lecce,1,1,GG,No,0,1,Away Win,3,2,5,Home Win,2,3,Away Win
05/11/2022,I1,Empoli,Sassuolo,1,0,NG,No,0,0,Draw,3,6,9,Away Win,2,0,Home Win
05/11/2022,I1,Salernitana,Cremonese,2,2,GG,Yes,2,1,Home Win,2,2,4,Draw,2,2,Draw
05/11/2022,I1,Atalanta,Napoli,1,2,GG,Yes,1,2,Away Win,5,2,7,Home Win,5,1,Home Win
05/11/2022,I1,Milan,Spezia,2,1,GG,Yes,1,0,Home Win,3,6,9,Away Win,6,4,Home Win
06/11/2022,I1,Bologna,Torino,2,1,GG,Yes,0,1,Away Win,3,1,4,Home Win,3,3,Draw
06/11/2022,I1,Monza,Verona,2,0,NG,No,0,0,Draw,5,2,7,Home Win,3,1,Home Win
06/11/2022,I1,Sampdoria,Fiorentina,0,2,NG,No,0,1,Away Win,4,4,8,Draw,1,0,Home Win
06/11/2022,I1,Roma,Lazio,0,1,NG,No,0,1,Away Win,4,2,6,Home Win,2,3,Away Win
06/11/2022,I1,Juventus,Inter,2,0,NG,No,0,0,Draw,2,8,10,Away Win,2,2,Draw
08/11/2022,I1,Napoli,Empoli,2,0,NG,No,0,0,Draw,5,0,5,Home Win,1,6,Away Win
08/11/2022,I1,Spezia,Udinese,1,1,GG,No,1,1,Draw,9,0,9,Home Win,3,3,Draw
08/11/2022,I1,Cremonese,Milan,0,0,NG,No,0,0,Draw,2,4,6,Away Win,4,3,Home Win
09/11/2022,I1,Lecce,Atalanta,2,1,GG,Yes,2,1,Home Win,4,3,7,Home Win,1,2,Away Win
09/11/2022,I1,Sassuolo,Roma,1,1,GG,No,0,0,Draw,3,2,5,Home Win,5,3,Home Win
09/11/2022,I1,Fiorentina,Salernitana,2,1,GG,Yes,1,0,Home Win,4,3,7,Home Win,0,1,Away Win
09/11/2022,I1,Inter,Bologna,6,1,GG,Yes,3,1,Home Win,4,4,8,Draw,1,5,Away Win
09/11/2022,I1,Torino,Sampdoria,2,0,NG,No,1,0,Home Win,4,3,7,Home Win,1,3,Away Win
10/11/2022,I1,Verona,Juventus,0,1,NG,No,0,0,Draw,5,4,9,Home Win,3,2,Home Win
10/11/2022,I1,Lazio,Monza,1,0,NG,No,0,0,Draw,4,3,7,Home Win,2,1,Home Win
11/11/2022,I1,Empoli,Cremonese,2,0,NG,No,0,0,Draw,4,9,13,Away Win,1,2,Away Win
12/11/2022,I1,Napoli,Udinese,3,2,GG,Yes,2,0,Home Win,5,3,8,Home Win,2,3,Away Win
12/11/2022,I1,Sampdoria,Lecce,0,2,NG,No,0,1,Away Win,9,0,9,Home Win,2,3,Away Win
12/11/2022,I1,Bologna,Sassuolo,3,0,NG,Yes,1,0,Home Win,4,6,10,Away Win,1,0,Home Win
13/11/2022,I1,Atalanta,Inter,2,3,GG,Yes,1,1,Draw,5,4,9,Home Win,0,3,Away Win
13/11/2022,I1,Monza,Salernitana,3,0,NG,Yes,2,0,Home Win,6,1,7,Home Win,0,2,Away Win
13/11/2022,I1,Roma,Torino,1,1,GG,No,0,0,Draw,7,0,7,Home Win,3,2,Home Win
13/11/2022,I1,Verona,Spezia,1,2,GG,Yes,1,0,Home Win,2,10,12,Away Win,2,4,Away Win
13/11/2022,I1,Milan,Fiorentina,2,1,GG,Yes,1,1,Draw,5,7,12,Away Win,1,4,Away Win
13/11/2022,I1,Juventus,Lazio,3,0,NG,Yes,1,0,Home Win,2,6,8,Away Win,2,1,Home Win
04/01/2023,I1,Salernitana,Milan,1,2,GG,Yes,0,2,Away Win,6,2,8,Home Win,4,1,Home Win
04/01/2023,I1,Sassuolo,Sampdoria,1,2,GG,Yes,0,2,Away Win,9,1,10,Home Win,2,3,Away Win
04/01/2023,I1,Spezia,Atalanta,2,2,GG,Yes,2,0,Home Win,3,8,11,Away Win,3,3,Draw
04/01/2023,I1,Torino,Verona,1,1,GG,No,0,1,Away Win,6,3,9,Home Win,1,1,Draw
04/01/2023,I1,Lecce,Lazio,2,1,GG,Yes,0,1,Away Win,4,3,7,Home Win,3,2,Home Win
04/01/2023,I1,Roma,Bologna,1,0,NG,No,1,0,Home Win,3,3,6,Draw,2,3,Away Win
04/01/2023,I1,Cremonese,Juventus,0,1,NG,No,0,0,Draw,3,8,11,Away Win,5,3,Home Win
04/01/2023,I1,Fiorentina,Monza,1,1,GG,No,1,0,Home Win,9,1,10,Home Win,1,3,Away Win
04/01/2023,I1,Inter,Napoli,1,0,NG,No,0,0,Draw,5,4,9,Home Win,3,2,Home Win
04/01/2023,I1,Udinese,Empoli,1,1,GG,No,0,1,Away Win,8,1,9,Home Win,2,3,Away Win
07/01/2023,I1,Fiorentina,Sassuolo,2,1,GG,Yes,0,0,Draw,6,3,9,Home Win,4,3,Home Win
07/01/2023,I1,Juventus,Udinese,1,0,NG,No,0,0,Draw,6,4,10,Home Win,1,2,Away Win
07/01/2023,I1,Monza,Inter,2,2,GG,Yes,1,2,Away Win,3,5,8,Away Win,0,3,Away Win
08/01/2023,I1,Salernitana,Torino,1,1,GG,No,0,1,Away Win,6,7,13,Away Win,2,3,Away Win
08/01/2023,I1,Lazio,Empoli,2,2,GG,Yes,1,0,Home Win,10,3,13,Home Win,4,1,Home Win
08/01/2023,I1,Spezia,Lecce,0,0,NG,No,0,0,Draw,5,7,12,Away Win,0,1,Away Win
08/01/2023,I1,Sampdoria,Napoli,0,2,NG,No,0,1,Away Win,2,5,7,Away Win,3,2,Home Win
08/01/2023,I1,Milan,Roma,2,2,GG,Yes,1,0,Home Win,3,4,7,Away Win,4,7,Away Win
09/01/2023,I1,Verona,Cremonese,2,0,NG,No,2,0,Home Win,3,5,8,Away Win,3,4,Away Win
09/01/2023,I1,Bologna,Atalanta,1,2,GG,Yes,1,0,Home Win,4,0,4,Home Win,3,2,Home Win
13/01/2023,I1,Napoli,Juventus,5,1,GG,Yes,2,1,Home Win,2,5,7,Away Win,0,1,Away Win
14/01/2023,I1,Cremonese,Monza,2,3,GG,Yes,0,2,Away Win,4,2,6,Home Win,2,4,Away Win
14/01/2023,I1,Lecce,Milan,2,2,GG,Yes,2,0,Home Win,8,4,12,Home Win,1,2,Away Win
14/01/2023,I1,Inter,Verona,1,0,NG,No,1,0,Home Win,3,4,7,Away Win,0,3,Away Win
15/01/2023,I1,Sassuolo,Lazio,0,2,NG,No,0,1,Away Win,7,3,10,Home Win,5,3,Home Win
15/01/2023,I1,Torino,Spezia,0,1,NG,No,0,1,Away Win,7,2,9,Home Win,3,3,Draw
15/01/2023,I1,Udinese,Bologna,1,2,GG,Yes,1,0,Home Win,6,4,10,Home Win,1,3,Away Win
15/01/2023,I1,Atalanta,Salernitana,8,2,GG,Yes,5,1,Home Win,5,2,7,Home Win,1,0,Home Win
15/01/2023,I1,Roma,Fiorentina,2,0,NG,No,1,0,Home Win,5,9,14,Away Win,3,4,Away Win
16/01/2023,I1,Empoli,Sampdoria,1,0,NG,No,0,0,Draw,3,3,6,Draw,5,6,Away Win
21/01/2023,I1,Verona,Lecce,2,0,NG,No,1,0,Home Win,5,4,9,Home Win,3,0,Home Win
21/01/2023,I1,Salernitana,Napoli,0,2,NG,No,0,1,Away Win,3,4,7,Away Win,2,2,Draw
21/01/2023,I1,Fiorentina,Torino,0,1,NG,No,0,1,Away Win,5,3,8,Home Win,2,2,Draw
22/01/2023,I1,Sampdoria,Udinese,0,1,NG,No,0,0,Draw,6,6,12,Draw,3,1,Home Win
22/01/2023,I1,Monza,Sassuolo,1,1,GG,No,0,1,Away Win,10,4,14,Home Win,2,2,Draw
22/01/2023,I1,Spezia,Roma,0,2,NG,No,0,1,Away Win,4,0,4,Home Win,3,1,Home Win
22/01/2023,I1,Juventus,Atalanta,3,3,GG,Yes,2,1,Home Win,6,4,10,Home Win,1,2,Away Win
23/01/2023,I1,Bologna,Cremonese,1,1,GG,No,0,0,Draw,4,1,5,Home Win,2,5,Away Win
23/01/2023,I1,Inter,Empoli,0,1,NG,No,0,0,Draw,2,3,5,Away Win,4,3,Home Win
24/01/2023,I1,Lazio,Milan,4,0,NG,Yes,2,0,Home Win,3,4,7,Away Win,1,2,Away Win
27/01/2023,I1,Bologna,Spezia,2,0,NG,No,1,0,Home Win,5,5,10,Draw,2,2,Draw
27/01/2023,I1,Lecce,Salernitana,1,2,GG,Yes,1,2,Away Win,4,4,8,Draw,2,4,Away Win
28/01/2023,I1,Empoli,Torino,2,2,GG,Yes,1,0,Home Win,5,5,10,Draw,2,0,Home Win
28/01/2023,I1,Cremonese,Inter,1,2,GG,Yes,1,1,Draw,2,14,16,Away Win,0,2,Away Win
28/01/2023,I1,Atalanta,Sampdoria,2,0,NG,No,1,0,Home Win,7,4,11,Home Win,0,2,Away Win
29/01/2023,I1,Milan,Sassuolo,2,5,GG,Yes,1,3,Away Win,2,3,5,Away Win,7,4,Home Win
29/01/2023,I1,Juventus,Monza,0,2,NG,No,0,2,Away Win,12,1,13,Home Win,0,2,Away Win
29/01/2023,I1,Lazio,Fiorentina,1,1,GG,No,1,0,Home Win,3,4,7,Away Win,2,3,Away Win
29/01/2023,I1,Napoli,Roma,2,1,GG,Yes,1,0,Home Win,3,8,11,Away Win,1,2,Away Win
30/01/2023,I1,Udinese,Verona,1,1,GG,No,1,1,Draw,14,6,20,Home Win,1,3,Away Win
04/02/2023,I1,Cremonese,Lecce,0,2,NG,No,0,0,Draw,4,8,12,Away Win,1,2,Away Win
04/02/2023,I1,Roma,Empoli,2,0,NG,No,2,0,Home Win,7,7,14,Draw,2,1,Home Win
04/02/2023,I1,Sassuolo,Atalanta,1,0,NG,No,0,0,Draw,2,7,9,Away Win,5,1,Home Win
05/02/2023,I1,Spezia,Napoli,0,3,NG,Yes,0,0,Draw,3,6,9,Away Win,3,2,Home Win
05/02/2023,I1,Torino,Udinese,1,0,NG,No,0,0,Draw,6,5,11,Home Win,1,1,Draw
05/02/2023,I1,Fiorentina,Bologna,1,2,GG,Yes,1,1,Draw,5,3,8,Home Win,2,4,Away Win
05/02/2023,I1,Inter,Milan,1,0,NG,No,1,0,Home Win,8,0,8,Home Win,2,5,Away Win
06/02/2023,I1,Verona,Lazio,1,1,GG,No,0,1,Away Win,6,5,11,Home Win,4,1,Home Win
06/02/2023,I1,Monza,Sampdoria,2,2,GG,Yes,1,1,Draw,9,3,12,Home Win,2,4,Away Win
07/02/2023,I1,Salernitana,Juventus,0,3,NG,Yes,0,2,Away Win,6,3,9,Home Win,1,1,Draw
10/02/2023,I1,Milan,Torino,1,0,NG,No,0,0,Draw,3,8,11,Away Win,1,4,Away Win
11/02/2023,I1,Empoli,Spezia,2,2,GG,Yes,0,2,Away Win,7,3,10,Home Win,1,5,Away Win
11/02/2023,I1,Lecce,Roma,1,1,GG,No,1,1,Draw,3,7,10,Away Win,4,1,Home Win
11/02/2023,I1,Lazio,Atalanta,0,2,NG,No,0,1,Away Win,5,7,12,Away Win,1,2,Away Win
12/02/2023,I1,Udinese,Sassuolo,2,2,GG,Yes,2,2,Draw,10,7,17,Home Win,2,2,Draw
12/02/2023,I1,Bologna,Monza,0,1,NG,No,0,1,Away Win,3,2,5,Home Win,1,4,Away Win
12/02/2023,I1,Juventus,Fiorentina,1,0,NG,No,1,0,Home Win,5,6,11,Away Win,5,2,Home Win
12/02/2023,I1,Napoli,Cremonese,3,0,NG,Yes,1,0,Home Win,9,7,16,Home Win,0,2,Away Win
13/02/2023,I1,Verona,Salernitana,1,0,NG,No,1,0,Home Win,5,1,6,Home Win,2,3,Away Win
13/02/2023,I1,Sampdoria,Inter,0,0,NG,No,0,0,Draw,3,7,10,Away Win,3,1,Home Win
17/02/2023,I1,Sassuolo,Napoli,0,2,NG,No,0,2,Away Win,1,3,4,Away Win,2,2,Draw
18/02/2023,I1,Sampdoria,Bologna,1,2,GG,Yes,0,1,Away Win,1,8,9,Away Win,3,1,Home Win
18/02/2023,I1,Monza,Milan,0,1,NG,No,0,1,Away Win,10,3,13,Home Win,4,2,Home Win
18/02/2023,I1,Inter,Udinese,3,1,GG,Yes,1,1,Draw,3,8,11,Away Win,2,2,Draw
19/02/2023,I1,Atalanta,Lecce,1,2,GG,Yes,0,1,Away Win,6,1,7,Home Win,3,3,Draw
19/02/2023,I1,Fiorentina,Empoli,1,1,GG,No,0,1,Away Win,13,1,14,Home Win,1,5,Away Win
19/02/2023,I1,Salernitana,Lazio,0,2,NG,No,0,0,Draw,2,9,11,Away Win,5,1,Home Win
19/02/2023,I1,Spezia,Juventus,0,2,NG,No,0,1,Away Win,7,4,11,Home Win,2,2,Draw
19/02/2023,I1,Roma,Verona,1,0,NG,No,1,0,Home Win,5,1,6,Home Win,1,2,Away Win
20/02/2023,I1,Torino,Cremonese,2,2,GG,Yes,1,0,Home Win,5,1,6,Home Win,3,1,Home Win
25/02/2023,I1,Empoli,Napoli,0,2,NG,No,0,2,Away Win,4,13,17,Away Win,2,1,Home Win
25/02/2023,I1,Lecce,Sassuolo,0,1,NG,No,0,0,Draw,4,7,11,Away Win,2,2,Draw
26/02/2023,I1,Bologna,Inter,1,0,NG,No,0,0,Draw,1,6,7,Away Win,1,2,Away Win
26/02/2023,I1,Salernitana,Monza,3,0,NG,Yes,0,0,Draw,1,3,4,Away Win,2,4,Away Win
26/02/2023,I1,Udinese,Spezia,2,2,GG,Yes,1,1,Draw,5,2,7,Home Win,2,2,Draw
26/02/2023,I1,Milan,Atalanta,2,0,NG,No,1,0,Home Win,4,3,7,Home Win,3,2,Home Win
27/02/2023,I1,Verona,Fiorentina,0,3,NG,Yes,0,2,Away Win,4,2,6,Home Win,3,3,Draw
27/02/2023,I1,Lazio,Sampdoria,1,0,NG,No,0,0,Draw,8,3,11,Home Win,2,2,Draw
28/02/2023,I1,Cremonese,Roma,2,1,GG,Yes,1,0,Home Win,3,3,6,Draw,3,2,Home Win
28/02/2023,I1,Juventus,Torino,4,2,GG,Yes,2,2,Draw,3,7,10,Away Win,0,2,Away Win
03/03/2023,I1,Napoli,Lazio,0,1,NG,No,0,0,Draw,8,3,11,Home Win,2,2,Draw
04/03/2023,I1,Monza,Empoli,2,1,GG,Yes,1,0,Home Win,1,8,9,Away Win,2,3,Away Win
04/03/2023,I1,Atalanta,Udinese,0,0,NG,No,0,0,Draw,12,3,15,Home Win,2,3,Away Win
04/03/2023,I1,Fiorentina,Milan,2,1,GG,Yes,0,0,Draw,11,5,16,Home Win,3,3,Draw
05/03/2023,I1,Spezia,Verona,0,0,NG,No,0,0,Draw,9,5,14,Home Win,2,1,Home Win
05/03/2023,I1,Sampdoria,Salernitana,0,0,NG,No,0,0,Draw,2,6,8,Away Win,3,4,Away Win
05/03/2023,I1,Inter,Lecce,2,0,NG,No,1,0,Home Win,6,4,10,Home Win,0,0,Draw
05/03/2023,I1,Roma,Juventus,1,0,NG,No,0,0,Draw,2,6,8,Away Win,3,2,Home Win
06/03/2023,I1,Sassuolo,Cremonese,3,2,GG,Yes,2,0,Home Win,4,3,7,Home Win,1,4,Away Win
06/03/2023,I1,Torino,Bologna,1,0,NG,No,1,0,Home Win,3,3,6,Draw,2,2,Draw
10/03/2023,I1,Spezia,Inter,2,1,GG,Yes,0,0,Draw,1,13,14,Away Win,3,0,Home Win
11/03/2023,I1,Empoli,Udinese,0,1,NG,No,0,0,Draw,11,5,16,Home Win,2,4,Away Win
11/03/2023,I1,Napoli,Atalanta,2,0,NG,No,0,0,Draw,10,4,14,Home Win,1,2,Away Win
11/03/2023,I1,Bologna,Lazio,0,0,NG,No,0,0,Draw,5,2,7,Home Win,2,3,Away Win
12/03/2023,I1,Lecce,Torino,0,2,NG,No,0,2,Away Win,9,1,10,Home Win,3,3,Draw
12/03/2023,I1,Cremonese,Fiorentina,0,2,NG,No,0,1,Away Win,1,6,7,Away Win,1,2,Away Win
12/03/2023,I1,Verona,Monza,1,1,GG,No,0,0,Draw,7,2,9,Home Win,2,0,Home Win
12/03/2023,I1,Roma,Sassuolo,3,4,GG,Yes,1,3,Away Win,7,2,9,Home Win,4,2,Home Win
12/03/2023,I1,Juventus,Sampdoria,4,2,GG,Yes,2,2,Draw,11,3,14,Home Win,1,1,Draw
13/03/2023,I1,Milan,Salernitana,1,1,GG,No,1,0,Home Win,6,4,10,Home Win,2,3,Away Win
17/03/2023,I1,Sassuolo,Spezia,1,0,NG,No,0,0,Draw,3,3,6,Draw,0,2,Away Win
17/03/2023,I1,Atalanta,Empoli,2,1,GG,Yes,0,1,Away Win,13,2,15,Home Win,3,2,Home Win
18/03/2023,I1,Monza,Cremonese,1,1,GG,No,0,0,Draw,8,4,12,Home Win,3,5,Away Win
18/03/2023,I1,Salernitana,Bologna,2,2,GG,Yes,1,1,Draw,5,4,9,Home Win,0,1,Away Win
18/03/2023,I1,Udinese,Milan,3,1,GG,Yes,2,1,Home Win,5,6,11,Away Win,4,2,Home Win
19/03/2023,I1,Sampdoria,Verona,3,1,GG,Yes,2,0,Home Win,5,8,13,Away Win,3,2,Home Win
19/03/2023,I1,Fiorentina,Lecce,1,0,NG,No,1,0,Home Win,1,3,4,Away Win,1,3,Away Win
19/03/2023,I1,Torino,Napoli,0,4,NG,Yes,0,2,Away Win,5,4,9,Home Win,1,1,Draw
19/03/2023,I1,Lazio,Roma,1,0,NG,No,0,0,Draw,5,2,7,Home Win,4,4,Draw
19/03/2023,I1,Inter,Juventus,0,1,NG,No,0,1,Away Win,6,4,10,Home Win,3,4,Away Win
01/04/2023,I1,Cremonese,Atalanta,1,3,GG,Yes,0,1,Away Win,0,6,6,Away Win,3,2,Home Win
01/04/2023,I1,Inter,Fiorentina,0,1,NG,No,0,0,Draw,10,8,18,Home Win,2,3,Away Win
01/04/2023,I1,Juventus,Verona,1,0,NG,No,0,0,Draw,3,5,8,Away Win,1,2,Away Win
02/04/2023,I1,Bologna,Udinese,3,0,NG,Yes,2,0,Home Win,2,7,9,Away Win,1,1,Draw
02/04/2023,I1,Monza,Lazio,0,2,NG,No,0,1,Away Win,8,3,11,Home Win,5,2,Home Win
02/04/2023,I1,Spezia,Salernitana,1,1,GG,No,0,1,Away Win,9,5,14,Home Win,0,1,Away Win
02/04/2023,I1,Roma,Sampdoria,3,0,NG,Yes,0,0,Draw,10,3,13,Home Win,3,5,Away Win
02/04/2023,I1,Napoli,Milan,0,4,NG,Yes,0,2,Away Win,10,4,14,Home Win,1,2,Away Win
03/04/2023,I1,Empoli,Lecce,1,0,NG,No,0,0,Draw,3,4,7,Away Win,3,2,Home Win
03/04/2023,I1,Sassuolo,Torino,1,1,GG,No,1,0,Home Win,6,7,13,Away Win,1,1,Draw
07/04/2023,I1,Salernitana,Inter,1,1,GG,No,0,1,Away Win,2,8,10,Away Win,2,2,Draw
07/04/2023,I1,Lecce,Napoli,1,2,GG,Yes,0,1,Away Win,5,4,9,Home Win,2,1,Home Win
07/04/2023,I1,Milan,Empoli,0,0,NG,No,0,0,Draw,9,0,9,Home Win,2,2,Draw
08/04/2023,I1,Udinese,Monza,2,2,GG,Yes,1,0,Home Win,4,2,6,Home Win,1,3,Away Win
08/04/2023,I1,Fiorentina,Spezia,1,1,GG,No,1,1,Draw,8,4,12,Home Win,0,7,Away Win
08/04/2023,I1,Atalanta,Bologna,0,2,NG,No,0,0,Draw,6,0,6,Home Win,3,2,Home Win
08/04/2023,I1,Sampdoria,Cremonese,2,3,GG,Yes,1,1,Draw,3,3,6,Draw,2,3,Away Win
08/04/2023,I1,Torino,Roma,0,1,NG,No,0,1,Away Win,7,4,11,Home Win,3,1,Home Win
08/04/2023,I1,Verona,Sassuolo,2,1,GG,Yes,0,1,Away Win,4,10,14,Away Win,3,4,Away Win
08/04/2023,I1,Lazio,Juventus,2,1,GG,Yes,1,1,Draw,6,6,12,Draw,2,5,Away Win
14/04/2023,I1,Cremonese,Empoli,1,0,NG,No,1,0,Home Win,3,8,11,Away Win,1,0,Home Win
14/04/2023,I1,Spezia,Lazio,0,3,NG,Yes,0,1,Away Win,2,3,5,Away Win,3,4,Away Win
15/04/2023,I1,Bologna,Milan,1,1,GG,No,1,1,Draw,2,6,8,Away Win,3,4,Away Win
15/04/2023,I1,Napoli,Verona,0,0,NG,No,0,0,Draw,4,0,4,Home Win,1,4,Away Win
15/04/2023,I1,Inter,Monza,0,1,NG,No,0,0,Draw,5,2,7,Home Win,2,2,Draw
16/04/2023,I1,Lecce,Sampdoria,1,1,GG,No,1,0,Home Win,11,8,19,Home Win,1,4,Away Win
16/04/2023,I1,Torino,Salernitana,1,1,GG,No,0,1,Away Win,4,2,6,Home Win,0,1,Away Win
16/04/2023,I1,Sassuolo,Juventus,1,0,NG,No,0,0,Draw,10,13,23,Away Win,0,1,Away Win
16/04/2023,I1,Roma,Udinese,3,0,NG,Yes,1,0,Home Win,6,2,8,Home Win,1,4,Away Win
17/04/2023,I1,Fiorentina,Atalanta,1,1,GG,No,0,1,Away Win,5,1,6,Home Win,1,3,Away Win
21/04/2023,I1,Verona,Bologna,2,1,GG,Yes,1,0,Home Win,4,2,6,Home Win,2,4,Away Win
22/04/2023,I1,Salernitana,Sassuolo,3,0,NG,Yes,2,0,Home Win,4,8,12,Away Win,1,2,Away Win
22/04/2023,I1,Lazio,Torino,0,1,NG,No,0,1,Away Win,3,4,7,Away Win,2,4,Away Win
22/04/2023,I1,Sampdoria,Spezia,1,1,GG,No,1,0,Home Win,9,9,18,Draw,1,1,Draw
23/04/2023,I1,Empoli,Inter,0,3,NG,Yes,0,0,Draw,5,4,9,Home Win,1,1,Draw
23/04/2023,I1,Monza,Fiorentina,3,2,GG,Yes,2,2,Draw,5,3,8,Home Win,3,3,Draw
23/04/2023,I1,Udinese,Cremonese,3,0,NG,Yes,3,0,Home Win,3,8,11,Away Win,2,3,Away Win
23/04/2023,I1,Milan,Lecce,2,0,NG,No,1,0,Home Win,4,2,6,Home Win,1,0,Home Win
23/04/2023,I1,Juventus,Napoli,0,1,NG,No,0,0,Draw,3,6,9,Away Win,4,1,Home Win
24/04/2023,I1,Atalanta,Roma,3,1,GG,Yes,1,0,Home Win,3,4,7,Away Win,3,1,Home Win
28/04/2023,I1,Lecce,Udinese,1,0,NG,No,0,0,Draw,7,4,11,Home Win,4,2,Home Win
28/04/2023,I1,Spezia,Monza,0,2,NG,No,0,1,Away Win,3,3,6,Draw,1,2,Away Win
29/04/2023,I1,Roma,Milan,1,1,GG,No,0,0,Draw,1,5,6,Away Win,3,2,Home Win
29/04/2023,I1,Torino,Atalanta,1,2,GG,Yes,0,1,Away Win,3,3,6,Draw,1,1,Draw
30/04/2023,I1,Inter,Lazio,3,1,GG,Yes,0,1,Away Win,2,3,5,Away Win,2,3,Away Win
30/04/2023,I1,Cremonese,Verona,1,1,GG,No,1,0,Home Win,3,5,8,Away Win,0,0,Draw
30/04/2023,I1,Napoli,Salernitana,1,1,GG,No,0,0,Draw,10,0,10,Home Win,2,2,Draw
30/04/2023,I1,Sassuolo,Empoli,2,1,GG,Yes,0,1,Away Win,7,5,12,Home Win,2,1,Home Win
30/04/2023,I1,Fiorentina,Sampdoria,5,0,NG,Yes,1,0,Home Win,11,0,11,Home Win,2,1,Home Win
30/04/2023,I1,Bologna,Juventus,1,1,GG,No,1,0,Home Win,4,5,9,Away Win,2,2,Draw
03/05/2023,I1,Atalanta,Spezia,3,2,GG,Yes,1,1,Draw,12,3,15,Home Win,0,3,Away Win
03/05/2023,I1,Juventus,Lecce,2,1,GG,Yes,2,1,Home Win,6,7,13,Away Win,2,2,Draw
03/05/2023,I1,Salernitana,Fiorentina,3,3,GG,Yes,1,1,Draw,2,3,5,Away Win,3,5,Away Win
03/05/2023,I1,Sampdoria,Torino,0,2,NG,No,0,1,Away Win,2,3,5,Away Win,3,2,Home Win
03/05/2023,I1,Lazio,Sassuolo,2,0,NG,No,1,0,Home Win,1,2,3,Away Win,3,5,Away Win
03/05/2023,I1,Milan,Cremonese,1,1,GG,No,0,0,Draw,10,0,10,Home Win,0,3,Away Win
03/05/2023,I1,Monza,Roma,1,1,GG,No,1,1,Draw,4,3,7,Home Win,3,4,Away Win
03/05/2023,I1,Verona,Inter,0,6,NG,Yes,0,3,Away Win,2,7,9,Away Win,0,0,Draw
04/05/2023,I1,Empoli,Bologna,3,1,GG,Yes,2,0,Home Win,2,5,7,Away Win,3,0,Home Win
04/05/2023,I1,Udinese,Napoli,1,1,GG,No,1,0,Home Win,2,6,8,Away Win,1,0,Home Win
06/05/2023,I1,Milan,Lazio,2,0,NG,No,2,0,Home Win,6,4,10,Home Win,2,4,Away Win
06/05/2023,I1,Roma,Inter,0,2,NG,No,0,1,Away Win,12,5,17,Home Win,3,2,Home Win
06/05/2023,I1,Cremonese,Spezia,2,0,NG,No,1,0,Home Win,3,13,16,Away Win,0,2,Away Win
07/05/2023,I1,Atalanta,Juventus,0,2,NG,No,0,0,Draw,7,3,10,Home Win,1,2,Away Win
07/05/2023,I1,Torino,Monza,1,1,GG,No,0,0,Draw,7,4,11,Home Win,2,1,Home Win
07/05/2023,I1,Napoli,Fiorentina,1,0,NG,No,0,0,Draw,0,5,5,Away Win,0,0,Draw
07/05/2023,I1,Lecce,Verona,0,1,NG,No,0,0,Draw,4,4,8,Draw,2,5,Away Win
08/05/2023,I1,Empoli,Salernitana,2,1,GG,Yes,1,0,Home Win,8,7,15,Home Win,2,2,Draw
08/05/2023,I1,Udinese,Sampdoria,2,0,NG,No,2,0,Home Win,7,3,10,Home Win,2,2,Draw
08/05/2023,I1,Sassuolo,Bologna,1,1,GG,No,1,1,Draw,4,4,8,Draw,1,1,Draw
12/05/2023,I1,Lazio,Lecce,2,2,GG,Yes,1,1,Draw,2,3,5,Away Win,3,5,Away Win
13/05/2023,I1,Salernitana,Atalanta,1,0,NG,No,0,0,Draw,5,3,8,Home Win,2,2,Draw
13/05/2023,I1,Spezia,Milan,2,0,NG,No,0,0,Draw,6,9,15,Away Win,1,1,Draw
13/05/2023,I1,Inter,Sassuolo,4,2,GG,Yes,1,0,Home Win,1,5,6,Away Win,2,3,Away Win
14/05/2023,I1,Verona,Torino,0,1,NG,No,0,1,Away Win,3,4,7,Away Win,3,2,Home Win
14/05/2023,I1,Fiorentina,Udinese,2,0,NG,No,1,0,Home Win,3,3,6,Draw,3,3,Draw
14/05/2023,I1,Monza,Napoli,2,0,NG,No,1,0,Home Win,6,10,16,Away Win,1,1,Draw
14/05/2023,I1,Bologna,Roma,0,0,NG,No,0,0,Draw,3,6,9,Away Win,2,1,Home Win
14/05/2023,I1,Juventus,Cremonese,2,0,NG,No,0,0,Draw,7,0,7,Home Win,2,0,Home Win
15/05/2023,I1,Sampdoria,Empoli,1,1,GG,No,1,0,Home Win,1,2,3,Away Win,3,4,Away Win
19/05/2023,I1,Sassuolo,Monza,1,2,GG,Yes,1,0,Home Win,6,3,9,Home Win,2,5,Away Win
20/05/2023,I1,Cremonese,Bologna,1,5,GG,Yes,0,3,Away Win,3,9,12,Away Win,1,2,Away Win
20/05/2023,I1,Atalanta,Verona,3,1,GG,Yes,1,1,Draw,6,3,9,Home Win,1,3,Away Win
20/05/2023,I1,Milan,Sampdoria,5,1,GG,Yes,3,1,Home Win,7,2,9,Home Win,1,3,Away Win
21/05/2023,I1,Lecce,Spezia,0,0,NG,No,0,0,Draw,2,5,7,Away Win,2,3,Away Win
21/05/2023,I1,Torino,Fiorentina,1,1,GG,No,0,0,Draw,3,3,6,Draw,1,2,Away Win
21/05/2023,I1,Napoli,Inter,3,1,GG,Yes,0,0,Draw,4,1,5,Home Win,1,2,Away Win
21/05/2023,I1,Udinese,Lazio,0,1,NG,No,0,0,Draw,3,8,11,Away Win,3,1,Home Win
22/05/2023,I1,Roma,Salernitana,2,2,GG,Yes,0,1,Away Win,6,4,10,Home Win,1,4,Away Win
22/05/2023,I1,Empoli,Juventus,4,1,GG,Yes,2,0,Home Win,3,7,10,Away Win,2,2,Draw
26/05/2023,I1,Sampdoria,Sassuolo,2,2,GG,Yes,1,2,Away Win,8,4,12,Home Win,1,2,Away Win
27/05/2023,I1,Salernitana,Udinese,3,2,GG,Yes,1,2,Away Win,2,1,3,Home Win,3,3,Draw
27/05/2023,I1,Spezia,Torino,0,4,NG,Yes,0,1,Away Win,5,2,7,Home Win,2,2,Draw
27/05/2023,I1,Fiorentina,Roma,2,1,GG,Yes,0,1,Away Win,7,4,11,Home Win,5,3,Home Win
27/05/2023,I1,Inter,Atalanta,3,2,GG,Yes,2,1,Home Win,9,7,16,Home Win,0,1,Away Win
28/05/2023,I1,Verona,Empoli,1,1,GG,No,0,0,Draw,3,3,6,Draw,4,0,Home Win
28/05/2023,I1,Bologna,Napoli,2,2,GG,Yes,0,1,Away Win,4,4,8,Draw,1,3,Away Win
28/05/2023,I1,Monza,Lecce,0,1,NG,No,0,0,Draw,1,3,4,Away Win,2,3,Away Win
28/05/2023,I1,Lazio,Cremonese,3,2,GG,Yes,2,0,Home Win,4,3,7,Home Win,2,2,Draw
28/05/2023,I1,Juventus,Milan,0,1,NG,No,0,1,Away Win,4,5,9,Away Win,1,2,Away Win
02/06/2023,I1,Sassuolo,Fiorentina,1,3,GG,Yes,0,0,Draw,2,4,6,Away Win,4,4,Draw
03/06/2023,I1,Torino,Inter,0,1,NG,No,0,1,Away Win,6,4,10,Home Win,1,2,Away Win
03/06/2023,I1,Cremonese,Salernitana,2,0,NG,No,1,0,Home Win,4,6,10,Away Win,1,2,Away Win
03/06/2023,I1,Empoli,Lazio,0,2,NG,No,0,0,Draw,6,7,13,Away Win,3,2,Home Win
04/06/2023,I1,Napoli,Sampdoria,2,0,NG,No,0,0,Draw,11,0,11,Home Win,0,1,Away Win
04/06/2023,I1,Atalanta,Monza,5,2,GG,Yes,2,0,Home Win,5,1,6,Home Win,1,2,Away Win
04/06/2023,I1,Lecce,Bologna,2,3,GG,Yes,1,0,Home Win,7,2,9,Home Win,1,3,Away Win
04/06/2023,I1,Milan,Verona,3,1,GG,Yes,1,0,Home Win,7,1,8,Home Win,1,4,Away Win
04/06/2023,I1,Roma,Spezia,2,1,GG,Yes,1,1,Draw,6,2,8,Home Win,2,8,Away Win
04/06/2023,I1,Udinese,Juventus,0,1,NG,No,0,0,Draw,6,14,20,Away Win,2,2,Draw
19/08/2023,I1,Empoli,Verona,0,1,NG,No,0,0,Draw,2,4,6,Away Win,2,2,Draw
19/08/2023,I1,Frosinone,Napoli,1,3,GG,Yes,1,2,Away Win,4,6,10,Away Win,3,3,Draw
19/08/2023,I1,Genoa,Fiorentina,1,4,GG,Yes,0,3,Away Win,3,4,7,Away Win,2,3,Away Win
19/08/2023,I1,Inter,Monza,2,0,NG,No,1,0,Home Win,8,3,11,Home Win,1,1,Draw
20/08/2023,I1,Roma,Salernitana,2,2,GG,Yes,1,1,Draw,9,1,10,Home Win,0,4,Away Win
20/08/2023,I1,Sassuolo,Atalanta,0,2,NG,No,0,0,Draw,7,7,14,Draw,0,0,Draw
20/08/2023,I1,Lecce,Lazio,2,1,GG,Yes,0,1,Away Win,5,2,7,Home Win,3,2,Home Win
20/08/2023,I1,Udinese,Juventus,0,3,NG,Yes,0,3,Away Win,7,3,10,Home Win,1,3,Away Win
21/08/2023,I1,Torino,Cagliari,0,0,NG,No,0,0,Draw,8,3,11,Home Win,1,1,Draw
21/08/2023,I1,Bologna,Milan,0,2,NG,No,0,2,Away Win,3,6,9,Away Win,2,2,Draw
26/08/2023,I1,Frosinone,Atalanta,2,1,GG,Yes,2,0,Home Win,3,7,10,Away Win,1,2,Away Win
26/08/2023,I1,Monza,Empoli,2,0,NG,No,1,0,Home Win,6,5,11,Home Win,1,2,Away Win
26/08/2023,I1,Milan,Torino,4,1,GG,Yes,3,1,Home Win,2,1,3,Home Win,2,3,Away Win
26/08/2023,I1,Verona,Roma,2,1,GG,Yes,2,0,Home Win,1,12,13,Away Win,1,3,Away Win
27/08/2023,I1,Fiorentina,Lecce,2,2,GG,Yes,2,0,Home Win,3,3,6,Draw,1,3,Away Win
27/08/2023,I1,Juventus,Bologna,1,1,GG,No,0,1,Away Win,5,1,6,Home Win,2,1,Home Win
27/08/2023,I1,Lazio,Genoa,0,1,NG,No,0,1,Away Win,15,1,16,Home Win,4,2,Home Win
27/08/2023,I1,Napoli,Sassuolo,2,0,NG,No,1,0,Home Win,12,4,16,Home Win,0,1,Away Win
28/08/2023,I1,Salernitana,Udinese,1,1,GG,No,0,0,Draw,7,5,12,Home Win,4,4,Draw
28/08/2023,I1,Cagliari,Inter,0,2,NG,No,0,2,Away Win,4,7,11,Away Win,1,1,Draw
01/09/2023,I1,Sassuolo,Verona,3,1,GG,Yes,1,0,Home Win,10,1,11,Home Win,1,3,Away Win
01/09/2023,I1,Roma,Milan,1,2,GG,Yes,0,1,Away Win,3,5,8,Away Win,2,4,Away Win
02/09/2023,I1,Bologna,Cagliari,2,1,GG,Yes,0,1,Away Win,5,2,7,Home Win,1,2,Away Win
02/09/2023,I1,Udinese,Frosinone,0,0,NG,No,0,0,Draw,3,5,8,Away Win,2,2,Draw
02/09/2023,I1,Atalanta,Monza,3,0,NG,Yes,2,0,Home Win,7,3,10,Home Win,0,3,Away Win
02/09/2023,I1,Napoli,Lazio,1,2,GG,Yes,1,1,Draw,7,2,9,Home Win,1,2,Away Win
03/09/2023,I1,Inter,Fiorentina,4,0,NG,Yes,1,0,Home Win,1,1,2,Draw,1,1,Draw
03/09/2023,I1,Torino,Genoa,1,0,NG,No,0,0,Draw,4,0,4,Home Win,2,5,Away Win
03/09/2023,I1,Empoli,Juventus,0,2,NG,No,0,1,Away Win,3,7,10,Away Win,3,3,Draw
03/09/2023,I1,Lecce,Salernitana,2,0,NG,No,1,0,Home Win,6,5,11,Home Win,3,3,Draw
16/09/2023,I1,Juventus,Lazio,3,1,GG,Yes,2,0,Home Win,7,9,16,Away Win,5,1,Home Win
16/09/2023,I1,Inter,Milan,5,1,GG,Yes,2,0,Home Win,5,0,5,Home Win,2,2,Draw
16/09/2023,I1,Genoa,Napoli,2,2,GG,Yes,1,0,Home Win,3,1,4,Home Win,3,2,Home Win
17/09/2023,I1,Cagliari,Udinese,0,0,NG,No,0,0,Draw,4,6,10,Away Win,2,1,Home Win
17/09/2023,I1,Frosinone,Sassuolo,4,2,GG,Yes,1,2,Away Win,5,6,11,Away Win,4,2,Home Win
17/09/2023,I1,Monza,Lecce,1,1,GG,No,1,1,Draw,10,1,11,Home Win,6,1,Home Win
17/09/2023,I1,Fiorentina,Atalanta,3,2,GG,Yes,2,1,Home Win,3,4,7,Away Win,1,2,Away Win
17/09/2023,I1,Roma,Empoli,7,0,NG,Yes,3,0,Home Win,2,6,8,Away Win,2,2,Draw
18/09/2023,I1,Salernitana,Torino,0,3,NG,Yes,0,2,Away Win,1,2,3,Away Win,2,2,Draw
18/09/2023,I1,Verona,Bologna,0,0,NG,No,0,0,Draw,3,4,7,Away Win,4,2,Home Win
22/09/2023,I1,Salernitana,Frosinone,1,1,GG,No,0,1,Away Win,8,6,14,Home Win,2,2,Draw
22/09/2023,I1,Lecce,Genoa,1,0,NG,No,0,0,Draw,4,3,7,Home Win,1,3,Away Win
23/09/2023,I1,Milan,Verona,1,0,NG,No,1,0,Home Win,2,3,5,Away Win,4,2,Home Win
23/09/2023,I1,Sassuolo,Juventus,4,2,GG,Yes,2,1,Home Win,6,3,9,Home Win,4,2,Home Win
23/09/2023,I1,Lazio,Monza,1,1,GG,No,1,1,Draw,1,3,4,Away Win,2,2,Draw
24/09/2023,I1,Empoli,Inter,0,1,NG,No,0,0,Draw,3,6,9,Away Win,2,2,Draw
24/09/2023,I1,Atalanta,Cagliari,2,0,NG,No,1,0,Home Win,7,7,14,Draw,1,2,Away Win
24/09/2023,I1,Udinese,Fiorentina,0,2,NG,No,0,1,Away Win,10,3,13,Home Win,0,1,Away Win
24/09/2023,I1,Bologna,Napoli,0,0,NG,No,0,0,Draw,5,5,10,Draw,4,5,Away Win
24/09/2023,I1,Torino,Roma,1,1,GG,No,0,0,Draw,7,1,8,Home Win,0,2,Away Win
26/09/2023,I1,Juventus,Lecce,1,0,NG,No,0,0,Draw,5,1,6,Home Win,2,5,Away Win
27/09/2023,I1,Cagliari,Milan,1,3,GG,Yes,1,2,Away Win,3,5,8,Away Win,3,1,Home Win
27/09/2023,I1,Empoli,Salernitana,1,0,NG,No,1,0,Home Win,10,2,12,Home Win,2,1,Home Win
27/09/2023,I1,Verona,Atalanta,0,1,NG,No,0,1,Away Win,4,1,5,Home Win,2,3,Away Win
27/09/2023,I1,Inter,Sassuolo,1,2,GG,Yes,1,0,Home Win,8,6,14,Home Win,0,1,Away Win
27/09/2023,I1,Lazio,Torino,2,0,NG,No,0,0,Draw,4,2,6,Home Win,1,4,Away Win
27/09/2023,I1,Napoli,Udinese,4,1,GG,Yes,2,0,Home Win,8,4,12,Home Win,1,1,Draw
28/09/2023,I1,Frosinone,Fiorentina,1,1,GG,No,0,1,Away Win,8,10,18,Away Win,3,3,Draw
28/09/2023,I1,Monza,Bologna,0,0,NG,No,0,0,Draw,7,5,12,Home Win,5,3,Home Win
28/09/2023,I1,Genoa,Roma,4,1,GG,Yes,2,1,Home Win,1,7,8,Away Win,4,3,Home Win
30/09/2023,I1,Lecce,Napoli,0,4,NG,Yes,0,1,Away Win,3,7,10,Away Win,3,2,Home Win
30/09/2023,I1,Milan,Lazio,2,0,NG,No,0,0,Draw,7,1,8,Home Win,3,2,Home Win
30/09/2023,I1,Salernitana,Inter,0,4,NG,Yes,0,0,Draw,3,3,6,Draw,2,1,Home Win
01/10/2023,I1,Bologna,Empoli,3,0,NG,Yes,1,0,Home Win,2,6,8,Away Win,2,4,Away Win
01/10/2023,I1,Udinese,Genoa,2,2,GG,Yes,1,2,Away Win,5,0,5,Home Win,2,2,Draw
01/10/2023,I1,Atalanta,Juventus,0,0,NG,No,0,0,Draw,5,2,7,Home Win,1,2,Away Win
01/10/2023,I1,Roma,Frosinone,2,0,NG,No,1,0,Home Win,7,3,10,Home Win,1,2,Away Win
02/10/2023,I1,Sassuolo,Monza,0,1,NG,No,0,0,Draw,7,4,11,Home Win,0,0,Draw
02/10/2023,I1,Torino,Verona,0,0,NG,No,0,0,Draw,10,1,11,Home Win,1,1,Draw
02/10/2023,I1,Fiorentina,Cagliari,3,0,NG,Yes,2,0,Home Win,4,2,6,Home Win,1,1,Draw
06/10/2023,I1,Empoli,Udinese,0,0,NG,No,0,0,Draw,5,7,12,Away Win,1,2,Away Win
06/10/2023,I1,Lecce,Sassuolo,1,1,GG,No,0,1,Away Win,5,3,8,Home Win,2,3,Away Win
07/10/2023,I1,Inter,Bologna,2,2,GG,Yes,2,1,Home Win,7,7,14,Draw,2,3,Away Win
07/10/2023,I1,Juventus,Torino,2,0,NG,No,0,0,Draw,7,3,10,Home Win,1,1,Draw
07/10/2023,I1,Genoa,Milan,0,1,NG,No,0,0,Draw,3,2,5,Home Win,3,5,Away Win
08/10/2023,I1,Monza,Salernitana,3,0,NG,Yes,2,0,Home Win,7,7,14,Draw,1,2,Away Win
08/10/2023,I1,Frosinone,Verona,2,1,GG,Yes,1,0,Home Win,2,4,6,Away Win,1,4,Away Win
08/10/2023,I1,Lazio,Atalanta,3,2,GG,Yes,2,1,Home Win,4,6,10,Away Win,1,1,Draw
08/10/2023,I1,Cagliari,Roma,1,4,GG,Yes,0,2,Away Win,4,3,7,Home Win,2,3,Away Win
08/10/2023,I1,Napoli,Fiorentina,1,3,GG,Yes,1,1,Draw,6,4,10,Home Win,2,4,Away Win
21/10/2023,I1,Verona,Napoli,1,3,GG,Yes,0,2,Away Win,5,8,13,Away Win,3,2,Home Win
21/10/2023,I1,Torino,Inter,0,3,NG,Yes,0,0,Draw,2,4,6,Away Win,1,2,Away Win
21/10/2023,I1,Sassuolo,Lazio,0,2,NG,No,0,2,Away Win,5,7,12,Away Win,1,5,Away Win
22/10/2023,I1,Roma,Monza,1,0,NG,No,0,0,Draw,8,5,13,Home Win,2,4,Away Win
22/10/2023,I1,Bologna,Frosinone,2,1,GG,Yes,2,0,Home Win,4,5,9,Away Win,2,2,Draw
22/10/2023,I1,Salernitana,Cagliari,2,2,GG,Yes,0,0,Draw,8,5,13,Home Win,3,4,Away Win
22/10/2023,I1,Atalanta,Genoa,2,0,NG,No,0,0,Draw,8,4,12,Home Win,4,2,Home Win
22/10/2023,I1,Milan,Juventus,0,1,NG,No,0,0,Draw,6,3,9,Home Win,1,4,Away Win
23/10/2023,I1,Udinese,Lecce,1,1,GG,No,0,0,Draw,2,7,9,Away Win,3,5,Away Win
23/10/2023,I1,Fiorentina,Empoli,0,2,NG,No,0,1,Away Win,13,3,16,Home Win,1,3,Away Win
27/10/2023,I1,Genoa,Salernitana,1,0,NG,No,1,0,Home Win,7,0,7,Home Win,3,4,Away Win
28/10/2023,I1,Sassuolo,Bologna,1,1,GG,No,1,1,Draw,6,2,8,Home Win,1,4,Away Win
28/10/2023,I1,Lecce,Torino,0,1,NG,No,0,1,Away Win,3,0,3,Home Win,3,5,Away Win
28/10/2023,I1,Juventus,Verona,1,0,NG,No,0,0,Draw,5,1,6,Home Win,3,2,Home Win
29/10/2023,I1,Cagliari,Frosinone,4,3,GG,Yes,0,2,Away Win,5,7,12,Away Win,1,4,Away Win
29/10/2023,I1,Monza,Udinese,1,1,GG,No,1,0,Home Win,10,3,13,Home Win,2,1,Home Win
29/10/2023,I1,Inter,Roma,1,0,NG,No,0,0,Draw,8,0,8,Home Win,3,4,Away Win
29/10/2023,I1,Napoli,Milan,2,2,GG,Yes,0,2,Away Win,6,4,10,Home Win,4,3,Home Win
30/10/2023,I1,Empoli,Atalanta,0,3,NG,Yes,0,2,Away Win,3,6,9,Away Win,4,0,Home Win
30/10/2023,I1,Lazio,Fiorentina,1,0,NG,No,0,0,Draw,0,4,4,Away Win,3,3,Draw
03/11/2023,I1,Bologna,Lazio,1,0,NG,No,0,0,Draw,2,6,8,Away Win,2,5,Away Win
04/11/2023,I1,Salernitana,Napoli,0,2,NG,No,0,1,Away Win,8,9,17,Away Win,1,1,Draw
04/11/2023,I1,Atalanta,Inter,1,2,GG,Yes,0,1,Away Win,6,1,7,Home Win,4,1,Home Win
04/11/2023,I1,Milan,Udinese,0,1,NG,No,0,0,Draw,11,5,16,Home Win,1,2,Away Win
05/11/2023,I1,Verona,Monza,1,3,GG,Yes,0,1,Away Win,2,6,8,Away Win,1,2,Away Win
05/11/2023,I1,Cagliari,Genoa,2,1,GG,Yes,0,0,Draw,1,1,2,Draw,4,2,Home Win
05/11/2023,I1,Roma,Lecce,2,1,GG,Yes,0,0,Draw,5,2,7,Home Win,3,5,Away Win
05/11/2023,I1,Fiorentina,Juventus,0,1,NG,No,0,1,Away Win,9,2,11,Home Win,1,3,Away Win
06/11/2023,I1,Frosinone,Empoli,2,1,GG,Yes,0,0,Draw,9,2,11,Home Win,3,2,Home Win
06/11/2023,I1,Torino,Sassuolo,2,1,GG,Yes,1,1,Draw,9,2,11,Home Win,1,1,Draw
10/11/2023,I1,Sassuolo,Salernitana,2,2,GG,Yes,1,2,Away Win,11,0,11,Home Win,2,1,Home Win
10/11/2023,I1,Genoa,Verona,1,0,NG,No,1,0,Home Win,6,7,13,Away Win,1,4,Away Win
11/11/2023,I1,Lecce,Milan,2,2,GG,Yes,0,2,Away Win,3,1,4,Home Win,4,6,Away Win
11/11/2023,I1,Juventus,Cagliari,2,1,GG,Yes,0,0,Draw,12,4,16,Home Win,3,1,Home Win
11/11/2023,I1,Monza,Torino,1,1,GG,No,0,0,Draw,3,1,4,Home Win,2,2,Draw
12/11/2023,I1,Napoli,Empoli,0,1,NG,No,0,0,Draw,8,3,11,Home Win,1,1,Draw
12/11/2023,I1,Fiorentina,Bologna,2,1,GG,Yes,1,1,Draw,0,3,3,Away Win,2,2,Draw
12/11/2023,I1,Udinese,Atalanta,1,1,GG,No,1,0,Home Win,7,7,14,Draw,2,3,Away Win
12/11/2023,I1,Lazio,Roma,0,0,NG,No,0,0,Draw,4,1,5,Home Win,3,4,Away Win
12/11/2023,I1,Inter,Frosinone,2,0,NG,No,1,0,Home Win,9,4,13,Home Win,0,1,Away Win
25/11/2023,I1,Salernitana,Lazio,2,1,GG,Yes,0,1,Away Win,4,9,13,Away Win,5,3,Home Win
25/11/2023,I1,Atalanta,Napoli,1,2,GG,Yes,0,1,Away Win,5,4,9,Home Win,2,2,Draw
25/11/2023,I1,Milan,Fiorentina,1,0,NG,No,1,0,Home Win,3,11,14,Away Win,1,2,Away Win
26/11/2023,I1,Cagliari,Monza,1,1,GG,No,1,0,Home Win,10,11,21,Away Win,1,2,Away Win
26/11/2023,I1,Empoli,Sassuolo,3,4,GG,Yes,2,2,Draw,6,5,11,Home Win,4,2,Home Win
26/11/2023,I1,Frosinone,Genoa,2,1,GG,Yes,1,1,Draw,4,2,6,Home Win,2,4,Away Win
26/11/2023,I1,Roma,Udinese,3,1,GG,Yes,1,0,Home Win,7,1,8,Home Win,1,3,Away Win
26/11/2023,I1,Juventus,Inter,1,1,GG,No,1,1,Draw,1,0,1,Home Win,2,1,Home Win
27/11/2023,I1,Verona,Lecce,2,2,GG,Yes,1,1,Draw,4,2,6,Home Win,1,2,Away Win
27/11/2023,I1,Bologna,Torino,2,0,NG,No,0,0,Draw,3,2,5,Home Win,3,4,Away Win
01/12/2023,I1,Monza,Juventus,1,2,GG,Yes,0,1,Away Win,7,3,10,Home Win,1,2,Away Win
02/12/2023,I1,Genoa,Empoli,1,1,GG,No,1,0,Home Win,5,3,8,Home Win,3,1,Home Win
02/12/2023,I1,Lazio,Cagliari,1,0,NG,No,1,0,Home Win,4,3,7,Home Win,0,2,Away Win
02/12/2023,I1,Milan,Frosinone,3,1,GG,Yes,1,0,Home Win,6,7,13,Away Win,1,1,Draw
03/12/2023,I1,Lecce,Bologna,1,1,GG,No,0,0,Draw,6,3,9,Home Win,3,2,Home Win
03/12/2023,I1,Fiorentina,Salernitana,3,0,NG,Yes,2,0,Home Win,3,2,5,Home Win,1,0,Home Win
03/12/2023,I1,Udinese,Verona,3,3,GG,Yes,2,1,Home Win,5,3,8,Home Win,2,5,Away Win
03/12/2023,I1,Sassuolo,Roma,1,2,GG,Yes,1,0,Home Win,1,11,12,Away Win,4,1,Home Win
03/12/2023,I1,Napoli,Inter,0,3,NG,Yes,0,1,Away Win,6,4,10,Home Win,2,2,Draw
04/12/2023,I1,Torino,Atalanta,3,0,NG,Yes,1,0,Home Win,4,3,7,Home Win,2,2,Draw
08/12/2023,I1,Juventus,Napoli,1,0,NG,No,0,0,Draw,3,6,9,Away Win,2,4,Away Win
09/12/2023,I1,Verona,Lazio,1,1,GG,No,0,1,Away Win,1,7,8,Away Win,2,4,Away Win
09/12/2023,I1,Atalanta,Milan,3,2,GG,Yes,1,1,Draw,6,4,10,Home Win,1,5,Away Win
09/12/2023,I1,Inter,Udinese,4,0,NG,Yes,3,0,Home Win,6,1,7,Home Win,0,1,Away Win
10/12/2023,I1,Frosinone,Torino,0,0,NG,No,0,0,Draw,3,8,11,Away Win,3,3,Draw
10/12/2023,I1,Monza,Genoa,1,0,NG,No,0,0,Draw,2,3,5,Away Win,1,2,Away Win
10/12/2023,I1,Salernitana,Bologna,1,2,GG,Yes,0,2,Away Win,5,1,6,Home Win,7,2,Home Win
10/12/2023,I1,Roma,Fiorentina,1,1,GG,No,1,0,Home Win,1,6,7,Away Win,5,3,Home Win
11/12/2023,I1,Empoli,Lecce,1,1,GG,No,0,0,Draw,8,3,11,Home Win,2,2,Draw
11/12/2023,I1,Cagliari,Sassuolo,2,1,GG,Yes,0,1,Away Win,10,4,14,Home Win,1,7,Away Win
15/12/2023,I1,Genoa,Juventus,1,1,GG,No,0,1,Away Win,6,8,14,Away Win,2,3,Away Win
16/12/2023,I1,Lecce,Frosinone,2,1,GG,Yes,1,1,Draw,5,4,9,Home Win,1,4,Away Win
16/12/2023,I1,Napoli,Cagliari,2,1,GG,Yes,0,0,Draw,5,3,8,Home Win,5,3,Home Win
16/12/2023,I1,Torino,Empoli,1,0,NG,No,1,0,Home Win,6,4,10,Home Win,4,2,Home Win
17/12/2023,I1,Milan,Monza,3,0,NG,Yes,2,0,Home Win,4,5,9,Away Win,1,2,Away Win
17/12/2023,I1,Fiorentina,Verona,1,0,NG,No,0,0,Draw,1,6,7,Away Win,3,1,Home Win
17/12/2023,I1,Udinese,Sassuolo,2,2,GG,Yes,1,0,Home Win,1,13,14,Away Win,3,1,Home Win
17/12/2023,I1,Bologna,Roma,2,0,NG,No,1,0,Home Win,0,4,4,Away Win,4,4,Draw
17/12/2023,I1,Lazio,Inter,0,2,NG,No,0,1,Away Win,8,7,15,Home Win,1,2,Away Win
18/12/2023,I1,Atalanta,Salernitana,4,1,GG,Yes,0,1,Away Win,10,7,17,Home Win,1,2,Away Win
22/12/2023,I1,Empoli,Lazio,0,2,NG,No,0,1,Away Win,8,9,17,Away Win,3,2,Home Win
22/12/2023,I1,Sassuolo,Genoa,1,2,GG,Yes,1,0,Home Win,3,6,9,Away Win,2,1,Home Win
22/12/2023,I1,Monza,Fiorentina,0,1,NG,No,0,1,Away Win,1,4,5,Away Win,3,4,Away Win
22/12/2023,I1,Salernitana,Milan,2,2,GG,Yes,1,1,Draw,6,6,12,Draw,3,1,Home Win
23/12/2023,I1,Frosinone,Juventus,1,2,GG,Yes,0,1,Away Win,8,8,16,Draw,0,2,Away Win
23/12/2023,I1,Bologna,Atalanta,1,0,NG,No,0,0,Draw,2,3,5,Away Win,2,4,Away Win
23/12/2023,I1,Torino,Udinese,1,1,GG,No,0,0,Draw,8,2,10,Home Win,2,2,Draw
23/12/2023,I1,Inter,Lecce,2,0,NG,No,1,0,Home Win,16,2,18,Home Win,1,3,Away Win
23/12/2023,I1,Verona,Cagliari,2,0,NG,No,0,0,Draw,11,7,18,Home Win,3,4,Away Win
23/12/2023,I1,Roma,Napoli,2,0,NG,No,0,0,Draw,4,0,4,Home Win,7,4,Home Win
29/12/2023,I1,Fiorentina,Torino,1,0,NG,No,0,0,Draw,4,2,6,Home Win,4,2,Home Win
29/12/2023,I1,Napoli,Monza,0,0,NG,No,0,0,Draw,10,1,11,Home Win,4,4,Draw
29/12/2023,I1,Genoa,Inter,1,1,GG,No,1,1,Draw,8,2,10,Home Win,2,2,Draw
29/12/2023,I1,Lazio,Frosinone,3,1,GG,Yes,0,0,Draw,6,2,8,Home Win,3,2,Home Win
30/12/2023,I1,Atalanta,Lecce,1,0,NG,No,0,0,Draw,5,6,11,Away Win,2,2,Draw
30/12/2023,I1,Cagliari,Empoli,0,0,NG,No,0,0,Draw,8,6,14,Home Win,1,3,Away Win
30/12/2023,I1,Udinese,Bologna,3,0,NG,Yes,1,0,Home Win,7,7,14,Draw,2,5,Away Win
30/12/2023,I1,Milan,Sassuolo,1,0,NG,No,0,0,Draw,6,5,11,Home Win,0,1,Away Win
30/12/2023,I1,Verona,Salernitana,0,1,NG,No,0,0,Draw,7,6,13,Home Win,2,2,Draw
30/12/2023,I1,Juventus,Roma,1,0,NG,No,0,0,Draw,2,2,4,Draw,1,1,Draw
05/01/2024,I1,Bologna,Genoa,1,1,GG,No,0,1,Away Win,11,2,13,Home Win,3,3,Draw
06/01/2024,I1,Inter,Verona,2,1,GG,Yes,1,0,Home Win,7,0,7,Home Win,0,2,Away Win
06/01/2024,I1,Frosinone,Monza,2,3,GG,Yes,0,2,Away Win,5,1,6,Home Win,3,5,Away Win
06/01/2024,I1,Lecce,Cagliari,1,1,GG,No,1,0,Home Win,7,6,13,Home Win,1,1,Draw
06/01/2024,I1,Sassuolo,Fiorentina,1,0,NG,No,1,0,Home Win,1,8,9,Away Win,3,2,Home Win
07/01/2024,I1,Empoli,Milan,0,3,NG,Yes,0,2,Away Win,6,6,12,Draw,1,2,Away Win
07/01/2024,I1,Torino,Napoli,3,0,NG,Yes,1,0,Home Win,2,5,7,Away Win,0,2,Away Win
07/01/2024,I1,Udinese,Lazio,1,2,GG,Yes,0,1,Away Win,4,4,8,Draw,5,3,Home Win
07/01/2024,I1,Salernitana,Juventus,1,2,GG,Yes,1,0,Home Win,2,8,10,Away Win,3,5,Away Win
07/01/2024,I1,Roma,Atalanta,1,1,GG,No,1,1,Draw,6,5,11,Home Win,1,6,Away Win
13/01/2024,I1,Genoa,Torino,0,0,NG,No,0,0,Draw,8,4,12,Home Win,3,2,Home Win
13/01/2024,I1,Napoli,Salernitana,2,1,GG,Yes,1,1,Draw,8,3,11,Home Win,3,2,Home Win
13/01/2024,I1,Verona,Empoli,2,1,GG,Yes,1,0,Home Win,5,9,14,Away Win,4,3,Home Win
13/01/2024,I1,Monza,Inter,1,5,GG,Yes,0,2,Away Win,4,5,9,Away Win,2,2,Draw
14/01/2024,I1,Lazio,Lecce,1,0,NG,No,0,0,Draw,2,5,7,Away Win,4,4,Draw
14/01/2024,I1,Cagliari,Bologna,2,1,GG,Yes,1,1,Draw,2,5,7,Away Win,3,2,Home Win
14/01/2024,I1,Fiorentina,Udinese,2,2,GG,Yes,0,1,Away Win,4,4,8,Draw,1,1,Draw
14/01/2024,I1,Milan,Roma,3,1,GG,Yes,1,0,Home Win,2,5,7,Away Win,2,3,Away Win
15/01/2024,I1,Atalanta,Frosinone,5,0,NG,Yes,3,0,Home Win,8,2,10,Home Win,0,1,Away Win
16/01/2024,I1,Juventus,Sassuolo,3,0,NG,Yes,2,0,Home Win,5,2,7,Home Win,0,2,Away Win
20/01/2024,I1,Roma,Verona,2,1,GG,Yes,2,0,Home Win,1,2,3,Away Win,2,2,Draw
20/01/2024,I1,Udinese,Milan,2,3,GG,Yes,1,1,Draw,5,7,12,Away Win,6,1,Home Win
21/01/2024,I1,Frosinone,Cagliari,3,1,GG,Yes,0,1,Away Win,8,4,12,Home Win,3,5,Away Win
21/01/2024,I1,Empoli,Monza,3,0,NG,Yes,2,0,Home Win,1,7,8,Away Win,1,3,Away Win
21/01/2024,I1,Salernitana,Genoa,1,2,GG,Yes,1,1,Draw,5,5,10,Draw,0,5,Away Win
21/01/2024,I1,Lecce,Juventus,0,3,NG,Yes,0,0,Draw,5,5,10,Draw,1,1,Draw
26/01/2024,I1,Cagliari,Torino,1,2,GG,Yes,0,2,Away Win,8,2,10,Home Win,2,4,Away Win
27/01/2024,I1,Atalanta,Udinese,2,0,NG,No,2,0,Home Win,4,4,8,Draw,2,1,Home Win
27/01/2024,I1,Juventus,Empoli,1,1,GG,No,0,0,Draw,6,7,13,Away Win,1,1,Draw
27/01/2024,I1,Milan,Bologna,2,2,GG,Yes,1,1,Draw,4,1,5,Home Win,5,3,Home Win
28/01/2024,I1,Genoa,Lecce,2,1,GG,Yes,0,1,Away Win,3,8,11,Away Win,0,2,Away Win
28/01/2024,I1,Monza,Sassuolo,1,0,NG,No,1,0,Home Win,4,5,9,Away Win,1,3,Away Win
28/01/2024,I1,Verona,Frosinone,1,1,GG,No,1,0,Home Win,1,9,10,Away Win,2,2,Draw
28/01/2024,I1,Lazio,Napoli,0,0,NG,No,0,0,Draw,4,3,7,Home Win,3,2,Home Win
28/01/2024,I1,Fiorentina,Inter,0,1,NG,No,0,1,Away Win,7,6,13,Home Win,2,3,Away Win
29/01/2024,I1,Salernitana,Roma,1,2,GG,Yes,0,0,Draw,5,1,6,Home Win,2,3,Away Win
02/02/2024,I1,Lecce,Fiorentina,3,2,GG,Yes,1,0,Home Win,1,3,4,Away Win,3,3,Draw
03/02/2024,I1,Empoli,Genoa,0,0,NG,No,0,0,Draw,6,6,12,Draw,2,3,Away Win
03/02/2024,I1,Udinese,Monza,0,0,NG,No,0,0,Draw,7,4,11,Home Win,3,2,Home Win
03/02/2024,I1,Frosinone,Milan,2,3,GG,Yes,1,1,Draw,2,4,6,Away Win,1,3,Away Win
03/02/2024,I1,Bologna,Sassuolo,4,2,GG,Yes,1,2,Away Win,7,4,11,Home Win,1,3,Away Win
04/02/2024,I1,Torino,Salernitana,0,0,NG,No,0,0,Draw,10,1,11,Home Win,2,1,Home Win
04/02/2024,I1,Napoli,Verona,2,1,GG,Yes,0,0,Draw,9,2,11,Home Win,3,2,Home Win
04/02/2024,I1,Atalanta,Lazio,3,1,GG,Yes,2,0,Home Win,6,1,7,Home Win,2,3,Away Win
04/02/2024,I1,Inter,Juventus,1,0,NG,No,1,0,Home Win,6,4,10,Home Win,2,2,Draw
05/02/2024,I1,Roma,Cagliari,4,0,NG,Yes,2,0,Home Win,7,5,12,Home Win,1,1,Draw
09/02/2024,I1,Salernitana,Empoli,1,3,GG,Yes,0,1,Away Win,4,8,12,Away Win,3,2,Home Win
10/02/2024,I1,Cagliari,Lazio,1,3,GG,Yes,0,1,Away Win,7,8,15,Away Win,1,3,Away Win
10/02/2024,I1,Roma,Inter,2,4,GG,Yes,2,1,Home Win,3,8,11,Away Win,2,0,Home Win
10/02/2024,I1,Sassuolo,Torino,1,1,GG,No,1,1,Draw,5,4,9,Home Win,1,3,Away Win
11/02/2024,I1,Fiorentina,Frosinone,5,1,GG,Yes,3,0,Home Win,2,5,7,Away Win,3,1,Home Win
11/02/2024,I1,Bologna,Lecce,4,0,NG,Yes,2,0,Home Win,4,3,7,Home Win,1,2,Away Win
11/02/2024,I1,Monza,Verona,0,0,NG,No,0,0,Draw,5,2,7,Home Win,1,2,Away Win
11/02/2024,I1,Genoa,Atalanta,1,4,GG,Yes,0,1,Away Win,7,4,11,Home Win,3,4,Away Win
11/02/2024,I1,Milan,Napoli,1,0,NG,No,1,0,Home Win,1,2,3,Away Win,1,1,Draw
12/02/2024,I1,Juventus,Udinese,0,1,NG,No,0,1,Away Win,8,4,12,Home Win,3,3,Draw
14/02/2024,I1,Bologna,Fiorentina,2,0,NG,No,1,0,Home Win,2,3,5,Away Win,2,3,Away Win
16/02/2024,I1,Torino,Lecce,2,0,NG,No,0,0,Draw,5,5,10,Draw,1,4,Away Win
16/02/2024,I1,Inter,Salernitana,4,0,NG,Yes,3,0,Home Win,18,0,18,Home Win,0,1,Away Win
17/02/2024,I1,Napoli,Genoa,1,1,GG,No,0,0,Draw,7,2,9,Home Win,3,2,Home Win
17/02/2024,I1,Verona,Juventus,2,2,GG,Yes,1,1,Draw,5,4,9,Home Win,0,0,Draw
17/02/2024,I1,Atalanta,Sassuolo,3,0,NG,Yes,1,0,Home Win,11,5,16,Home Win,0,0,Draw
18/02/2024,I1,Lazio,Bologna,1,2,GG,Yes,1,1,Draw,8,3,11,Home Win,2,3,Away Win
18/02/2024,I1,Empoli,Fiorentina,1,1,GG,No,0,1,Away Win,0,3,3,Away Win,3,2,Home Win
18/02/2024,I1,Udinese,Cagliari,1,1,GG,No,1,1,Draw,3,4,7,Away Win,3,2,Home Win
18/02/2024,I1,Frosinone,Roma,0,3,NG,Yes,0,1,Away Win,10,2,12,Home Win,0,3,Away Win
18/02/2024,I1,Monza,Milan,4,2,GG,Yes,2,0,Home Win,7,3,10,Home Win,4,1,Home Win
22/02/2024,I1,Torino,Lazio,0,2,NG,No,0,0,Draw,7,4,11,Home Win,3,2,Home Win
23/02/2024,I1,Bologna,Verona,2,0,NG,No,1,0,Home Win,11,1,12,Home Win,2,2,Draw
24/02/2024,I1,Sassuolo,Empoli,2,3,GG,Yes,0,1,Away Win,4,1,5,Home Win,1,3,Away Win
24/02/2024,I1,Salernitana,Monza,0,2,NG,No,0,0,Draw,7,11,18,Away Win,2,2,Draw
24/02/2024,I1,Genoa,Udinese,2,0,NG,No,2,0,Home Win,8,3,11,Home Win,1,4,Away Win
25/02/2024,I1,Juventus,Frosinone,3,2,GG,Yes,2,2,Draw,8,3,11,Home Win,2,2,Draw
25/02/2024,I1,Cagliari,Napoli,1,1,GG,No,0,0,Draw,4,3,7,Home Win,4,1,Home Win
25/02/2024,I1,Lecce,Inter,0,4,NG,Yes,0,1,Away Win,7,10,17,Away Win,1,2,Away Win
25/02/2024,I1,Milan,Atalanta,1,1,GG,No,1,1,Draw,5,3,8,Home Win,1,4,Away Win
26/02/2024,I1,Roma,Torino,3,2,GG,Yes,1,1,Draw,0,4,4,Away Win,2,2,Draw
26/02/2024,I1,Fiorentina,Lazio,2,1,GG,Yes,0,1,Away Win,13,2,15,Home Win,0,2,Away Win
28/02/2024,I1,Sassuolo,Napoli,1,6,GG,Yes,1,3,Away Win,5,10,15,Away Win,0,0,Draw
28/02/2024,I1,Inter,Atalanta,4,0,NG,Yes,2,0,Home Win,4,1,5,Home Win,2,6,Away Win
01/03/2024,I1,Lazio,Milan,0,1,NG,No,0,0,Draw,2,5,7,Away Win,5,6,Away Win
02/03/2024,I1,Udinese,Salernitana,1,1,GG,No,1,1,Draw,5,6,11,Away Win,6,1,Home Win
02/03/2024,I1,Monza,Roma,1,4,GG,Yes,0,2,Away Win,6,3,9,Home Win,1,4,Away Win
02/03/2024,I1,Torino,Fiorentina,0,0,NG,No,0,0,Draw,4,5,9,Away Win,2,4,Away Win
03/03/2024,I1,Verona,Sassuolo,1,0,NG,No,0,0,Draw,2,10,12,Away Win,4,2,Home Win
03/03/2024,I1,Empoli,Cagliari,0,1,NG,No,0,0,Draw,9,2,11,Home Win,0,3,Away Win
03/03/2024,I1,Frosinone,Lecce,1,1,GG,No,1,0,Home Win,12,8,20,Home Win,1,1,Draw
03/03/2024,I1,Atalanta,Bologna,1,2,GG,Yes,1,0,Home Win,6,2,8,Home Win,3,2,Home Win
03/03/2024,I1,Napoli,Juventus,2,1,GG,Yes,1,0,Home Win,2,1,3,Home Win,1,4,Away Win
04/03/2024,I1,Inter,Genoa,2,1,GG,Yes,2,0,Home Win,4,5,9,Away Win,2,3,Away Win
08/03/2024,I1,Napoli,Torino,1,1,GG,No,0,0,Draw,13,7,20,Home Win,2,2,Draw
09/03/2024,I1,Cagliari,Salernitana,4,2,GG,Yes,2,0,Home Win,5,4,9,Home Win,1,2,Away Win
09/03/2024,I1,Sassuolo,Frosinone,1,0,NG,No,0,0,Draw,1,2,3,Away Win,3,1,Home Win
09/03/2024,I1,Bologna,Inter,0,1,NG,No,0,1,Away Win,7,2,9,Home Win,2,1,Home Win
09/03/2024,I1,Genoa,Monza,2,3,GG,Yes,0,2,Away Win,10,1,11,Home Win,1,1,Draw
10/03/2024,I1,Lecce,Verona,0,1,NG,No,0,1,Away Win,11,6,17,Home Win,3,3,Draw
10/03/2024,I1,Milan,Empoli,1,0,NG,No,1,0,Home Win,11,4,15,Home Win,1,4,Away Win
10/03/2024,I1,Juventus,Atalanta,2,2,GG,Yes,0,1,Away Win,4,3,7,Home Win,0,1,Away Win
10/03/2024,I1,Fiorentina,Roma,2,2,GG,Yes,1,0,Home Win,8,2,10,Home Win,2,5,Away Win
11/03/2024,I1,Lazio,Udinese,1,2,GG,Yes,0,0,Draw,9,5,14,Home Win,3,6,Away Win
15/03/2024,I1,Empoli,Bologna,0,1,NG,No,0,0,Draw,7,6,13,Home Win,4,0,Home Win
16/03/2024,I1,Monza,Cagliari,1,0,NG,No,1,0,Home Win,3,7,10,Away Win,2,1,Home Win
16/03/2024,I1,Udinese,Torino,0,2,NG,No,0,1,Away Win,3,4,7,Away Win,3,2,Home Win
16/03/2024,I1,Salernitana,Lecce,0,1,NG,No,0,1,Away Win,7,1,8,Home Win,4,3,Home Win
16/03/2024,I1,Frosinone,Lazio,2,3,GG,Yes,1,1,Draw,9,4,13,Home Win,1,3,Away Win
17/03/2024,I1,Juventus,Genoa,0,0,NG,No,0,0,Draw,12,2,14,Home Win,4,1,Home Win
17/03/2024,I1,Verona,Milan,1,3,GG,Yes,0,1,Away Win,3,5,8,Away Win,1,3,Away Win
17/03/2024,I1,Roma,Sassuolo,1,0,NG,No,0,0,Draw,4,7,11,Away Win,2,1,Home Win
17/03/2024,I1,Inter,Napoli,1,1,GG,No,1,0,Home Win,5,7,12,Away Win,2,1,Home Win
30/03/2024,I1,Napoli,Atalanta,0,3,NG,Yes,0,2,Away Win,7,5,12,Home Win,2,2,Draw
30/03/2024,I1,Genoa,Frosinone,1,1,GG,No,1,1,Draw,3,8,11,Away Win,2,1,Home Win
30/03/2024,I1,Torino,Monza,1,0,NG,No,0,0,Draw,7,2,9,Home Win,0,3,Away Win
30/03/2024,I1,Lazio,Juventus,1,0,NG,No,0,0,Draw,7,2,9,Home Win,1,2,Away Win
30/03/2024,I1,Fiorentina,Milan,1,2,GG,Yes,0,0,Draw,7,5,12,Home Win,2,3,Away Win
01/04/2024,I1,Bologna,Salernitana,3,0,NG,Yes,2,0,Home Win,5,3,8,Home Win,0,3,Away Win
01/04/2024,I1,Cagliari,Verona,1,1,GG,No,0,1,Away Win,7,2,9,Home Win,0,2,Away Win
01/04/2024,I1,Sassuolo,Udinese,1,1,GG,No,1,1,Draw,10,1,11,Home Win,1,2,Away Win
01/04/2024,I1,Lecce,Roma,0,0,NG,No,0,0,Draw,8,4,12,Home Win,3,2,Home Win
01/04/2024,I1,Inter,Empoli,2,0,NG,No,1,0,Home Win,8,6,14,Home Win,0,2,Away Win
05/04/2024,I1,Salernitana,Sassuolo,2,2,GG,Yes,0,2,Away Win,4,9,13,Away Win,4,3,Home Win
06/04/2024,I1,Milan,Lecce,3,0,NG,Yes,2,0,Home Win,5,1,6,Home Win,1,1,Draw
06/04/2024,I1,Roma,Lazio,1,0,NG,No,1,0,Home Win,3,6,9,Away Win,6,3,Home Win
06/04/2024,I1,Empoli,Torino,3,2,GG,Yes,1,0,Home Win,1,7,8,Away Win,2,1,Home Win
07/04/2024,I1,Frosinone,Bologna,0,0,NG,No,0,0,Draw,5,2,7,Home Win,1,3,Away Win
07/04/2024,I1,Monza,Napoli,2,4,GG,Yes,1,0,Home Win,1,6,7,Away Win,3,1,Home Win
07/04/2024,I1,Cagliari,Atalanta,2,1,GG,Yes,1,1,Draw,4,4,8,Draw,3,3,Draw
07/04/2024,I1,Verona,Genoa,1,2,GG,Yes,1,1,Draw,5,3,8,Home Win,3,1,Home Win
07/04/2024,I1,Juventus,Fiorentina,1,0,NG,No,1,0,Home Win,5,6,11,Away Win,2,1,Home Win
08/04/2024,I1,Udinese,Inter,1,2,GG,Yes,1,0,Home Win,0,8,8,Away Win,1,2,Away Win
12/04/2024,I1,Lazio,Salernitana,4,1,GG,Yes,3,1,Home Win,9,0,9,Home Win,0,1,Away Win
13/04/2024,I1,Lecce,Empoli,1,0,NG,No,0,0,Draw,10,3,13,Home Win,1,0,Home Win
13/04/2024,I1,Torino,Juventus,0,0,NG,No,0,0,Draw,6,2,8,Home Win,3,2,Home Win
13/04/2024,I1,Bologna,Monza,0,0,NG,No,0,0,Draw,10,0,10,Home Win,4,4,Draw
14/04/2024,I1,Napoli,Frosinone,2,2,GG,Yes,1,0,Home Win,6,2,8,Home Win,3,1,Home Win
14/04/2024,I1,Sassuolo,Milan,3,3,GG,Yes,2,1,Home Win,2,6,8,Away Win,3,1,Home Win
14/04/2024,I1,Inter,Cagliari,2,2,GG,Yes,1,0,Home Win,7,0,7,Home Win,0,2,Away Win
15/04/2024,I1,Fiorentina,Genoa,1,1,GG,No,0,1,Away Win,6,2,8,Home Win,1,2,Away Win
15/04/2024,I1,Atalanta,Verona,2,2,GG,Yes,2,0,Home Win,5,4,9,Home Win,0,2,Away Win
19/04/2024,I1,Genoa,Lazio,0,1,NG,No,0,0,Draw,2,9,11,Away Win,1,2,Away Win
19/04/2024,I1,Cagliari,Juventus,2,2,GG,Yes,2,0,Home Win,4,3,7,Home Win,2,3,Away Win
20/04/2024,I1,Empoli,Napoli,1,0,NG,No,1,0,Home Win,2,8,10,Away Win,2,2,Draw
20/04/2024,I1,Verona,Udinese,1,0,NG,No,0,0,Draw,10,6,16,Home Win,2,2,Draw
21/04/2024,I1,Sassuolo,Lecce,0,3,NG,Yes,0,2,Away Win,9,4,13,Home Win,1,0,Home Win
21/04/2024,I1,Torino,Frosinone,0,0,NG,No,0,0,Draw,6,4,10,Home Win,2,2,Draw
21/04/2024,I1,Salernitana,Fiorentina,0,2,NG,No,0,0,Draw,2,5,7,Away Win,2,4,Away Win
21/04/2024,I1,Monza,Atalanta,1,2,GG,Yes,0,1,Away Win,2,8,10,Away Win,3,2,Home Win
22/04/2024,I1,Roma,Bologna,1,3,GG,Yes,0,2,Away Win,8,2,10,Home Win,5,2,Home Win
22/04/2024,I1,Milan,Inter,1,2,GG,Yes,0,1,Away Win,5,3,8,Home Win,3,2,Home Win
25/04/2024,I1,Udinese,Roma,1,2,GG,Yes,1,0,Home Win,5,8,13,Away Win,3,2,Home Win
26/04/2024,I1,Frosinone,Salernitana,3,0,NG,Yes,2,0,Home Win,7,3,10,Home Win,2,2,Draw
27/04/2024,I1,Lecce,Monza,1,1,GG,No,0,0,Draw,0,5,5,Away Win,2,3,Away Win
27/04/2024,I1,Juventus,Milan,0,0,NG,No,0,0,Draw,9,4,13,Home Win,0,1,Away Win
27/04/2024,I1,Lazio,Verona,1,0,NG,No,0,0,Draw,4,2,6,Home Win,4,4,Draw
28/04/2024,I1,Inter,Torino,2,0,NG,No,0,0,Draw,5,4,9,Home Win,0,0,Draw
28/04/2024,I1,Bologna,Udinese,1,1,GG,No,0,1,Away Win,10,3,13,Home Win,3,7,Away Win
28/04/2024,I1,Atalanta,Empoli,2,0,NG,No,1,0,Home Win,8,1,9,Home Win,1,2,Away Win
28/04/2024,I1,Napoli,Roma,2,2,GG,Yes,0,0,Draw,9,2,11,Home Win,2,0,Home Win
28/04/2024,I1,Fiorentina,Sassuolo,5,1,GG,Yes,1,0,Home Win,10,2,12,Home Win,2,2,Draw
29/04/2024,I1,Genoa,Cagliari,3,0,NG,Yes,2,0,Home Win,2,4,6,Away Win,0,2,Away Win
03/05/2024,I1,Torino,Bologna,0,0,NG,No,0,0,Draw,2,4,6,Away Win,2,2,Draw
04/05/2024,I1,Monza,Lazio,2,2,GG,Yes,0,1,Away Win,5,4,9,Home Win,1,7,Away Win
04/05/2024,I1,Sassuolo,Inter,1,0,NG,No,1,0,Home Win,2,5,7,Away Win,1,1,Draw
05/05/2024,I1,Cagliari,Lecce,1,1,GG,No,1,0,Home Win,3,10,13,Away Win,4,4,Draw
05/05/2024,I1,Empoli,Frosinone,0,0,NG,No,0,0,Draw,3,8,11,Away Win,2,3,Away Win
05/05/2024,I1,Verona,Fiorentina,2,1,GG,Yes,1,1,Draw,1,2,3,Away Win,2,1,Home Win
05/05/2024,I1,Milan,Genoa,3,3,GG,Yes,1,1,Draw,7,1,8,Home Win,1,1,Draw
05/05/2024,I1,Roma,Juventus,1,1,GG,No,1,1,Draw,9,6,15,Home Win,1,2,Away Win
06/05/2024,I1,Salernitana,Atalanta,1,2,GG,Yes,1,0,Home Win,1,7,8,Away Win,1,0,Home Win
06/05/2024,I1,Udinese,Napoli,1,1,GG,No,0,0,Draw,7,5,12,Home Win,0,0,Draw
10/05/2024,I1,Frosinone,Inter,0,5,NG,Yes,0,1,Away Win,8,4,12,Home Win,0,0,Draw
11/05/2024,I1,Napoli,Bologna,0,2,NG,No,0,2,Away Win,9,3,12,Home Win,2,1,Home Win
11/05/2024,I1,Milan,Cagliari,5,1,GG,Yes,1,0,Home Win,6,3,9,Home Win,2,1,Home Win
12/05/2024,I1,Lazio,Empoli,2,0,NG,No,1,0,Home Win,7,7,14,Draw,3,1,Home Win
12/05/2024,I1,Genoa,Sassuolo,2,1,GG,Yes,0,1,Away Win,3,7,10,Away Win,1,2,Away Win
12/05/2024,I1,Verona,Torino,1,2,GG,Yes,0,0,Draw,7,4,11,Home Win,3,2,Home Win
12/05/2024,I1,Juventus,Salernitana,1,1,GG,No,0,1,Away Win,9,4,13,Home Win,2,5,Away Win
12/05/2024,I1,Atalanta,Roma,2,1,GG,Yes,2,0,Home Win,6,1,7,Home Win,1,1,Draw
13/05/2024,I1,Lecce,Udinese,0,2,NG,No,0,1,Away Win,8,2,10,Home Win,2,1,Home Win
13/05/2024,I1,Fiorentina,Monza,2,1,GG,Yes,1,1,Draw,6,1,7,Home Win,1,1,Draw
17/05/2024,I1,Fiorentina,Napoli,2,2,GG,Yes,2,1,Home Win,5,3,8,Home Win,1,2,Away Win
18/05/2024,I1,Lecce,Atalanta,0,2,NG,No,0,0,Draw,2,5,7,Away Win,0,4,Away Win
18/05/2024,I1,Torino,Milan,3,1,GG,Yes,2,0,Home Win,3,8,11,Away Win,1,1,Draw
19/05/2024,I1,Sassuolo,Cagliari,0,2,NG,No,0,0,Draw,5,6,11,Away Win,4,2,Home Win
19/05/2024,I1,Monza,Frosinone,0,1,NG,No,0,1,Away Win,3,4,7,Away Win,1,2,Away Win
19/05/2024,I1,Udinese,Empoli,1,1,GG,No,0,0,Draw,5,5,10,Draw,1,7,Away Win
19/05/2024,I1,Inter,Lazio,1,1,GG,No,0,1,Away Win,8,0,8,Home Win,0,1,Away Win
19/05/2024,I1,Roma,Genoa,1,0,NG,No,0,0,Draw,6,3,9,Home Win,3,0,Home Win
20/05/2024,I1,Salernitana,Verona,1,2,GG,Yes,0,2,Away Win,4,6,10,Away Win,3,2,Home Win
20/05/2024,I1,Bologna,Juventus,3,3,GG,Yes,2,0,Home Win,3,2,5,Home Win,1,5,Away Win
23/05/2024,I1,Cagliari,Fiorentina,2,3,GG,Yes,0,1,Away Win,4,5,9,Away Win,2,4,Away Win
24/05/2024,I1,Genoa,Bologna,2,0,NG,No,1,0,Home Win,3,6,9,Away Win,1,2,Away Win
25/05/2024,I1,Juventus,Monza,2,0,NG,No,2,0,Home Win,3,4,7,Away Win,1,3,Away Win
25/05/2024,I1,Milan,Salernitana,3,3,GG,Yes,2,0,Home Win,13,3,16,Home Win,0,1,Away Win
26/05/2024,I1,Atalanta,Torino,3,0,NG,Yes,2,0,Home Win,2,5,7,Away Win,1,1,Draw
26/05/2024,I1,Napoli,Lecce,0,0,NG,No,0,0,Draw,4,1,5,Home Win,0,0,Draw
26/05/2024,I1,Empoli,Roma,2,1,GG,Yes,1,1,Draw,4,5,9,Away Win,4,1,Home Win
26/05/2024,I1,Frosinone,Udinese,0,1,NG,No,0,0,Draw,11,1,12,Home Win,0,2,Away Win
26/05/2024,I1,Lazio,Sassuolo,1,1,GG,No,0,0,Draw,5,3,8,Home Win,3,1,Home Win
26/05/2024,I1,Verona,Inter,2,2,GG,Yes,2,2,Draw,9,3,12,Home Win,1,1,Draw
02/06/2024,I1,Atalanta,Fiorentina,2,3,GG,Yes,2,3,Away Win,4,4,8,Draw,0,2,Away Win
17/08/2024,I1,Genoa,Inter,2,2,GG,Yes,1,1,Draw,1,4,5,Away Win,1,2,Away Win
17/08/2024,I1,Parma,Fiorentina,1,1,GG,No,1,0,Home Win,4,9,13,Away Win,3,2,Home Win
17/08/2024,I1,Empoli,Monza,0,0,NG,No,0,0,Draw,7,3,10,Home Win,0,2,Away Win
17/08/2024,I1,Milan,Torino,2,2,GG,Yes,0,1,Away Win,9,2,11,Home Win,2,4,Away Win
18/08/2024,I1,Bologna,Udinese,1,1,GG,No,0,0,Draw,7,5,12,Home Win,0,4,Away Win
18/08/2024,I1,Verona,Napoli,3,0,NG,Yes,0,0,Draw,1,5,6,Away Win,4,1,Home Win
18/08/2024,I1,Cagliari,Roma,0,0,NG,No,0,0,Draw,5,3,8,Home Win,2,0,Home Win
18/08/2024,I1,Lazio,Venezia,3,1,GG,Yes,2,1,Home Win,6,3,9,Home Win,1,2,Away Win
19/08/2024,I1,Lecce,Atalanta,0,4,NG,Yes,0,2,Away Win,5,3,8,Home Win,0,2,Away Win
19/08/2024,I1,Juventus,Como,3,0,NG,Yes,2,0,Home Win,3,0,3,Home Win,2,4,Away Win
24/08/2024,I1,Parma,Milan,2,1,GG,Yes,1,0,Home Win,3,9,12,Away Win,0,3,Away Win
24/08/2024,I1,Udinese,Lazio,2,1,GG,Yes,1,0,Home Win,4,13,17,Away Win,0,0,Draw
24/08/2024,I1,Inter,Lecce,2,0,NG,No,1,0,Home Win,10,6,16,Home Win,0,2,Away Win
24/08/2024,I1,Monza,Genoa,0,1,NG,No,0,1,Away Win,8,3,11,Home Win,2,3,Away Win
25/08/2024,I1,Fiorentina,Venezia,0,0,NG,No,0,0,Draw,7,3,10,Home Win,1,2,Away Win
25/08/2024,I1,Torino,Atalanta,2,1,GG,Yes,1,1,Draw,4,6,10,Away Win,3,4,Away Win
25/08/2024,I1,Napoli,Bologna,3,0,NG,Yes,1,0,Home Win,7,5,12,Home Win,2,2,Draw
25/08/2024,I1,Roma,Empoli,1,2,GG,Yes,0,1,Away Win,8,5,13,Home Win,0,3,Away Win
26/08/2024,I1,Cagliari,Como,1,1,GG,No,1,0,Home Win,5,6,11,Away Win,2,2,Draw
26/08/2024,I1,Verona,Juventus,0,3,NG,Yes,0,2,Away Win,4,1,5,Home Win,2,0,Home Win
30/08/2024,I1,Venezia,Torino,0,1,NG,No,0,0,Draw,3,3,6,Draw,2,4,Away Win
30/08/2024,I1,Inter,Atalanta,4,0,NG,Yes,2,0,Home Win,3,4,7,Away Win,0,2,Away Win
31/08/2024,I1,Bologna,Empoli,1,1,GG,No,1,1,Draw,6,3,9,Home Win,0,3,Away Win
31/08/2024,I1,Lecce,Cagliari,1,0,NG,No,1,0,Home Win,7,10,17,Away Win,1,3,Away Win
31/08/2024,I1,Lazio,Milan,2,2,GG,Yes,0,1,Away Win,5,7,12,Away Win,4,2,Home Win
31/08/2024,I1,Napoli,Parma,2,1,GG,Yes,0,1,Away Win,6,4,10,Home Win,2,4,Away Win
01/09/2024,I1,Fiorentina,Monza,2,2,GG,Yes,1,2,Away Win,6,0,6,Home Win,2,4,Away Win
01/09/2024,I1,Genoa,Verona,0,2,NG,No,0,0,Draw,3,1,4,Home Win,2,6,Away Win
01/09/2024,I1,Juventus,Roma,0,0,NG,No,0,0,Draw,6,4,10,Home Win,2,2,Draw
01/09/2024,I1,Udinese,Como,1,0,NG,No,1,0,Home Win,4,6,10,Away Win,3,0,Home Win
14/09/2024,I1,Como,Bologna,2,2,GG,Yes,1,0,Home Win,4,3,7,Home Win,2,1,Home Win
14/09/2024,I1,Empoli,Juventus,0,0,NG,No,0,0,Draw,4,8,12,Away Win,1,2,Away Win
14/09/2024,I1,Milan,Venezia,4,0,NG,Yes,4,0,Home Win,6,1,7,Home Win,1,3,Away Win
15/09/2024,I1,Genoa,Roma,1,1,GG,No,0,1,Away Win,4,5,9,Away Win,1,3,Away Win
15/09/2024,I1,Atalanta,Fiorentina,3,2,GG,Yes,3,2,Home Win,4,2,6,Home Win,2,3,Away Win
15/09/2024,I1,Torino,Lecce,0,0,NG,No,0,0,Draw,2,7,9,Away Win,1,3,Away Win
15/09/2024,I1,Cagliari,Napoli,0,4,NG,Yes,0,1,Away Win,7,4,11,Home Win,1,2,Away Win
15/09/2024,I1,Monza,Inter,1,1,GG,No,0,0,Draw,1,8,9,Away Win,1,2,Away Win
16/09/2024,I1,Parma,Udinese,2,3,GG,Yes,2,0,Home Win,5,6,11,Away Win,2,3,Away Win
16/09/2024,I1,Lazio,Verona,2,1,GG,Yes,2,1,Home Win,9,6,15,Home Win,2,2,Draw
20/09/2024,I1,Cagliari,Empoli,0,2,NG,No,0,1,Away Win,10,4,14,Home Win,1,2,Away Win
20/09/2024,I1,Verona,Torino,2,3,GG,Yes,1,2,Away Win,5,6,11,Away Win,3,1,Home Win
21/09/2024,I1,Venezia,Genoa,2,0,NG,No,0,0,Draw,3,4,7,Away Win,2,3,Away Win
21/09/2024,I1,Juventus,Napoli,0,0,NG,No,0,0,Draw,4,3,7,Home Win,1,0,Home Win
21/09/2024,I1,Lecce,Parma,2,2,GG,Yes,1,0,Home Win,2,12,14,Away Win,4,0,Home Win
22/09/2024,I1,Fiorentina,Lazio,2,1,GG,Yes,0,1,Away Win,3,10,13,Away Win,3,4,Away Win
22/09/2024,I1,Monza,Bologna,1,2,GG,Yes,1,1,Draw,2,2,4,Draw,3,2,Home Win
22/09/2024,I1,Roma,Udinese,3,0,NG,Yes,1,0,Home Win,2,1,3,Home Win,2,2,Draw
22/09/2024,I1,Inter,Milan,1,2,GG,Yes,1,1,Draw,6,2,8,Home Win,4,1,Home Win
24/09/2024,I1,Atalanta,Como,2,3,GG,Yes,1,0,Home Win,6,2,8,Home Win,1,3,Away Win
27/09/2024,I1,Milan,Lecce,3,0,NG,Yes,3,0,Home Win,4,7,11,Away Win,1,1,Draw
28/09/2024,I1,Udinese,Inter,2,3,GG,Yes,1,2,Away Win,7,3,10,Home Win,1,0,Home Win
28/09/2024,I1,Genoa,Juventus,0,3,NG,Yes,0,0,Draw,5,3,8,Home Win,2,1,Home Win
28/09/2024,I1,Bologna,Atalanta,1,1,GG,No,0,0,Draw,2,9,11,Away Win,3,3,Draw
29/09/2024,I1,Torino,Lazio,2,3,GG,Yes,0,1,Away Win,3,1,4,Home Win,2,3,Away Win
29/09/2024,I1,Como,Verona,3,2,GG,Yes,1,0,Home Win,9,1,10,Home Win,2,5,Away Win
29/09/2024,I1,Roma,Venezia,2,1,GG,Yes,0,1,Away Win,6,3,9,Home Win,1,2,Away Win
29/09/2024,I1,Empoli,Fiorentina,0,0,NG,No,0,0,Draw,2,4,6,Away Win,0,1,Away Win
29/09/2024,I1,Napoli,Monza,2,0,NG,No,2,0,Home Win,1,3,4,Away Win,1,2,Away Win
30/09/2024,I1,Parma,Cagliari,2,3,GG,Yes,0,1,Away Win,5,3,8,Home Win,3,2,Home Win
04/10/2024,I1,Napoli,Como,3,1,GG,Yes,1,1,Draw,4,1,5,Home Win,1,1,Draw
04/10/2024,I1,Verona,Venezia,2,1,GG,Yes,1,1,Draw,13,6,19,Home Win,3,0,Home Win
05/10/2024,I1,Udinese,Lecce,1,0,NG,No,0,0,Draw,5,0,5,Home Win,2,2,Draw
05/10/2024,I1,Atalanta,Genoa,5,1,GG,Yes,1,0,Home Win,4,2,6,Home Win,0,0,Draw
05/10/2024,I1,Inter,Torino,3,2,GG,Yes,2,1,Home Win,14,0,14,Home Win,1,2,Away Win
06/10/2024,I1,Juventus,Cagliari,1,1,GG,No,1,0,Home Win,8,3,11,Home Win,5,2,Home Win
06/10/2024,I1,Bologna,Parma,0,0,NG,No,0,0,Draw,13,6,19,Home Win,1,0,Home Win
06/10/2024,I1,Lazio,Empoli,2,1,GG,Yes,1,1,Draw,5,3,8,Home Win,2,4,Away Win
06/10/2024,I1,Monza,Roma,1,1,GG,No,0,0,Draw,1,3,4,Away Win,3,1,Home Win
06/10/2024,I1,Fiorentina,Milan,2,1,GG,Yes,1,0,Home Win,0,7,7,Away Win,2,3,Away Win
19/10/2024,I1,Como,Parma,1,1,GG,No,1,1,Draw,7,4,11,Home Win,1,2,Away Win
19/10/2024,I1,Genoa,Bologna,2,2,GG,Yes,0,1,Away Win,1,7,8,Away Win,2,0,Home Win
19/10/2024,I1,Milan,Udinese,1,0,NG,No,1,0,Home Win,8,4,12,Home Win,2,3,Away Win
19/10/2024,I1,Juventus,Lazio,1,0,NG,No,0,0,Draw,7,1,8,Home Win,4,2,Home Win
20/10/2024,I1,Empoli,Napoli,0,1,NG,No,0,0,Draw,7,7,14,Draw,2,2,Draw
20/10/2024,I1,Lecce,Fiorentina,0,6,NG,Yes,0,3,Away Win,1,3,4,Away Win,0,5,Away Win
20/10/2024,I1,Venezia,Atalanta,0,2,NG,No,0,1,Away Win,2,5,7,Away Win,1,1,Draw
20/10/2024,I1,Cagliari,Torino,3,2,GG,Yes,1,1,Draw,9,12,21,Away Win,1,3,Away Win
20/10/2024,I1,Roma,Inter,0,1,NG,No,0,0,Draw,3,3,6,Draw,2,3,Away Win
21/10/2024,I1,Verona,Monza,0,3,NG,Yes,0,1,Away Win,9,6,15,Home Win,3,2,Home Win
25/10/2024,I1,Udinese,Cagliari,2,0,NG,No,1,0,Home Win,2,4,6,Away Win,2,3,Away Win
25/10/2024,I1,Torino,Como,1,0,NG,No,0,0,Draw,1,3,4,Away Win,3,3,Draw
26/10/2024,I1,Napoli,Lecce,1,0,NG,No,0,0,Draw,16,5,21,Home Win,3,2,Home Win
26/10/2024,I1,Atalanta,Verona,6,1,GG,Yes,5,1,Home Win,4,2,6,Home Win,0,1,Away Win
27/10/2024,I1,Parma,Empoli,1,1,GG,No,0,1,Away Win,9,3,12,Home Win,4,5,Away Win
27/10/2024,I1,Lazio,Genoa,3,0,NG,Yes,1,0,Home Win,7,4,11,Home Win,3,1,Home Win
27/10/2024,I1,Monza,Venezia,2,2,GG,Yes,2,2,Draw,4,3,7,Home Win,4,2,Home Win
27/10/2024,I1,Inter,Juventus,4,4,GG,Yes,3,2,Home Win,13,5,18,Home Win,2,1,Home Win
27/10/2024,I1,Fiorentina,Roma,5,1,GG,Yes,3,1,Home Win,6,2,8,Home Win,2,5,Away Win
29/10/2024,I1,Cagliari,Bologna,0,2,NG,No,0,1,Away Win,7,2,9,Home Win,2,2,Draw
29/10/2024,I1,Lecce,Verona,1,0,NG,No,0,0,Draw,3,4,7,Away Win,1,3,Away Win
29/10/2024,I1,Milan,Napoli,0,2,NG,No,0,2,Away Win,5,1,6,Home Win,0,1,Away Win
30/10/2024,I1,Empoli,Inter,0,3,NG,Yes,0,0,Draw,1,4,5,Away Win,1,1,Draw
30/10/2024,I1,Venezia,Udinese,3,2,GG,Yes,1,2,Away Win,2,6,8,Away Win,3,4,Away Win
30/10/2024,I1,Atalanta,Monza,2,0,NG,No,0,0,Draw,5,1,6,Home Win,2,3,Away Win
30/10/2024,I1,Juventus,Parma,2,2,GG,Yes,1,2,Away Win,10,6,16,Home Win,2,0,Home Win
31/10/2024,I1,Genoa,Fiorentina,0,1,NG,No,0,0,Draw,4,4,8,Draw,4,2,Home Win
31/10/2024,I1,Como,Lazio,1,5,GG,Yes,0,2,Away Win,3,5,8,Away Win,2,5,Away Win
31/10/2024,I1,Roma,Torino,1,0,NG,No,1,0,Home Win,3,5,8,Away Win,2,2,Draw
02/11/2024,I1,Bologna,Lecce,1,0,NG,No,0,0,Draw,9,1,10,Home Win,2,2,Draw
02/11/2024,I1,Udinese,Juventus,0,2,NG,No,0,2,Away Win,10,3,13,Home Win,2,2,Draw
02/11/2024,I1,Monza,Milan,0,1,NG,No,0,1,Away Win,3,5,8,Away Win,2,1,Home Win
03/11/2024,I1,Napoli,Atalanta,0,3,NG,Yes,0,2,Away Win,4,3,7,Home Win,1,3,Away Win
03/11/2024,I1,Torino,Fiorentina,0,1,NG,No,0,1,Away Win,1,3,4,Away Win,2,1,Home Win
03/11/2024,I1,Verona,Roma,3,2,GG,Yes,2,1,Home Win,2,2,4,Draw,2,2,Draw
03/11/2024,I1,Inter,Venezia,1,0,NG,No,0,0,Draw,9,3,12,Home Win,2,1,Home Win
04/11/2024,I1,Empoli,Como,1,0,NG,No,0,0,Draw,3,6,9,Away Win,1,0,Home Win
04/11/2024,I1,Parma,Genoa,0,1,NG,No,0,0,Draw,3,7,10,Away Win,2,5,Away Win
04/11/2024,I1,Lazio,Cagliari,2,1,GG,Yes,1,1,Draw,2,3,5,Away Win,3,8,Away Win
07/11/2024,I1,Genoa,Como,1,1,GG,No,0,1,Away Win,8,5,13,Home Win,4,3,Home Win
08/11/2024,I1,Lecce,Empoli,1,1,GG,No,0,1,Away Win,4,3,7,Home Win,0,3,Away Win
09/11/2024,I1,Venezia,Parma,1,2,GG,Yes,1,1,Draw,6,6,12,Draw,1,2,Away Win
09/11/2024,I1,Cagliari,Milan,3,3,GG,Yes,1,2,Away Win,6,3,9,Home Win,0,2,Away Win
09/11/2024,I1,Juventus,Torino,2,0,NG,No,1,0,Home Win,5,5,10,Draw,1,3,Away Win
10/11/2024,I1,Atalanta,Udinese,2,1,GG,Yes,0,1,Away Win,4,5,9,Away Win,1,1,Draw
10/11/2024,I1,Fiorentina,Verona,3,1,GG,Yes,1,1,Draw,8,3,11,Home Win,1,2,Away Win
10/11/2024,I1,Roma,Bologna,2,3,GG,Yes,0,1,Away Win,4,3,7,Home Win,2,3,Away Win
10/11/2024,I1,Monza,Lazio,0,1,NG,No,0,1,Away Win,6,6,12,Draw,5,1,Home Win
10/11/2024,I1,Inter,Napoli,1,1,GG,No,1,1,Draw,4,2,6,Home Win,2,0,Home Win
23/11/2024,I1,Verona,Inter,0,5,NG,Yes,0,5,Away Win,4,2,6,Home Win,2,1,Home Win
23/11/2024,I1,Milan,Juventus,0,0,NG,No,0,0,Draw,2,4,6,Away Win,3,2,Home Win
23/11/2024,I1,Parma,Atalanta,1,3,GG,Yes,0,2,Away Win,2,5,7,Away Win,0,2,Away Win
24/11/2024,I1,Genoa,Cagliari,2,2,GG,Yes,1,1,Draw,6,8,14,Away Win,2,2,Draw
24/11/2024,I1,Como,Fiorentina,0,2,NG,No,0,1,Away Win,3,4,7,Away Win,2,1,Home Win
24/11/2024,I1,Torino,Monza,1,1,GG,No,0,0,Draw,7,3,10,Home Win,1,2,Away Win
24/11/2024,I1,Napoli,Roma,1,0,NG,No,0,0,Draw,8,2,10,Home Win,0,3,Away Win
24/11/2024,I1,Lazio,Bologna,3,0,NG,Yes,0,0,Draw,3,0,3,Home Win,3,3,Draw
25/11/2024,I1,Empoli,Udinese,1,1,GG,No,1,0,Home Win,1,8,9,Away Win,3,2,Home Win
25/11/2024,I1,Venezia,Lecce,0,1,NG,No,0,0,Draw,6,2,8,Home Win,1,3,Away Win
29/11/2024,I1,Cagliari,Verona,1,0,NG,No,0,0,Draw,7,1,8,Home Win,1,2,Away Win
30/11/2024,I1,Como,Monza,1,1,GG,No,1,0,Home Win,11,4,15,Home Win,3,0,Home Win
30/11/2024,I1,Milan,Empoli,3,0,NG,Yes,2,0,Home Win,7,3,10,Home Win,2,2,Draw
30/11/2024,I1,Bologna,Venezia,3,0,NG,Yes,1,0,Home Win,1,0,1,Home Win,0,2,Away Win
01/12/2024,I1,Udinese,Genoa,0,2,NG,No,0,1,Away Win,6,4,10,Home Win,2,3,Away Win
01/12/2024,I1,Parma,Lazio,3,1,GG,Yes,1,0,Home Win,4,10,14,Away Win,4,3,Home Win
01/12/2024,I1,Torino,Napoli,0,1,NG,No,0,1,Away Win,4,7,11,Away Win,4,1,Home Win
01/12/2024,I1,Lecce,Juventus,1,1,GG,No,0,0,Draw,2,7,9,Away Win,1,4,Away Win
02/12/2024,I1,Roma,Atalanta,0,2,NG,No,0,0,Draw,2,4,6,Away Win,2,3,Away Win
06/12/2024,I1,Inter,Parma,3,1,GG,Yes,1,0,Home Win,10,1,11,Home Win,1,1,Draw
06/12/2024,I1,Atalanta,Milan,2,1,GG,Yes,1,1,Draw,7,0,7,Home Win,2,0,Home Win
07/12/2024,I1,Genoa,Torino,0,0,NG,No,0,0,Draw,4,4,8,Draw,2,1,Home Win
07/12/2024,I1,Juventus,Bologna,2,2,GG,Yes,0,1,Away Win,1,4,5,Away Win,3,4,Away Win
07/12/2024,I1,Roma,Lecce,4,1,GG,Yes,1,1,Draw,8,1,9,Home Win,2,3,Away Win
08/12/2024,I1,Fiorentina,Cagliari,1,0,NG,No,1,0,Home Win,6,4,10,Home Win,3,2,Home Win
08/12/2024,I1,Verona,Empoli,1,4,GG,Yes,1,4,Away Win,5,8,13,Away Win,2,2,Draw
08/12/2024,I1,Venezia,Como,2,2,GG,Yes,1,0,Home Win,5,9,14,Away Win,1,1,Draw
08/12/2024,I1,Napoli,Lazio,0,1,NG,No,0,0,Draw,6,2,8,Home Win,2,3,Away Win
09/12/2024,I1,Monza,Udinese,1,2,GG,Yes,0,1,Away Win,10,1,11,Home Win,1,2,Away Win
13/12/2024,I1,Empoli,Torino,0,1,NG,No,0,0,Draw,12,3,15,Home Win,2,3,Away Win
14/12/2024,I1,Cagliari,Atalanta,0,1,NG,No,0,0,Draw,2,5,7,Away Win,3,3,Draw
14/12/2024,I1,Udinese,Napoli,1,3,GG,Yes,1,0,Home Win,3,9,12,Away Win,1,1,Draw
14/12/2024,I1,Juventus,Venezia,2,2,GG,Yes,1,0,Home Win,7,4,11,Home Win,1,3,Away Win
15/12/2024,I1,Lecce,Monza,2,1,GG,Yes,2,1,Home Win,2,7,9,Away Win,1,5,Away Win
15/12/2024,I1,Bologna,Fiorentina,1,0,NG,No,0,0,Draw,1,3,4,Away Win,2,2,Draw
15/12/2024,I1,Parma,Verona,2,3,GG,Yes,1,1,Draw,5,2,7,Home Win,1,3,Away Win
15/12/2024,I1,Como,Roma,2,0,NG,No,0,0,Draw,6,5,11,Home Win,6,1,Home Win
15/12/2024,I1,Milan,Genoa,0,0,NG,No,0,0,Draw,9,2,11,Home Win,0,2,Away Win
16/12/2024,I1,Lazio,Inter,0,6,NG,Yes,0,2,Away Win,4,2,6,Home Win,2,4,Away Win
20/12/2024,I1,Verona,Milan,0,1,NG,No,0,0,Draw,3,8,11,Away Win,1,1,Draw
21/12/2024,I1,Torino,Bologna,0,2,NG,No,0,0,Draw,4,0,4,Home Win,0,2,Away Win
21/12/2024,I1,Genoa,Napoli,1,2,GG,Yes,0,2,Away Win,5,6,11,Away Win,2,1,Home Win
21/12/2024,I1,Lecce,Lazio,1,2,GG,Yes,0,1,Away Win,6,6,12,Draw,3,1,Home Win
22/12/2024,I1,Roma,Parma,5,0,NG,Yes,2,0,Home Win,5,2,7,Home Win,1,2,Away Win
22/12/2024,I1,Venezia,Cagliari,2,1,GG,Yes,1,0,Home Win,4,8,12,Away Win,1,2,Away Win
22/12/2024,I1,Atalanta,Empoli,3,2,GG,Yes,2,1,Home Win,6,3,9,Home Win,1,1,Draw
22/12/2024,I1,Monza,Juventus,1,2,GG,Yes,1,2,Away Win,3,7,10,Away Win,1,1,Draw
23/12/2024,I1,Fiorentina,Udinese,1,2,GG,Yes,1,0,Home Win,10,2,12,Home Win,2,5,Away Win
23/12/2024,I1,Inter,Como,2,0,NG,No,0,0,Draw,7,1,8,Home Win,2,2,Draw
28/12/2024,I1,Empoli,Genoa,1,2,GG,Yes,0,0,Draw,7,4,11,Home Win,1,2,Away Win
28/12/2024,I1,Parma,Monza,2,1,GG,Yes,0,0,Draw,4,6,10,Away Win,3,7,Away Win
28/12/2024,I1,Cagliari,Inter,0,3,NG,Yes,0,0,Draw,5,7,12,Away Win,0,0,Draw
28/12/2024,I1,Lazio,Atalanta,1,1,GG,No,1,0,Home Win,2,7,9,Away Win,2,3,Away Win
29/12/2024,I1,Udinese,Torino,2,2,GG,Yes,1,0,Home Win,4,3,7,Home Win,1,0,Home Win
29/12/2024,I1,Napoli,Venezia,1,0,NG,No,0,0,Draw,14,4,18,Home Win,0,3,Away Win
29/12/2024,I1,Juventus,Fiorentina,2,2,GG,Yes,1,1,Draw,7,2,9,Home Win,3,1,Home Win
29/12/2024,I1,Milan,Roma,1,1,GG,No,1,1,Draw,6,5,11,Home Win,4,4,Draw
30/12/2024,I1,Como,Lecce,2,0,NG,No,0,0,Draw,4,4,8,Draw,3,2,Home Win
30/12/2024,I1,Bologna,Verona,2,3,GG,Yes,1,2,Away Win,11,5,16,Home Win,2,5,Away Win
04/01/2025,I1,Venezia,Empoli,1,1,GG,No,1,1,Draw,2,8,10,Away Win,1,2,Away Win
04/01/2025,I1,Fiorentina,Napoli,0,3,NG,Yes,0,1,Away Win,4,2,6,Home Win,0,1,Away Win
04/01/2025,I1,Verona,Udinese,0,0,NG,No,0,0,Draw,7,3,10,Home Win,3,2,Home Win
05/01/2025,I1,Monza,Cagliari,1,2,GG,Yes,1,1,Draw,1,3,4,Away Win,2,2,Draw
05/01/2025,I1,Lecce,Genoa,0,0,NG,No,0,0,Draw,9,4,13,Home Win,0,1,Away Win
05/01/2025,I1,Torino,Parma,0,0,NG,No,0,0,Draw,8,7,15,Home Win,2,1,Home Win
05/01/2025,I1,Roma,Lazio,2,0,NG,No,2,0,Home Win,3,10,13,Away Win,4,5,Away Win
10/01/2025,I1,Lazio,Como,1,1,GG,No,1,0,Home Win,7,7,14,Draw,4,3,Home Win
11/01/2025,I1,Empoli,Lecce,1,3,GG,Yes,0,2,Away Win,9,2,11,Home Win,0,3,Away Win
11/01/2025,I1,Udinese,Atalanta,0,0,NG,No,0,0,Draw,5,3,8,Home Win,1,2,Away Win
11/01/2025,I1,Torino,Juventus,1,1,GG,No,1,1,Draw,9,1,10,Home Win,4,1,Home Win
11/01/2025,I1,Milan,Cagliari,1,1,GG,No,0,0,Draw,9,1,10,Home Win,1,2,Away Win
12/01/2025,I1,Genoa,Parma,1,0,NG,No,0,0,Draw,6,9,15,Away Win,2,3,Away Win
12/01/2025,I1,Venezia,Inter,0,1,NG,No,0,1,Away Win,4,5,9,Away Win,4,1,Home Win
12/01/2025,I1,Bologna,Roma,2,2,GG,Yes,0,0,Draw,5,4,9,Home Win,4,1,Home Win
12/01/2025,I1,Napoli,Verona,2,0,NG,No,1,0,Home Win,8,1,9,Home Win,0,0,Draw
13/01/2025,I1,Monza,Fiorentina,2,1,GG,Yes,1,0,Home Win,2,4,6,Away Win,4,1,Home Win
14/01/2025,I1,Como,Milan,1,2,GG,Yes,0,0,Draw,2,4,6,Away Win,1,6,Away Win
14/01/2025,I1,Atalanta,Juventus,1,1,GG,No,0,0,Draw,3,3,6,Draw,1,1,Draw
15/01/2025,I1,Inter,Bologna,2,2,GG,Yes,2,1,Home Win,3,3,6,Draw,0,0,Draw
17/01/2025,I1,Roma,Genoa,3,1,GG,Yes,1,1,Draw,3,2,5,Home Win,1,1,Draw
18/01/2025,I1,Bologna,Monza,3,1,GG,Yes,2,1,Home Win,4,0,4,Home Win,1,3,Away Win
18/01/2025,I1,Juventus,Milan,2,0,NG,No,0,0,Draw,5,5,10,Draw,0,2,Away Win
18/01/2025,I1,Atalanta,Napoli,2,3,GG,Yes,1,2,Away Win,3,1,4,Home Win,4,2,Home Win
19/01/2025,I1,Fiorentina,Torino,1,1,GG,No,1,0,Home Win,9,2,11,Home Win,3,3,Draw
19/01/2025,I1,Cagliari,Lecce,4,1,GG,Yes,0,1,Away Win,6,1,7,Home Win,3,1,Home Win
19/01/2025,I1,Parma,Venezia,1,1,GG,No,0,1,Away Win,8,2,10,Home Win,2,3,Away Win
19/01/2025,I1,Verona,Lazio,0,3,NG,Yes,0,2,Away Win,5,6,11,Away Win,6,2,Home Win
19/01/2025,I1,Inter,Empoli,3,1,GG,Yes,0,0,Draw,7,3,10,Home Win,0,0,Draw
20/01/2025,I1,Como,Udinese,4,1,GG,Yes,2,0,Home Win,3,2,5,Home Win,2,4,Away Win
24/01/2025,I1,Torino,Cagliari,2,0,NG,No,1,0,Home Win,6,3,9,Home Win,0,1,Away Win
25/01/2025,I1,Como,Atalanta,1,2,GG,Yes,1,0,Home Win,4,5,9,Away Win,2,3,Away Win
25/01/2025,I1,Napoli,Juventus,2,1,GG,Yes,0,1,Away Win,9,1,10,Home Win,0,0,Draw
25/01/2025,I1,Empoli,Bologna,1,1,GG,No,1,1,Draw,2,4,6,Away Win,0,0,Draw
26/01/2025,I1,Milan,Parma,3,2,GG,Yes,1,1,Draw,7,4,11,Home Win,2,5,Away Win
26/01/2025,I1,Udinese,Roma,1,2,GG,Yes,1,0,Home Win,1,5,6,Away Win,2,2,Draw
26/01/2025,I1,Lecce,Inter,0,4,NG,Yes,0,2,Away Win,7,0,7,Home Win,0,2,Away Win
26/01/2025,I1,Lazio,Fiorentina,1,2,GG,Yes,0,2,Away Win,14,2,16,Home Win,1,4,Away Win
27/01/2025,I1,Venezia,Verona,1,1,GG,No,1,0,Home Win,7,9,16,Away Win,1,1,Draw
27/01/2025,I1,Genoa,Monza,2,0,NG,No,0,0,Draw,9,6,15,Home Win,0,4,Away Win
31/01/2025,I1,Parma,Lecce,1,3,GG,Yes,1,1,Draw,3,2,5,Home Win,1,2,Away Win
01/02/2025,I1,Monza,Verona,0,1,NG,No,0,1,Away Win,7,3,10,Home Win,2,3,Away Win
01/02/2025,I1,Udinese,Venezia,3,2,GG,Yes,0,0,Draw,4,6,10,Away Win,3,3,Draw
01/02/2025,I1,Atalanta,Torino,1,1,GG,No,1,1,Draw,8,0,8,Home Win,0,3,Away Win
01/02/2025,I1,Bologna,Como,2,0,NG,No,1,0,Home Win,4,2,6,Home Win,3,4,Away Win
02/02/2025,I1,Juventus,Empoli,4,1,GG,Yes,0,1,Away Win,8,6,14,Home Win,0,3,Away Win
02/02/2025,I1,Fiorentina,Genoa,2,1,GG,Yes,2,0,Home Win,1,8,9,Away Win,3,1,Home Win
02/02/2025,I1,Milan,Inter,1,1,GG,No,1,0,Home Win,8,11,19,Away Win,0,2,Away Win
02/02/2025,I1,Roma,Napoli,1,1,GG,No,0,1,Away Win,2,3,5,Away Win,2,1,Home Win
03/02/2025,I1,Cagliari,Lazio,1,2,GG,Yes,0,1,Away Win,7,7,14,Draw,0,0,Draw
06/02/2025,I1,Fiorentina,Inter,3,0,NG,Yes,0,0,Draw,1,8,9,Away Win,0,0,Draw
07/02/2025,I1,Como,Juventus,1,2,GG,Yes,1,1,Draw,9,1,10,Home Win,3,1,Home Win
08/02/2025,I1,Verona,Atalanta,0,5,NG,Yes,0,4,Away Win,7,2,9,Home Win,2,1,Home Win
08/02/2025,I1,Empoli,Milan,0,2,NG,No,0,0,Draw,2,6,8,Away Win,2,4,Away Win
08/02/2025,I1,Torino,Genoa,1,1,GG,No,1,0,Home Win,4,2,6,Home Win,2,2,Draw
09/02/2025,I1,Venezia,Roma,0,1,NG,No,0,0,Draw,4,6,10,Away Win,2,3,Away Win
09/02/2025,I1,Cagliari,Parma,2,1,GG,Yes,0,0,Draw,7,6,13,Home Win,0,0,Draw
09/02/2025,I1,Lazio,Monza,5,1,GG,Yes,1,0,Home Win,8,1,9,Home Win,0,1,Away Win
09/02/2025,I1,Lecce,Bologna,0,0,NG,No,0,0,Draw,6,5,11,Home Win,0,2,Away Win
09/02/2025,I1,Napoli,Udinese,1,1,GG,No,1,1,Draw,6,6,12,Draw,0,1,Away Win
10/02/2025,I1,Inter,Fiorentina,2,1,GG,Yes,1,1,Draw,8,1,9,Home Win,4,3,Home Win
14/02/2025,I1,Bologna,Torino,3,2,GG,Yes,1,1,Draw,8,2,10,Home Win,0,4,Away Win
15/02/2025,I1,Atalanta,Cagliari,0,0,NG,No,0,0,Draw,8,2,10,Home Win,1,1,Draw
15/02/2025,I1,Lazio,Napoli,2,2,GG,Yes,1,1,Draw,7,1,8,Home Win,2,2,Draw
15/02/2025,I1,Milan,Verona,1,0,NG,No,0,0,Draw,10,7,17,Home Win,0,0,Draw
16/02/2025,I1,Fiorentina,Como,0,2,NG,No,0,1,Away Win,2,1,3,Home Win,3,2,Home Win
16/02/2025,I1,Monza,Lecce,0,0,NG,No,0,0,Draw,3,7,10,Away Win,2,2,Draw
16/02/2025,I1,Udinese,Empoli,3,0,NG,Yes,1,0,Home Win,9,5,14,Home Win,0,0,Draw
16/02/2025,I1,Parma,Roma,0,1,NG,No,0,1,Away Win,1,10,11,Away Win,0,0,Draw
16/02/2025,I1,Juventus,Inter,1,0,NG,No,0,0,Draw,7,5,12,Home Win,1,1,Draw
17/02/2025,I1,Genoa,Venezia,2,0,NG,No,0,0,Draw,4,5,9,Away Win,1,1,Draw
21/02/2025,I1,Lecce,Udinese,0,1,NG,No,0,1,Away Win,11,8,19,Home Win,1,3,Away Win
22/02/2025,I1,Parma,Bologna,2,0,NG,No,1,0,Home Win,0,4,4,Away Win,2,1,Home Win
22/02/2025,I1,Venezia,Lazio,0,0,NG,No,0,0,Draw,6,6,12,Draw,4,2,Home Win
22/02/2025,I1,Torino,Milan,2,1,GG,Yes,1,0,Home Win,4,11,15,Away Win,1,1,Draw
22/02/2025,I1,Inter,Genoa,1,0,NG,No,0,0,Draw,6,7,13,Away Win,0,2,Away Win
23/02/2025,I1,Como,Napoli,2,1,GG,Yes,1,1,Draw,4,6,10,Away Win,1,3,Away Win
23/02/2025,I1,Verona,Fiorentina,1,0,NG,No,0,0,Draw,4,1,5,Home Win,3,3,Draw
23/02/2025,I1,Empoli,Atalanta,0,5,NG,Yes,0,3,Away Win,3,4,7,Away Win,0,1,Away Win
23/02/2025,I1,Cagliari,Juventus,0,1,NG,No,0,1,Away Win,3,4,7,Away Win,0,1,Away Win
24/02/2025,I1,Roma,Monza,4,0,NG,Yes,2,0,Home Win,6,3,9,Home Win,0,1,Away Win
27/02/2025,I1,Bologna,Milan,2,1,GG,Yes,0,1,Away Win,4,5,9,Away Win,1,2,Away Win
28/02/2025,I1,Fiorentina,Lecce,1,0,NG,No,1,0,Home Win,5,2,7,Home Win,3,2,Home Win
01/03/2025,I1,Atalanta,Venezia,0,0,NG,No,0,0,Draw,3,2,5,Home Win,1,2,Away Win
01/03/2025,I1,Napoli,Inter,1,1,GG,No,0,1,Away Win,12,3,15,Home Win,1,0,Home Win
01/03/2025,I1,Udinese,Parma,1,0,NG,No,1,0,Home Win,7,7,14,Draw,1,1,Draw
02/03/2025,I1,Monza,Torino,0,2,NG,No,0,1,Away Win,1,4,5,Away Win,2,2,Draw
02/03/2025,I1,Bologna,Cagliari,2,1,GG,Yes,0,1,Away Win,4,1,5,Home Win,1,2,Away Win
02/03/2025,I1,Genoa,Empoli,1,1,GG,No,0,1,Away Win,3,6,9,Away Win,1,3,Away Win
02/03/2025,I1,Roma,Como,2,1,GG,Yes,0,1,Away Win,1,2,3,Away Win,2,7,Away Win
02/03/2025,I1,Milan,Lazio,1,2,GG,Yes,0,1,Away Win,3,5,8,Away Win,2,1,Home Win
03/03/2025,I1,Juventus,Verona,2,0,NG,No,0,0,Draw,6,0,6,Home Win,1,0,Home Win
07/03/2025,I1,Cagliari,Genoa,1,1,GG,No,1,0,Home Win,2,5,7,Away Win,2,2,Draw
08/03/2025,I1,Como,Venezia,1,1,GG,No,0,0,Draw,3,5,8,Away Win,2,3,Away Win
08/03/2025,I1,Parma,Torino,2,2,GG,Yes,0,1,Away Win,7,4,11,Home Win,4,2,Home Win
08/03/2025,I1,Lecce,Milan,2,3,GG,Yes,1,0,Home Win,2,7,9,Away Win,2,1,Home Win
08/03/2025,I1,Inter,Monza,3,2,GG,Yes,1,2,Away Win,13,1,14,Home Win,0,1,Away Win
09/03/2025,I1,Verona,Bologna,1,2,GG,Yes,0,1,Away Win,1,3,4,Away Win,2,1,Home Win
09/03/2025,I1,Napoli,Fiorentina,2,1,GG,Yes,1,0,Home Win,4,4,8,Draw,1,2,Away Win
09/03/2025,I1,Empoli,Roma,0,1,NG,No,0,1,Away Win,1,9,10,Away Win,0,0,Draw
09/03/2025,I1,Juventus,Atalanta,0,4,NG,Yes,0,1,Away Win,2,5,7,Away Win,1,1,Draw
10/03/2025,I1,Lazio,Udinese,1,1,GG,No,1,1,Draw,4,9,13,Away Win,2,4,Away Win
14/03/2025,I1,Genoa,Lecce,2,1,GG,Yes,2,0,Home Win,3,3,6,Draw,3,2,Home Win
15/03/2025,I1,Monza,Parma,1,1,GG,No,0,0,Draw,6,3,9,Home Win,0,3,Away Win
15/03/2025,I1,Udinese,Verona,0,1,NG,No,0,0,Draw,2,1,3,Home Win,5,2,Home Win
15/03/2025,I1,Milan,Como,2,1,GG,Yes,0,1,Away Win,0,5,5,Away Win,3,3,Draw
15/03/2025,I1,Torino,Empoli,1,0,NG,No,0,0,Draw,5,5,10,Draw,1,0,Home Win
16/03/2025,I1,Venezia,Napoli,0,0,NG,No,0,0,Draw,3,8,11,Away Win,2,1,Home Win
16/03/2025,I1,Bologna,Lazio,5,0,NG,Yes,1,0,Home Win,7,1,8,Home Win,2,3,Away Win
16/03/2025,I1,Roma,Cagliari,1,0,NG,No,0,0,Draw,8,3,11,Home Win,0,2,Away Win
16/03/2025,I1,Fiorentina,Juventus,3,0,NG,Yes,2,0,Home Win,1,6,7,Away Win,2,3,Away Win
16/03/2025,I1,Atalanta,Inter,0,2,NG,No,0,0,Draw,2,6,8,Away Win,3,3,Draw
29/03/2025,I1,Como,Empoli,1,1,GG,No,0,0,Draw,4,1,5,Home Win,2,5,Away Win
29/03/2025,I1,Venezia,Bologna,0,1,NG,No,0,0,Draw,2,3,5,Away Win,4,1,Home Win
29/03/2025,I1,Juventus,Genoa,1,0,NG,No,1,0,Home Win,4,3,7,Home Win,3,2,Home Win
29/03/2025,I1,Lecce,Roma,0,1,NG,No,0,0,Draw,6,6,12,Draw,1,3,Away Win
30/03/2025,I1,Cagliari,Monza,3,0,NG,Yes,0,0,Draw,4,6,10,Away Win,2,2,Draw
30/03/2025,I1,Fiorentina,Atalanta,1,0,NG,No,1,0,Home Win,2,4,6,Away Win,0,3,Away Win
30/03/2025,I1,Inter,Udinese,2,1,GG,Yes,2,0,Home Win,2,4,6,Away Win,2,0,Home Win
30/03/2025,I1,Napoli,Milan,2,1,GG,Yes,2,0,Home Win,2,6,8,Away Win,2,2,Draw
31/03/2025,I1,Verona,Parma,0,0,NG,No,0,0,Draw,5,5,10,Draw,2,1,Home Win
31/03/2025,I1,Lazio,Torino,1,1,GG,No,0,0,Draw,5,3,8,Home Win,3,4,Away Win
04/04/2025,I1,Genoa,Udinese,1,0,NG,No,0,0,Draw,1,2,3,Away Win,2,2,Draw
05/04/2025,I1,Monza,Como,1,3,GG,Yes,1,2,Away Win,2,2,4,Draw,2,1,Home Win
05/04/2025,I1,Parma,Inter,2,2,GG,Yes,0,2,Away Win,2,4,6,Away Win,2,3,Away Win
05/04/2025,I1,Milan,Fiorentina,2,2,GG,Yes,1,2,Away Win,7,4,11,Home Win,4,3,Home Win
06/04/2025,I1,Lecce,Venezia,1,1,GG,No,0,0,Draw,8,3,11,Home Win,2,4,Away Win
06/04/2025,I1,Empoli,Cagliari,0,0,NG,No,0,0,Draw,2,3,5,Away Win,0,4,Away Win
06/04/2025,I1,Torino,Verona,1,1,GG,No,0,0,Draw,1,5,6,Away Win,1,1,Draw
06/04/2025,I1,Atalanta,Lazio,0,1,NG,No,0,0,Draw,11,4,15,Home Win,1,2,Away Win
06/04/2025,I1,Roma,Juventus,1,1,GG,No,0,1,Away Win,4,4,8,Draw,1,1,Draw
07/04/2025,I1,Bologna,Napoli,1,1,GG,No,0,1,Away Win,8,3,11,Home Win,1,3,Away Win
11/04/2025,I1,Udinese,Milan,0,4,NG,Yes,0,2,Away Win,5,7,12,Away Win,1,1,Draw
12/04/2025,I1,Venezia,Monza,1,0,NG,No,0,0,Draw,3,4,7,Away Win,5,3,Home Win
12/04/2025,I1,Inter,Cagliari,3,1,GG,Yes,2,0,Home Win,5,6,11,Away Win,0,1,Away Win
12/04/2025,I1,Juventus,Lecce,2,1,GG,Yes,2,0,Home Win,9,4,13,Home Win,0,1,Away Win
13/04/2025,I1,Atalanta,Bologna,2,0,NG,No,2,0,Home Win,4,5,9,Away Win,4,1,Home Win
13/04/2025,I1,Fiorentina,Parma,0,0,NG,No,0,0,Draw,2,2,4,Draw,0,5,Away Win
13/04/2025,I1,Verona,Genoa,0,0,NG,No,0,0,Draw,6,2,8,Home Win,3,1,Home Win
13/04/2025,I1,Como,Torino,1,0,NG,No,1,0,Home Win,7,4,11,Home Win,1,3,Away Win
13/04/2025,I1,Lazio,Roma,1,1,GG,No,0,0,Draw,10,5,15,Home Win,4,2,Home Win
14/04/2025,I1,Napoli,Empoli,3,0,NG,Yes,1,0,Home Win,5,5,10,Draw,1,1,Draw
19/04/2025,I1,Lecce,Como,0,3,NG,Yes,0,1,Away Win,9,4,13,Home Win,3,5,Away Win
19/04/2025,I1,Monza,Napoli,0,1,NG,No,0,0,Draw,6,7,13,Away Win,4,2,Home Win
19/04/2025,I1,Roma,Verona,1,0,NG,No,1,0,Home Win,4,6,10,Away Win,0,2,Away Win
20/04/2025,I1,Empoli,Venezia,2,2,GG,Yes,0,0,Draw,2,5,7,Away Win,2,1,Home Win
20/04/2025,I1,Bologna,Inter,1,0,NG,No,0,0,Draw,5,6,11,Away Win,2,3,Away Win
20/04/2025,I1,Milan,Atalanta,0,1,NG,No,0,0,Draw,7,5,12,Home Win,0,1,Away Win
23/04/2025,I1,Cagliari,Fiorentina,1,2,GG,Yes,1,1,Draw,4,4,8,Draw,2,2,Draw
23/04/2025,I1,Genoa,Lazio,0,2,NG,No,0,1,Away Win,6,8,14,Away Win,3,1,Home Win
23/04/2025,I1,Parma,Juventus,1,0,NG,No,1,0,Home Win,4,9,13,Away Win,2,3,Away Win
23/04/2025,I1,Torino,Udinese,2,0,NG,No,1,0,Home Win,8,7,15,Home Win,2,2,Draw
27/04/2025,I1,Como,Genoa,1,0,NG,No,0,0,Draw,6,3,9,Home Win,2,1,Home Win
27/04/2025,I1,Venezia,Milan,0,2,NG,No,0,1,Away Win,7,2,9,Home Win,1,0,Home Win
27/04/2025,I1,Fiorentina,Empoli,2,1,GG,Yes,2,0,Home Win,1,6,7,Away Win,3,2,Home Win
27/04/2025,I1,Inter,Roma,0,1,NG,No,0,1,Away Win,4,3,7,Home Win,1,2,Away Win
27/04/2025,I1,Juventus,Monza,2,0,NG,No,2,0,Home Win,0,5,5,Away Win,3,3,Draw
27/04/2025,I1,Atalanta,Lecce,1,1,GG,No,0,1,Away Win,12,3,15,Home Win,1,1,Draw
27/04/2025,I1,Napoli,Torino,2,0,NG,No,2,0,Home Win,2,5,7,Away Win,0,3,Away Win
28/04/2025,I1,Udinese,Bologna,0,0,NG,No,0,0,Draw,5,6,11,Away Win,3,2,Home Win
28/04/2025,I1,Lazio,Parma,2,2,GG,Yes,0,1,Away Win,5,1,6,Home Win,1,3,Away Win
28/04/2025,I1,Verona,Cagliari,0,2,NG,No,0,1,Away Win,2,3,5,Away Win,2,1,Home Win
02/05/2025,I1,Torino,Venezia,1,1,GG,No,0,1,Away Win,5,1,6,Home Win,1,0,Home Win
03/05/2025,I1,Cagliari,Udinese,1,2,GG,Yes,1,1,Draw,5,4,9,Home Win,1,2,Away Win
03/05/2025,I1,Parma,Como,0,1,NG,No,0,0,Draw,5,5,10,Draw,1,1,Draw
03/05/2025,I1,Lecce,Napoli,0,1,NG,No,0,1,Away Win,5,2,7,Home Win,2,0,Home Win
03/05/2025,I1,Inter,Verona,1,0,NG,No,1,0,Home Win,4,3,7,Home Win,1,3,Away Win
04/05/2025,I1,Empoli,Lazio,0,1,NG,No,0,1,Away Win,2,7,9,Away Win,5,5,Draw
04/05/2025,I1,Monza,Atalanta,0,4,NG,Yes,0,2,Away Win,3,7,10,Away Win,1,2,Away Win
04/05/2025,I1,Roma,Fiorentina,1,0,NG,No,1,0,Home Win,7,4,11,Home Win,2,2,Draw
04/05/2025,I1,Bologna,Juventus,1,1,GG,No,0,1,Away Win,10,3,13,Home Win,1,3,Away Win
05/05/2025,I1,Genoa,Milan,1,2,GG,Yes,0,0,Draw,8,7,15,Home Win,1,5,Away Win
09/05/2025,I1,Milan,Bologna,3,1,GG,Yes,0,0,Draw,3,4,7,Away Win,2,2,Draw
10/05/2025,I1,Como,Cagliari,3,1,GG,Yes,2,1,Home Win,5,1,6,Home Win,1,3,Away Win
10/05/2025,I1,Lazio,Juventus,1,1,GG,No,0,0,Draw,3,3,6,Draw,5,4,Home Win
10/05/2025,I1,Empoli,Parma,2,1,GG,Yes,1,0,Home Win,4,0,4,Home Win,2,2,Draw
11/05/2025,I1,Udinese,Monza,1,2,GG,Yes,0,0,Draw,7,0,7,Home Win,2,3,Away Win
11/05/2025,I1,Verona,Lecce,1,1,GG,No,1,1,Draw,3,6,9,Away Win,4,0,Home Win
11/05/2025,I1,Torino,Inter,0,2,NG,No,0,1,Away Win,9,3,12,Home Win,1,3,Away Win
11/05/2025,I1,Napoli,Genoa,2,2,GG,Yes,1,1,Draw,8,0,8,Home Win,1,2,Away Win
12/05/2025,I1,Venezia,Fiorentina,2,1,GG,Yes,0,0,Draw,1,5,6,Away Win,1,4,Away Win
12/05/2025,I1,Atalanta,Roma,2,1,GG,Yes,1,1,Draw,8,7,15,Home Win,1,0,Home Win
17/05/2025,I1,Genoa,Atalanta,2,3,GG,Yes,1,0,Home Win,7,0,7,Home Win,0,0,Draw
18/05/2025,I1,Cagliari,Venezia,3,0,NG,Yes,2,0,Home Win,8,8,16,Draw,1,1,Draw
18/05/2025,I1,Fiorentina,Bologna,3,2,GG,Yes,1,0,Home Win,2,4,6,Away Win,4,1,Home Win
18/05/2025,I1,Inter,Lazio,2,2,GG,Yes,1,0,Home Win,5,1,6,Home Win,1,3,Away Win
18/05/2025,I1,Juventus,Udinese,2,0,NG,No,0,0,Draw,12,3,15,Home Win,0,3,Away Win
18/05/2025,I1,Lecce,Torino,1,0,NG,No,0,0,Draw,3,4,7,Away Win,1,1,Draw
18/05/2025,I1,Monza,Empoli,1,3,GG,Yes,1,0,Home Win,2,6,8,Away Win,0,1,Away Win
18/05/2025,I1,Parma,Napoli,0,0,NG,No,0,0,Draw,3,2,5,Home Win,2,2,Draw
18/05/2025,I1,Roma,Milan,3,1,GG,Yes,1,1,Draw,4,2,6,Home Win,3,2,Home Win
18/05/2025,I1,Verona,Como,1,1,GG,No,0,1,Away Win,5,5,10,Draw,2,3,Away Win
23/05/2025,I1,Como,Inter,0,2,NG,No,0,1,Away Win,1,4,5,Away Win,1,3,Away Win
23/05/2025,I1,Napoli,Cagliari,2,0,NG,No,1,0,Home Win,8,3,11,Home Win,2,1,Home Win
24/05/2025,I1,Bologna,Genoa,1,3,GG,Yes,0,3,Away Win,13,1,14,Home Win,5,2,Home Win
24/05/2025,I1,Milan,Monza,2,0,NG,No,0,0,Draw,4,6,10,Away Win,0,1,Away Win
25/05/2025,I1,Atalanta,Parma,2,3,GG,Yes,2,0,Home Win,5,6,11,Away Win,1,1,Draw
25/05/2025,I1,Empoli,Verona,1,2,GG,Yes,1,1,Draw,13,1,14,Home Win,2,2,Draw
25/05/2025,I1,Lazio,Lecce,0,1,NG,No,0,1,Away Win,14,4,18,Home Win,2,3,Away Win
25/05/2025,I1,Torino,Roma,0,2,NG,No,0,1,Away Win,2,1,3,Home Win,1,1,Draw
25/05/2025,I1,Udinese,Fiorentina,2,3,GG,Yes,1,0,Home Win,2,8,10,Away Win,3,2,Home Win
25/05/2025,I1,Venezia,Juventus,2,3,GG,Yes,1,2,Away Win,6,6,12,Draw,1,2,Away Win
