match_date,league,HomeTeam,AwayTeam,home_score,away_score,both_teams_score,over_2_5,first_half_home,first_half_away,first_half_result,home_corners,away_corners,Total_corners,Corners_result,home_yellow_cards,away_yellow_cards,Card_result
13/08/2021,N1,Go Ahead Eagles,Heerenveen,0,1,NG,No,0,1,Away Win,3,11,14,Away Win,0,0,Draw
14/08/2021,N1,Waalwijk,AZ Alkmaar,1,0,NG,No,1,0,Home Win,4,6,10,Away Win,0,2,Away Win
14/08/2021,N1,Heracles,PSV Eindhoven,0,2,NG,No,0,1,Away Win,2,11,13,Away Win,2,2,Draw
14/08/2021,N1,For Sittard,Twente,2,1,GG,Yes,0,1,Away Win,8,5,13,Home Win,2,2,Draw
14/08/2021,N1,Ajax,Nijmegen,5,0,NG,Yes,5,0,Home Win,10,0,10,Home Win,0,0,Draw
15/08/2021,N1,Cambuur,Groningen,1,2,GG,Yes,0,1,Away Win,2,8,10,Away Win,0,0,Draw
15/08/2021,N1,Utrecht,Sparta Rotterdam,4,0,NG,Yes,1,0,Home Win,4,2,6,Home Win,1,3,Away Win
15/08/2021,N1,Zwolle,Vitesse,0,1,NG,No,0,1,Away Win,6,2,8,Home Win,0,2,Away Win
15/08/2021,N1,Willem II,Feyenoord,0,4,NG,Yes,0,2,Away Win,5,4,9,Home Win,1,0,Home Win
20/08/2021,N1,Nijmegen,Zwolle,2,0,NG,No,2,0,Home Win,2,5,7,Away Win,4,3,Home Win
21/08/2021,N1,Heerenveen,Waalwijk,3,2,GG,Yes,3,0,Home Win,2,7,9,Away Win,1,3,Away Win
21/08/2021,N1,PSV Eindhoven,Cambuur,4,1,GG,Yes,2,0,Home Win,11,3,14,Home Win,0,1,Away Win
21/08/2021,N1,Sparta Rotterdam,Heracles,1,1,GG,No,1,0,Home Win,4,9,13,Away Win,1,2,Away Win
21/08/2021,N1,Groningen,Utrecht,0,0,NG,No,0,0,Draw,5,4,9,Home Win,3,4,Away Win
22/08/2021,N1,Twente,Ajax,1,1,GG,No,0,0,Draw,1,7,8,Away Win,1,2,Away Win
22/08/2021,N1,Feyenoord,Go Ahead Eagles,2,0,NG,No,0,0,Draw,10,3,13,Home Win,1,1,Draw
22/08/2021,N1,Vitesse,Willem II,0,3,NG,Yes,0,2,Away Win,6,3,9,Home Win,4,2,Home Win
27/08/2021,N1,For Sittard,Waalwijk,2,2,GG,Yes,1,1,Draw,5,6,11,Away Win,1,1,Draw
28/08/2021,N1,Cambuur,Twente,2,0,NG,No,0,0,Draw,8,5,13,Home Win,1,4,Away Win
28/08/2021,N1,Go Ahead Eagles,Sparta Rotterdam,2,0,NG,No,1,0,Home Win,7,3,10,Home Win,1,3,Away Win
28/08/2021,N1,PSV Eindhoven,Groningen,5,2,GG,Yes,3,2,Home Win,7,7,14,Draw,1,0,Home Win
28/08/2021,N1,Willem II,Zwolle,1,0,NG,No,0,0,Draw,6,0,6,Home Win,0,0,Draw
29/08/2021,N1,Utrecht,Feyenoord,3,1,GG,Yes,1,1,Draw,8,6,14,Home Win,1,4,Away Win
29/08/2021,N1,Ajax,Vitesse,5,0,NG,Yes,3,0,Home Win,6,1,7,Home Win,0,2,Away Win
29/08/2021,N1,Heracles,Nijmegen,0,1,NG,No,0,0,Draw,7,1,8,Home Win,6,2,Home Win
29/08/2021,N1,Heerenveen,AZ Alkmaar,1,3,GG,Yes,1,1,Draw,3,7,10,Away Win,0,1,Away Win
11/09/2021,N1,Twente,Utrecht,1,0,NG,No,0,0,Draw,3,5,8,Away Win,4,4,Draw
11/09/2021,N1,Cambuur,Go Ahead Eagles,5,2,GG,Yes,1,1,Draw,1,5,6,Away Win,3,1,Home Win
11/09/2021,N1,Zwolle,Ajax,0,2,NG,No,0,1,Away Win,5,7,12,Away Win,1,3,Away Win
11/09/2021,N1,AZ Alkmaar,PSV Eindhoven,0,3,NG,Yes,0,1,Away Win,6,2,8,Home Win,2,2,Draw
12/09/2021,N1,Nijmegen,Willem II,0,0,NG,No,0,0,Draw,10,1,11,Home Win,1,2,Away Win
12/09/2021,N1,Groningen,Heerenveen,1,1,GG,No,0,1,Away Win,9,0,9,Home Win,3,4,Away Win
12/09/2021,N1,Sparta Rotterdam,For Sittard,3,1,GG,Yes,2,0,Home Win,3,4,7,Away Win,2,1,Home Win
12/09/2021,N1,Waalwijk,Vitesse,1,2,GG,Yes,1,1,Draw,7,2,9,Home Win,5,1,Home Win
17/09/2021,N1,Sparta Rotterdam,Nijmegen,1,1,GG,No,1,1,Draw,4,6,10,Away Win,2,3,Away Win
18/09/2021,N1,Heerenveen,For Sittard,1,0,NG,No,1,0,Home Win,7,2,9,Home Win,1,4,Away Win
18/09/2021,N1,Willem II,Groningen,2,1,GG,Yes,2,0,Home Win,5,4,9,Home Win,3,2,Home Win
18/09/2021,N1,Ajax,Cambuur,9,0,NG,Yes,4,0,Home Win,6,1,7,Home Win,0,0,Draw
18/09/2021,N1,Utrecht,Waalwijk,2,2,GG,Yes,1,2,Away Win,10,4,14,Home Win,1,3,Away Win
19/09/2021,N1,Go Ahead Eagles,Zwolle,1,0,NG,No,0,0,Draw,4,4,8,Draw,1,2,Away Win
19/09/2021,N1,PSV Eindhoven,Feyenoord,0,4,NG,Yes,0,1,Away Win,7,5,12,Home Win,2,2,Draw
19/09/2021,N1,Heracles,AZ Alkmaar,3,2,GG,Yes,1,1,Draw,1,7,8,Away Win,3,1,Home Win
19/09/2021,N1,Vitesse,Twente,1,4,GG,Yes,0,2,Away Win,6,4,10,Home Win,4,3,Home Win
21/09/2021,N1,For Sittard,Ajax,0,5,NG,Yes,0,3,Away Win,3,8,11,Away Win,1,0,Home Win
21/09/2021,N1,Waalwijk,Willem II,1,2,GG,Yes,0,0,Draw,4,5,9,Away Win,2,0,Home Win
22/09/2021,N1,Go Ahead Eagles,PSV Eindhoven,1,2,GG,Yes,0,1,Away Win,1,8,9,Away Win,0,2,Away Win
22/09/2021,N1,Nijmegen,Utrecht,0,3,NG,Yes,0,1,Away Win,2,7,9,Away Win,0,1,Away Win
22/09/2021,N1,Groningen,Vitesse,0,1,NG,No,0,1,Away Win,0,8,8,Away Win,0,3,Away Win
22/09/2021,N1,Feyenoord,Heerenveen,3,1,GG,Yes,1,0,Home Win,8,6,14,Home Win,1,2,Away Win
22/09/2021,N1,Zwolle,Sparta Rotterdam,1,1,GG,No,1,1,Draw,4,7,11,Away Win,1,2,Away Win
23/09/2021,N1,Cambuur,Heracles,2,1,GG,Yes,1,0,Home Win,3,10,13,Away Win,0,0,Draw
23/09/2021,N1,Twente,AZ Alkmaar,3,1,GG,Yes,2,1,Home Win,3,4,7,Away Win,1,4,Away Win
25/09/2021,N1,Willem II,PSV Eindhoven,2,1,GG,Yes,1,1,Draw,1,6,7,Away Win,1,2,Away Win
25/09/2021,N1,Ajax,Groningen,3,0,NG,Yes,1,0,Home Win,4,2,6,Home Win,0,1,Away Win
25/09/2021,N1,Vitesse,For Sittard,1,1,GG,No,0,1,Away Win,6,2,8,Home Win,2,3,Away Win
25/09/2021,N1,Feyenoord,Nijmegen,5,3,GG,Yes,2,2,Draw,7,1,8,Home Win,2,2,Draw
25/09/2021,N1,Utrecht,Zwolle,5,1,GG,Yes,1,0,Home Win,8,1,9,Home Win,0,1,Away Win
26/09/2021,N1,Sparta Rotterdam,Cambuur,0,4,NG,Yes,0,1,Away Win,5,2,7,Home Win,1,3,Away Win
26/09/2021,N1,AZ Alkmaar,Go Ahead Eagles,5,0,NG,Yes,2,0,Home Win,5,2,7,Home Win,2,3,Away Win
26/09/2021,N1,Heerenveen,Twente,2,3,GG,Yes,0,2,Away Win,5,4,9,Home Win,3,0,Home Win
26/09/2021,N1,Heracles,Waalwijk,1,0,NG,No,0,0,Draw,6,1,7,Home Win,0,1,Away Win
01/10/2021,N1,Groningen,Twente,1,1,GG,No,1,0,Home Win,4,7,11,Away Win,3,4,Away Win
02/10/2021,N1,Waalwijk,Go Ahead Eagles,1,1,GG,No,0,1,Away Win,5,4,9,Home Win,2,4,Away Win
02/10/2021,N1,Heracles,Willem II,3,2,GG,Yes,1,0,Home Win,6,4,10,Home Win,0,2,Away Win
02/10/2021,N1,Zwolle,Heerenveen,0,1,NG,No,0,0,Draw,5,7,12,Away Win,2,1,Home Win
02/10/2021,N1,For Sittard,Nijmegen,1,3,GG,Yes,1,2,Away Win,3,1,4,Home Win,2,2,Draw
03/10/2021,N1,Ajax,Utrecht,0,1,NG,No,0,0,Draw,12,3,15,Home Win,1,4,Away Win
03/10/2021,N1,Cambuur,AZ Alkmaar,1,3,GG,Yes,0,2,Away Win,3,1,4,Home Win,4,3,Home Win
03/10/2021,N1,Vitesse,Feyenoord,2,1,GG,Yes,1,1,Draw,9,6,15,Home Win,4,3,Home Win
03/10/2021,N1,PSV Eindhoven,Sparta Rotterdam,2,1,GG,Yes,0,0,Draw,10,0,10,Home Win,1,2,Away Win
16/10/2021,N1,Feyenoord,Waalwijk,2,2,GG,Yes,1,2,Away Win,10,2,12,Home Win,2,2,Draw
16/10/2021,N1,Go Ahead Eagles,Heracles,4,2,GG,Yes,1,1,Draw,6,6,12,Draw,1,3,Away Win
16/10/2021,N1,Heerenveen,Ajax,0,2,NG,No,0,1,Away Win,7,7,14,Draw,4,0,Home Win
16/10/2021,N1,For Sittard,Cambuur,1,0,NG,No,0,0,Draw,6,3,9,Home Win,3,1,Home Win
16/10/2021,N1,PSV Eindhoven,Zwolle,3,1,GG,Yes,0,1,Away Win,7,2,9,Home Win,1,3,Away Win
17/10/2021,N1,AZ Alkmaar,Utrecht,5,1,GG,Yes,3,0,Home Win,2,3,5,Away Win,0,0,Draw
17/10/2021,N1,Nijmegen,Vitesse,0,1,NG,No,0,1,Away Win,4,4,8,Draw,3,4,Away Win
17/10/2021,N1,Sparta Rotterdam,Groningen,1,1,GG,No,1,1,Draw,5,5,10,Draw,4,2,Home Win
17/10/2021,N1,Twente,Willem II,1,1,GG,No,1,1,Draw,3,3,6,Draw,3,3,Draw
22/10/2021,N1,Willem II,For Sittard,1,1,GG,No,0,0,Draw,8,5,13,Home Win,1,2,Away Win
23/10/2021,N1,Utrecht,Heerenveen,2,1,GG,Yes,1,1,Draw,6,3,9,Home Win,1,1,Draw
23/10/2021,N1,Zwolle,Heracles,1,0,NG,No,0,0,Draw,3,3,6,Draw,0,1,Away Win
23/10/2021,N1,Waalwijk,Sparta Rotterdam,1,0,NG,No,0,0,Draw,3,3,6,Draw,0,1,Away Win
24/10/2021,N1,Twente,Nijmegen,1,2,GG,Yes,0,0,Draw,5,4,9,Home Win,2,4,Away Win
24/10/2021,N1,Cambuur,Feyenoord,2,3,GG,Yes,1,2,Away Win,4,6,10,Away Win,1,1,Draw
24/10/2021,N1,Vitesse,Go Ahead Eagles,1,2,GG,Yes,1,0,Home Win,4,4,8,Draw,4,1,Home Win
24/10/2021,N1,Ajax,PSV Eindhoven,5,0,NG,Yes,1,0,Home Win,6,1,7,Home Win,2,2,Draw
24/10/2021,N1,Groningen,AZ Alkmaar,2,0,NG,No,1,0,Home Win,3,11,14,Away Win,1,3,Away Win
30/10/2021,N1,PSV Eindhoven,Twente,5,2,GG,Yes,2,2,Draw,4,2,6,Home Win,0,1,Away Win
30/10/2021,N1,Heracles,Ajax,0,0,NG,No,0,0,Draw,2,6,8,Away Win,4,1,Home Win
30/10/2021,N1,Heerenveen,Vitesse,1,2,GG,Yes,1,0,Home Win,2,11,13,Away Win,0,2,Away Win
30/10/2021,N1,AZ Alkmaar,Zwolle,3,2,GG,Yes,2,2,Draw,3,1,4,Home Win,2,3,Away Win
31/10/2021,N1,Sparta Rotterdam,Feyenoord,0,1,NG,No,0,0,Draw,7,8,15,Away Win,2,1,Home Win
31/10/2021,N1,Nijmegen,Groningen,3,0,NG,Yes,1,0,Home Win,6,6,12,Draw,0,2,Away Win
31/10/2021,N1,Utrecht,Willem II,5,1,GG,Yes,2,1,Home Win,4,5,9,Away Win,2,3,Away Win
31/10/2021,N1,Waalwijk,Cambuur,0,1,NG,No,0,0,Draw,8,3,11,Home Win,1,1,Draw
31/10/2021,N1,Go Ahead Eagles,For Sittard,4,3,GG,Yes,0,2,Away Win,5,3,8,Home Win,2,0,Home Win
05/11/2021,N1,Twente,Heracles,1,0,NG,No,1,0,Home Win,4,2,6,Home Win,3,3,Draw
06/11/2021,N1,Nijmegen,Heerenveen,1,1,GG,No,0,0,Draw,11,7,18,Home Win,0,0,Draw
06/11/2021,N1,Willem II,Sparta Rotterdam,0,3,NG,Yes,0,2,Away Win,5,7,12,Away Win,1,3,Away Win
06/11/2021,N1,Zwolle,Cambuur,1,2,GG,Yes,0,1,Away Win,8,3,11,Home Win,6,3,Home Win
07/11/2021,N1,Groningen,Waalwijk,1,1,GG,No,0,1,Away Win,5,3,8,Home Win,1,1,Draw
07/11/2021,N1,For Sittard,PSV Eindhoven,1,4,GG,Yes,0,1,Away Win,1,5,6,Away Win,0,1,Away Win
07/11/2021,N1,Feyenoord,AZ Alkmaar,1,0,NG,No,0,0,Draw,5,4,9,Home Win,0,2,Away Win
07/11/2021,N1,Vitesse,Utrecht,2,1,GG,Yes,2,0,Home Win,9,2,11,Home Win,0,3,Away Win
07/11/2021,N1,Ajax,Go Ahead Eagles,0,0,NG,No,0,0,Draw,7,3,10,Home Win,2,1,Home Win
20/11/2021,N1,PSV Eindhoven,Vitesse,2,0,NG,No,2,0,Home Win,0,5,5,Away Win,0,2,Away Win
20/11/2021,N1,Sparta Rotterdam,Twente,0,1,NG,No,0,0,Draw,4,3,7,Home Win,1,1,Draw
20/11/2021,N1,AZ Alkmaar,Nijmegen,1,1,GG,No,0,1,Away Win,15,1,16,Home Win,1,0,Home Win
20/11/2021,N1,Heracles,For Sittard,3,1,GG,Yes,2,1,Home Win,5,4,9,Home Win,1,4,Away Win
21/11/2021,N1,Go Ahead Eagles,Groningen,0,1,NG,No,0,0,Draw,5,6,11,Away Win,6,1,Home Win
21/11/2021,N1,Feyenoord,Zwolle,4,0,NG,Yes,4,0,Home Win,6,2,8,Home Win,0,0,Draw
21/11/2021,N1,Heerenveen,Willem II,2,1,GG,Yes,0,0,Draw,3,8,11,Away Win,5,2,Home Win
21/11/2021,N1,Waalwijk,Ajax,0,5,NG,Yes,0,2,Away Win,5,9,14,Away Win,1,0,Home Win
21/11/2021,N1,Cambuur,Utrecht,2,1,GG,Yes,1,1,Draw,6,11,17,Away Win,0,2,Away Win
26/11/2021,N1,Nijmegen,Cambuur,2,3,GG,Yes,2,1,Home Win,10,3,13,Home Win,3,1,Home Win
27/11/2021,N1,For Sittard,Groningen,1,4,GG,Yes,1,2,Away Win,1,2,3,Away Win,0,1,Away Win
27/11/2021,N1,Zwolle,Waalwijk,0,0,NG,No,0,0,Draw,4,5,9,Away Win,1,2,Away Win
27/11/2021,N1,Willem II,Go Ahead Eagles,0,1,NG,No,0,0,Draw,9,4,13,Home Win,1,1,Draw
28/11/2021,N1,Sparta Rotterdam,Ajax,0,1,NG,No,0,1,Away Win,1,11,12,Away Win,2,2,Draw
28/11/2021,N1,Twente,Feyenoord,0,0,NG,No,0,0,Draw,2,13,15,Away Win,1,1,Draw
28/11/2021,N1,Utrecht,Heracles,1,0,NG,No,0,0,Draw,9,3,12,Home Win,1,1,Draw
28/11/2021,N1,Heerenveen,PSV Eindhoven,1,1,GG,No,0,1,Away Win,3,8,11,Away Win,1,1,Draw
28/11/2021,N1,Vitesse,AZ Alkmaar,0,0,NG,No,0,0,Draw,6,3,9,Home Win,1,1,Draw
01/12/2021,N1,Feyenoord,Heracles,2,1,GG,Yes,1,1,Draw,1,1,2,Draw,1,3,Away Win
02/12/2021,N1,AZ Alkmaar,For Sittard,2,1,GG,Yes,1,1,Draw,2,3,5,Away Win,1,1,Draw
02/12/2021,N1,Ajax,Willem II,5,0,NG,Yes,3,0,Home Win,8,1,9,Home Win,0,3,Away Win
03/12/2021,N1,Groningen,Zwolle,1,1,GG,No,0,1,Away Win,6,4,10,Home Win,1,3,Away Win
04/12/2021,N1,PSV Eindhoven,Utrecht,4,1,GG,Yes,2,1,Home Win,3,2,5,Home Win,0,1,Away Win
04/12/2021,N1,Cambuur,Vitesse,1,6,GG,Yes,1,3,Away Win,3,8,11,Away Win,0,0,Draw
04/12/2021,N1,Heracles,Heerenveen,0,1,NG,No,0,0,Draw,5,1,6,Home Win,3,1,Home Win
05/12/2021,N1,Waalwijk,Nijmegen,2,1,GG,Yes,1,1,Draw,3,5,8,Away Win,3,3,Draw
05/12/2021,N1,AZ Alkmaar,Sparta Rotterdam,3,1,GG,Yes,2,1,Home Win,8,0,8,Home Win,1,0,Home Win
05/12/2021,N1,Go Ahead Eagles,Twente,1,2,GG,Yes,1,0,Home Win,7,3,10,Home Win,0,1,Away Win
05/12/2021,N1,Feyenoord,For Sittard,5,0,NG,Yes,2,0,Home Win,9,2,11,Home Win,1,2,Away Win
10/12/2021,N1,Willem II,Cambuur,1,3,GG,Yes,0,0,Draw,4,7,11,Away Win,1,1,Draw
11/12/2021,N1,Utrecht,Go Ahead Eagles,0,0,NG,No,0,0,Draw,5,3,8,Home Win,1,1,Draw
11/12/2021,N1,Heerenveen,Sparta Rotterdam,0,0,NG,No,0,0,Draw,6,2,8,Home Win,2,0,Home Win
11/12/2021,N1,Zwolle,For Sittard,0,1,NG,No,0,0,Draw,9,5,14,Home Win,2,2,Draw
12/12/2021,N1,Twente,Waalwijk,2,1,GG,Yes,2,1,Home Win,5,3,8,Home Win,0,1,Away Win
12/12/2021,N1,Groningen,Feyenoord,1,1,GG,No,0,0,Draw,0,13,13,Away Win,4,1,Home Win
12/12/2021,N1,Vitesse,Heracles,2,1,GG,Yes,1,1,Draw,3,5,8,Away Win,2,2,Draw
12/12/2021,N1,Ajax,AZ Alkmaar,1,2,GG,Yes,0,0,Draw,10,1,11,Home Win,2,1,Home Win
12/12/2021,N1,Nijmegen,PSV Eindhoven,1,2,GG,Yes,1,0,Home Win,1,14,15,Away Win,2,1,Home Win
18/12/2021,N1,For Sittard,Utrecht,2,2,GG,Yes,1,1,Draw,1,7,8,Away Win,1,3,Away Win
18/12/2021,N1,Sparta Rotterdam,Vitesse,2,2,GG,Yes,0,2,Away Win,5,3,8,Home Win,0,0,Draw
18/12/2021,N1,AZ Alkmaar,Willem II,4,1,GG,Yes,1,1,Draw,5,2,7,Home Win,2,1,Home Win
18/12/2021,N1,Heracles,Groningen,4,2,GG,Yes,2,1,Home Win,9,0,9,Home Win,2,1,Home Win
18/12/2021,N1,Zwolle,Twente,1,3,GG,Yes,0,2,Away Win,8,3,11,Home Win,0,0,Draw
19/12/2021,N1,Cambuur,Heerenveen,1,2,GG,Yes,1,1,Draw,3,7,10,Away Win,1,1,Draw
19/12/2021,N1,Feyenoord,Ajax,0,2,NG,No,0,1,Away Win,4,4,8,Draw,4,3,Home Win
19/12/2021,N1,Go Ahead Eagles,Nijmegen,0,2,NG,No,0,2,Away Win,7,3,10,Home Win,1,1,Draw
19/12/2021,N1,Waalwijk,PSV Eindhoven,1,4,GG,Yes,0,1,Away Win,2,2,4,Draw,1,0,Home Win
21/12/2021,N1,Vitesse,Zwolle,1,0,NG,No,0,0,Draw,2,7,9,Away Win,3,3,Draw
21/12/2021,N1,AZ Alkmaar,Groningen,1,0,NG,No,0,0,Draw,4,3,7,Home Win,0,3,Away Win
22/12/2021,N1,Heerenveen,Feyenoord,0,3,NG,Yes,0,2,Away Win,3,9,12,Away Win,0,0,Draw
22/12/2021,N1,Willem II,Nijmegen,0,1,NG,No,0,1,Away Win,4,2,6,Home Win,0,0,Draw
22/12/2021,N1,Heracles,Cambuur,1,1,GG,No,0,0,Draw,5,4,9,Home Win,2,1,Home Win
22/12/2021,N1,Ajax,For Sittard,5,0,NG,Yes,2,0,Home Win,14,2,16,Home Win,0,1,Away Win
22/12/2021,N1,Utrecht,Twente,1,1,GG,No,0,1,Away Win,7,2,9,Home Win,3,2,Home Win
23/12/2021,N1,PSV Eindhoven,Go Ahead Eagles,2,0,NG,No,1,0,Home Win,9,1,10,Home Win,1,0,Home Win
23/12/2021,N1,Sparta Rotterdam,Waalwijk,1,1,GG,No,1,1,Draw,7,0,7,Home Win,2,2,Draw
14/01/2022,N1,Zwolle,Willem II,2,0,NG,No,1,0,Home Win,5,6,11,Away Win,2,1,Home Win
15/01/2022,N1,Nijmegen,Heracles,0,0,NG,No,0,0,Draw,3,10,13,Away Win,1,2,Away Win
15/01/2022,N1,Feyenoord,Vitesse,0,1,NG,No,0,0,Draw,5,4,9,Home Win,2,1,Home Win
15/01/2022,N1,Twente,Heerenveen,2,0,NG,No,0,0,Draw,4,6,10,Away Win,0,0,Draw
15/01/2022,N1,Go Ahead Eagles,Waalwijk,0,2,NG,No,0,2,Away Win,4,6,10,Away Win,2,2,Draw
16/01/2022,N1,Utrecht,Ajax,0,3,NG,Yes,0,3,Away Win,3,0,3,Home Win,2,1,Home Win
16/01/2022,N1,Cambuur,Sparta Rotterdam,1,1,GG,No,1,0,Home Win,2,4,6,Away Win,1,1,Draw
16/01/2022,N1,Groningen,PSV Eindhoven,0,1,NG,No,0,1,Away Win,2,5,7,Away Win,0,1,Away Win
16/01/2022,N1,For Sittard,AZ Alkmaar,1,2,GG,Yes,0,1,Away Win,8,6,14,Home Win,0,0,Draw
22/01/2022,N1,Vitesse,Groningen,1,3,GG,Yes,0,1,Away Win,3,2,5,Home Win,2,4,Away Win
22/01/2022,N1,AZ Alkmaar,Cambuur,0,0,NG,No,0,0,Draw,18,0,18,Home Win,0,2,Away Win
22/01/2022,N1,Heerenveen,Zwolle,0,1,NG,No,0,1,Away Win,3,6,9,Away Win,0,2,Away Win
22/01/2022,N1,Willem II,Twente,0,1,NG,No,0,1,Away Win,4,4,8,Draw,1,1,Draw
23/01/2022,N1,Nijmegen,Feyenoord,1,4,GG,Yes,1,1,Draw,2,9,11,Away Win,0,0,Draw
23/01/2022,N1,Heracles,Go Ahead Eagles,1,1,GG,No,1,0,Home Win,8,4,12,Home Win,2,1,Home Win
23/01/2022,N1,PSV Eindhoven,Ajax,1,2,GG,Yes,0,1,Away Win,6,5,11,Home Win,3,1,Home Win
23/01/2022,N1,Sparta Rotterdam,Utrecht,0,3,NG,Yes,0,1,Away Win,5,7,12,Away Win,1,2,Away Win
23/01/2022,N1,Waalwijk,For Sittard,2,1,GG,Yes,2,0,Home Win,4,5,9,Away Win,2,4,Away Win
05/02/2022,N1,Utrecht,Cambuur,3,2,GG,Yes,2,2,Draw,10,5,15,Home Win,2,2,Draw
05/02/2022,N1,For Sittard,Heerenveen,2,0,NG,No,1,0,Home Win,7,5,12,Home Win,2,1,Home Win
05/02/2022,N1,PSV Eindhoven,AZ Alkmaar,1,2,GG,Yes,1,1,Draw,8,5,13,Home Win,3,4,Away Win
05/02/2022,N1,Zwolle,Nijmegen,1,1,GG,No,1,1,Draw,5,4,9,Home Win,2,2,Draw
05/02/2022,N1,Twente,Vitesse,3,0,NG,Yes,2,0,Home Win,6,0,6,Home Win,0,1,Away Win
06/02/2022,N1,Feyenoord,Sparta Rotterdam,4,0,NG,Yes,2,0,Home Win,5,0,5,Home Win,1,1,Draw
06/02/2022,N1,Groningen,Go Ahead Eagles,2,1,GG,Yes,1,0,Home Win,2,5,7,Away Win,1,1,Draw
06/02/2022,N1,Willem II,Waalwijk,3,1,GG,Yes,3,0,Home Win,1,7,8,Away Win,0,2,Away Win
06/02/2022,N1,Ajax,Heracles,3,0,NG,Yes,1,0,Home Win,7,0,7,Home Win,2,2,Draw
11/02/2022,N1,Heracles,Utrecht,1,0,NG,No,0,0,Draw,7,4,11,Home Win,2,1,Home Win
12/02/2022,N1,Cambuur,Zwolle,3,4,GG,Yes,2,2,Draw,6,2,8,Home Win,0,0,Draw
12/02/2022,N1,Groningen,For Sittard,0,1,NG,No,0,0,Draw,7,5,12,Home Win,2,1,Home Win
12/02/2022,N1,Vitesse,PSV Eindhoven,0,5,NG,Yes,0,3,Away Win,6,3,9,Home Win,2,0,Home Win
13/02/2022,N1,Go Ahead Eagles,AZ Alkmaar,1,4,GG,Yes,1,3,Away Win,4,7,11,Away Win,0,1,Away Win
13/02/2022,N1,Sparta Rotterdam,Willem II,1,0,NG,No,0,0,Draw,2,1,3,Home Win,1,2,Away Win
13/02/2022,N1,Heerenveen,Nijmegen,0,1,NG,No,0,1,Away Win,6,3,9,Home Win,3,3,Draw
13/02/2022,N1,Waalwijk,Feyenoord,0,2,NG,No,0,1,Away Win,9,8,17,Home Win,0,0,Draw
13/02/2022,N1,Ajax,Twente,5,0,NG,Yes,1,0,Home Win,10,0,10,Home Win,1,1,Draw
19/02/2022,N1,Nijmegen,Waalwijk,1,1,GG,No,0,1,Away Win,8,3,11,Home Win,2,3,Away Win
19/02/2022,N1,Willem II,Ajax,0,1,NG,No,0,0,Draw,2,12,14,Away Win,1,0,Home Win
19/02/2022,N1,AZ Alkmaar,Heracles,2,1,GG,Yes,1,1,Draw,3,3,6,Draw,0,1,Away Win
20/02/2022,N1,Zwolle,Groningen,1,1,GG,No,0,1,Away Win,6,1,7,Home Win,3,5,Away Win
20/02/2022,N1,Feyenoord,Cambuur,3,1,GG,Yes,2,1,Home Win,4,1,5,Home Win,2,3,Away Win
20/02/2022,N1,Twente,Go Ahead Eagles,2,2,GG,Yes,0,1,Away Win,6,4,10,Home Win,3,3,Draw
20/02/2022,N1,PSV Eindhoven,Heerenveen,3,1,GG,Yes,1,1,Draw,9,4,13,Home Win,0,0,Draw
20/02/2022,N1,Utrecht,Vitesse,1,1,GG,No,1,0,Home Win,3,2,5,Home Win,3,2,Home Win
25/02/2022,N1,Waalwijk,Twente,1,2,GG,Yes,0,1,Away Win,6,6,12,Draw,2,2,Draw
26/02/2022,N1,Heracles,Zwolle,2,0,NG,No,1,0,Home Win,8,5,13,Home Win,0,0,Draw
26/02/2022,N1,Groningen,Willem II,1,0,NG,No,1,0,Home Win,5,5,10,Draw,1,0,Home Win
26/02/2022,N1,Cambuur,For Sittard,2,1,GG,Yes,1,1,Draw,6,5,11,Home Win,0,3,Away Win
27/02/2022,N1,AZ Alkmaar,Feyenoord,2,1,GG,Yes,2,0,Home Win,5,7,12,Away Win,5,3,Home Win
27/02/2022,N1,Vitesse,Nijmegen,4,1,GG,Yes,0,0,Draw,6,1,7,Home Win,2,0,Home Win
27/02/2022,N1,Sparta Rotterdam,PSV Eindhoven,1,2,GG,Yes,1,0,Home Win,4,11,15,Away Win,5,3,Home Win
27/02/2022,N1,Go Ahead Eagles,Ajax,2,1,GG,Yes,2,0,Home Win,2,8,10,Away Win,1,0,Home Win
27/02/2022,N1,Heerenveen,Utrecht,1,2,GG,Yes,0,0,Draw,6,6,12,Draw,0,2,Away Win
05/03/2022,N1,Willem II,Heerenveen,0,0,NG,No,0,0,Draw,11,2,13,Home Win,2,0,Home Win
05/03/2022,N1,Go Ahead Eagles,Utrecht,1,1,GG,No,1,0,Home Win,7,3,10,Home Win,1,1,Draw
05/03/2022,N1,Feyenoord,Groningen,1,1,GG,No,0,1,Away Win,8,1,9,Home Win,0,0,Draw
06/03/2022,N1,PSV Eindhoven,Heracles,3,1,GG,Yes,1,0,Home Win,8,2,10,Home Win,1,1,Draw
06/03/2022,N1,Twente,Cambuur,1,0,NG,No,0,0,Draw,9,5,14,Home Win,1,5,Away Win
06/03/2022,N1,Ajax,Waalwijk,3,2,GG,Yes,2,0,Home Win,9,3,12,Home Win,3,1,Home Win
06/03/2022,N1,Nijmegen,AZ Alkmaar,1,3,GG,Yes,1,1,Draw,4,6,10,Away Win,0,1,Away Win
06/03/2022,N1,For Sittard,Zwolle,0,1,NG,No,0,0,Draw,3,4,7,Away Win,1,2,Away Win
11/03/2022,N1,Cambuur,Ajax,2,3,GG,Yes,0,2,Away Win,5,5,10,Draw,2,1,Home Win
12/03/2022,N1,Sparta Rotterdam,Go Ahead Eagles,1,0,NG,No,0,0,Draw,1,4,5,Away Win,0,1,Away Win
12/03/2022,N1,Groningen,Nijmegen,4,3,GG,Yes,2,3,Away Win,8,10,18,Away Win,4,0,Home Win
12/03/2022,N1,Waalwijk,Heerenveen,0,0,NG,No,0,0,Draw,7,7,14,Draw,3,2,Home Win
13/03/2022,N1,For Sittard,Willem II,1,0,NG,No,0,0,Draw,1,9,10,Away Win,5,1,Home Win
13/03/2022,N1,Heracles,Vitesse,0,0,NG,No,0,0,Draw,8,5,13,Home Win,2,3,Away Win
13/03/2022,N1,Utrecht,PSV Eindhoven,0,1,NG,No,0,0,Draw,6,15,21,Away Win,2,3,Away Win
13/03/2022,N1,Zwolle,Feyenoord,1,2,GG,Yes,1,0,Home Win,3,6,9,Away Win,3,1,Home Win
13/03/2022,N1,AZ Alkmaar,Twente,0,1,NG,No,0,0,Draw,2,3,5,Away Win,2,2,Draw
18/03/2022,N1,Heerenveen,Heracles,2,0,NG,No,0,0,Draw,9,1,10,Home Win,0,1,Away Win
19/03/2022,N1,Go Ahead Eagles,Cambuur,3,0,NG,Yes,2,0,Home Win,2,4,6,Away Win,1,5,Away Win
19/03/2022,N1,Twente,Zwolle,1,0,NG,No,1,0,Home Win,4,5,9,Away Win,0,2,Away Win
19/03/2022,N1,Nijmegen,Sparta Rotterdam,0,0,NG,No,0,0,Draw,4,2,6,Home Win,1,1,Draw
20/03/2022,N1,Utrecht,Groningen,1,3,GG,Yes,0,2,Away Win,4,3,7,Home Win,1,3,Away Win
20/03/2022,N1,Ajax,Feyenoord,3,2,GG,Yes,1,2,Away Win,4,4,8,Draw,3,0,Home Win
20/03/2022,N1,PSV Eindhoven,For Sittard,5,0,NG,Yes,3,0,Home Win,11,3,14,Home Win,0,0,Draw
20/03/2022,N1,Vitesse,Waalwijk,1,2,GG,Yes,1,1,Draw,10,1,11,Home Win,1,1,Draw
20/03/2022,N1,Willem II,AZ Alkmaar,2,2,GG,Yes,2,1,Home Win,1,8,9,Away Win,0,3,Away Win
02/04/2022,N1,Groningen,Ajax,1,3,GG,Yes,1,2,Away Win,1,2,3,Away Win,0,0,Draw
02/04/2022,N1,Twente,PSV Eindhoven,3,3,GG,Yes,3,1,Home Win,1,4,5,Away Win,3,3,Draw
02/04/2022,N1,AZ Alkmaar,Vitesse,3,1,GG,Yes,1,0,Home Win,2,9,11,Away Win,1,2,Away Win
02/04/2022,N1,Waalwijk,Utrecht,1,1,GG,No,0,1,Away Win,2,3,5,Away Win,0,0,Draw
02/04/2022,N1,Feyenoord,Willem II,2,0,NG,No,0,0,Draw,9,2,11,Home Win,0,2,Away Win
03/04/2022,N1,Zwolle,Go Ahead Eagles,0,1,NG,No,0,0,Draw,4,4,8,Draw,0,0,Draw
03/04/2022,N1,For Sittard,Heracles,0,2,NG,No,0,0,Draw,6,1,7,Home Win,1,0,Home Win
03/04/2022,N1,Sparta Rotterdam,Heerenveen,1,1,GG,No,0,0,Draw,5,3,8,Home Win,0,0,Draw
03/04/2022,N1,Cambuur,Nijmegen,1,2,GG,Yes,1,1,Draw,6,3,9,Home Win,1,2,Away Win
08/04/2022,N1,Go Ahead Eagles,Willem II,4,0,NG,Yes,2,0,Home Win,4,9,13,Away Win,0,0,Draw
09/04/2022,N1,Utrecht,For Sittard,1,1,GG,No,1,0,Home Win,10,6,16,Home Win,0,2,Away Win
09/04/2022,N1,Ajax,Sparta Rotterdam,2,1,GG,Yes,0,1,Away Win,12,5,17,Home Win,0,3,Away Win
09/04/2022,N1,Nijmegen,Twente,0,2,NG,No,0,0,Draw,2,6,8,Away Win,1,0,Home Win
10/04/2022,N1,Heerenveen,Groningen,3,1,GG,Yes,1,1,Draw,9,6,15,Home Win,2,1,Home Win
10/04/2022,N1,PSV Eindhoven,Waalwijk,2,0,NG,No,1,0,Home Win,7,5,12,Home Win,3,3,Draw
10/04/2022,N1,Vitesse,Cambuur,1,0,NG,No,1,0,Home Win,8,3,11,Home Win,1,1,Draw
10/04/2022,N1,Heracles,Feyenoord,1,4,GG,Yes,1,3,Away Win,9,7,16,Home Win,1,0,Home Win
10/04/2022,N1,Zwolle,AZ Alkmaar,2,1,GG,Yes,0,0,Draw,4,3,7,Home Win,0,1,Away Win
16/04/2022,N1,For Sittard,Sparta Rotterdam,3,0,NG,Yes,2,0,Home Win,14,4,18,Home Win,1,3,Away Win
19/04/2022,N1,Vitesse,Sparta Rotterdam,0,1,NG,No,0,1,Away Win,4,0,4,Home Win,2,2,Draw
22/04/2022,N1,Twente,Sparta Rotterdam,2,0,NG,No,1,0,Home Win,10,3,13,Home Win,0,3,Away Win
23/04/2022,N1,Nijmegen,Ajax,0,1,NG,No,0,0,Draw,4,8,12,Away Win,2,1,Home Win
23/04/2022,N1,AZ Alkmaar,Heerenveen,2,1,GG,Yes,1,1,Draw,3,2,5,Home Win,1,2,Away Win
23/04/2022,N1,Waalwijk,Zwolle,0,2,NG,No,0,1,Away Win,4,2,6,Home Win,2,1,Home Win
23/04/2022,N1,Cambuur,PSV Eindhoven,1,2,GG,Yes,1,1,Draw,1,18,19,Away Win,4,0,Home Win
24/04/2022,N1,Willem II,Vitesse,1,0,NG,No,1,0,Home Win,4,2,6,Home Win,0,4,Away Win
24/04/2022,N1,Feyenoord,Utrecht,2,1,GG,Yes,0,0,Draw,11,4,15,Home Win,1,2,Away Win
24/04/2022,N1,Groningen,Heracles,0,1,NG,No,0,1,Away Win,1,2,3,Away Win,0,1,Away Win
24/04/2022,N1,For Sittard,Go Ahead Eagles,1,0,NG,No,1,0,Home Win,4,2,6,Home Win,0,0,Draw
29/04/2022,N1,Utrecht,Nijmegen,1,0,NG,No,0,0,Draw,10,2,12,Home Win,0,3,Away Win
30/04/2022,N1,Ajax,Zwolle,3,0,NG,Yes,1,0,Home Win,1,1,2,Draw,0,0,Draw
30/04/2022,N1,Heracles,Twente,1,1,GG,No,1,1,Draw,2,2,4,Draw,2,3,Away Win
30/04/2022,N1,Sparta Rotterdam,AZ Alkmaar,1,1,GG,No,0,0,Draw,2,8,10,Away Win,0,0,Draw
01/05/2022,N1,Heerenveen,Cambuur,3,3,GG,Yes,2,1,Home Win,5,4,9,Home Win,2,1,Home Win
01/05/2022,N1,Go Ahead Eagles,Vitesse,1,2,GG,Yes,1,1,Draw,5,3,8,Home Win,0,3,Away Win
01/05/2022,N1,PSV Eindhoven,Willem II,4,2,GG,Yes,3,1,Home Win,7,4,11,Home Win,0,1,Away Win
01/05/2022,N1,For Sittard,Feyenoord,1,3,GG,Yes,0,2,Away Win,4,5,9,Away Win,0,0,Draw
01/05/2022,N1,Waalwijk,Groningen,3,1,GG,Yes,3,0,Home Win,2,4,6,Away Win,0,1,Away Win
06/05/2022,N1,Cambuur,Waalwijk,1,1,GG,No,0,0,Draw,3,5,8,Away Win,1,1,Draw
07/05/2022,N1,Twente,For Sittard,1,2,GG,Yes,1,2,Away Win,5,0,5,Home Win,3,6,Away Win
07/05/2022,N1,Willem II,Heracles,2,0,NG,No,2,0,Home Win,9,0,9,Home Win,0,0,Draw
07/05/2022,N1,Zwolle,Utrecht,1,1,GG,No,0,1,Away Win,7,9,16,Away Win,0,0,Draw
07/05/2022,N1,Groningen,Sparta Rotterdam,1,2,GG,Yes,0,1,Away Win,8,2,10,Home Win,1,2,Away Win
08/05/2022,N1,Nijmegen,Go Ahead Eagles,1,0,NG,No,0,0,Draw,5,2,7,Home Win,2,2,Draw
08/05/2022,N1,AZ Alkmaar,Ajax,2,2,GG,Yes,0,1,Away Win,0,10,10,Away Win,3,1,Home Win
08/05/2022,N1,Vitesse,Heerenveen,1,2,GG,Yes,1,0,Home Win,4,8,12,Away Win,1,1,Draw
08/05/2022,N1,Feyenoord,PSV Eindhoven,2,2,GG,Yes,0,2,Away Win,6,5,11,Home Win,3,2,Home Win
11/05/2022,N1,Ajax,Heerenveen,5,0,NG,Yes,3,0,Home Win,6,5,11,Home Win,0,0,Draw
11/05/2022,N1,Cambuur,Willem II,1,1,GG,No,1,0,Home Win,1,10,11,Away Win,1,3,Away Win
11/05/2022,N1,For Sittard,Vitesse,1,2,GG,Yes,1,1,Draw,4,4,8,Draw,1,1,Draw
11/05/2022,N1,Go Ahead Eagles,Feyenoord,0,1,NG,No,0,0,Draw,0,2,2,Away Win,0,0,Draw
11/05/2022,N1,PSV Eindhoven,Nijmegen,3,2,GG,Yes,2,0,Home Win,3,2,5,Home Win,0,0,Draw
11/05/2022,N1,Sparta Rotterdam,Zwolle,2,0,NG,No,2,0,Home Win,4,13,17,Away Win,2,1,Home Win
11/05/2022,N1,Twente,Groningen,3,0,NG,Yes,1,0,Home Win,5,3,8,Home Win,0,1,Away Win
11/05/2022,N1,Utrecht,AZ Alkmaar,2,2,GG,Yes,1,2,Away Win,7,6,13,Home Win,1,1,Draw
11/05/2022,N1,Waalwijk,Heracles,2,0,NG,No,1,0,Home Win,9,4,13,Home Win,2,0,Home Win
15/05/2022,N1,AZ Alkmaar,Waalwijk,1,3,GG,Yes,1,1,Draw,8,2,10,Home Win,0,0,Draw
15/05/2022,N1,Feyenoord,Twente,1,2,GG,Yes,0,2,Away Win,7,0,7,Home Win,3,2,Home Win
15/05/2022,N1,Groningen,Cambuur,2,3,GG,Yes,0,1,Away Win,11,4,15,Home Win,2,3,Away Win
15/05/2022,N1,Heerenveen,Go Ahead Eagles,3,1,GG,Yes,1,0,Home Win,5,2,7,Home Win,1,2,Away Win
15/05/2022,N1,Heracles,Sparta Rotterdam,1,3,GG,Yes,0,1,Away Win,4,2,6,Home Win,0,0,Draw
15/05/2022,N1,Nijmegen,For Sittard,0,1,NG,No,0,1,Away Win,11,0,11,Home Win,1,4,Away Win
15/05/2022,N1,Vitesse,Ajax,2,2,GG,Yes,0,1,Away Win,5,6,11,Away Win,0,4,Away Win
15/05/2022,N1,Willem II,Utrecht,3,0,NG,Yes,1,0,Home Win,2,5,7,Away Win,1,1,Draw
15/05/2022,N1,Zwolle,PSV Eindhoven,1,2,GG,Yes,1,1,Draw,9,4,13,Home Win,1,0,Home Win
05/08/2022,N1,Heerenveen,Sparta Rotterdam,0,0,NG,No,0,0,Draw,3,6,9,Away Win,1,1,Draw
06/08/2022,N1,For Sittard,Ajax,2,3,GG,Yes,1,0,Home Win,3,10,13,Away Win,3,0,Home Win
06/08/2022,N1,Cambuur,Excelsior,0,2,NG,No,0,2,Away Win,10,2,12,Home Win,1,2,Away Win
06/08/2022,N1,PSV Eindhoven,FC Emmen,4,1,GG,Yes,3,0,Home Win,3,6,9,Away Win,0,1,Away Win
06/08/2022,N1,Waalwijk,Utrecht,2,2,GG,Yes,2,0,Home Win,3,7,10,Away Win,1,0,Home Win
07/08/2022,N1,Groningen,Volendam,2,2,GG,Yes,2,1,Home Win,7,4,11,Home Win,0,1,Away Win
07/08/2022,N1,Nijmegen,Twente,0,1,NG,No,0,0,Draw,6,9,15,Away Win,1,1,Draw
07/08/2022,N1,Vitesse,Feyenoord,2,5,GG,Yes,1,2,Away Win,5,6,11,Away Win,2,1,Home Win
07/08/2022,N1,AZ Alkmaar,Go Ahead Eagles,2,0,NG,No,0,0,Draw,7,3,10,Home Win,1,1,Draw
12/08/2022,N1,Excelsior,Vitesse,3,1,GG,Yes,2,1,Home Win,1,8,9,Away Win,0,0,Draw
13/08/2022,N1,Go Ahead Eagles,PSV Eindhoven,2,5,GG,Yes,1,3,Away Win,6,6,12,Draw,1,0,Home Win
13/08/2022,N1,FC Emmen,Waalwijk,1,1,GG,No,0,0,Draw,3,4,7,Away Win,3,1,Home Win
13/08/2022,N1,Utrecht,Cambuur,0,0,NG,No,0,0,Draw,7,4,11,Home Win,3,1,Home Win
13/08/2022,N1,Feyenoord,Heerenveen,0,0,NG,No,0,0,Draw,7,2,9,Home Win,1,2,Away Win
14/08/2022,N1,Volendam,Nijmegen,1,4,GG,Yes,1,2,Away Win,6,6,12,Draw,2,0,Home Win
14/08/2022,N1,Ajax,Groningen,6,1,GG,Yes,3,1,Home Win,7,3,10,Home Win,1,0,Home Win
14/08/2022,N1,Twente,For Sittard,3,0,NG,Yes,2,0,Home Win,10,1,11,Home Win,1,3,Away Win
14/08/2022,N1,Sparta Rotterdam,AZ Alkmaar,2,3,GG,Yes,1,1,Draw,2,6,8,Away Win,2,2,Draw
20/08/2022,N1,Vitesse,Heerenveen,0,4,NG,Yes,0,2,Away Win,3,4,7,Away Win,3,2,Home Win
20/08/2022,N1,For Sittard,Cambuur,1,4,GG,Yes,1,0,Home Win,6,5,11,Home Win,3,1,Home Win
20/08/2022,N1,FC Emmen,Utrecht,3,2,GG,Yes,1,2,Away Win,6,6,12,Draw,0,0,Draw
21/08/2022,N1,Groningen,Go Ahead Eagles,1,0,NG,No,1,0,Home Win,5,4,9,Home Win,2,2,Draw
21/08/2022,N1,Sparta Rotterdam,Ajax,0,1,NG,No,0,1,Away Win,2,7,9,Away Win,1,1,Draw
21/08/2022,N1,Waalwijk,Feyenoord,0,1,NG,No,0,0,Draw,6,8,14,Away Win,2,0,Home Win
26/08/2022,N1,Nijmegen,Groningen,1,1,GG,No,0,0,Draw,7,6,13,Home Win,2,2,Draw
27/08/2022,N1,Go Ahead Eagles,Sparta Rotterdam,0,1,NG,No,0,1,Away Win,6,7,13,Away Win,1,1,Draw
27/08/2022,N1,Vitesse,Waalwijk,2,2,GG,Yes,0,1,Away Win,10,4,14,Home Win,0,1,Away Win
27/08/2022,N1,Feyenoord,FC Emmen,4,0,NG,Yes,0,0,Draw,11,2,13,Home Win,0,0,Draw
27/08/2022,N1,Heerenveen,For Sittard,2,1,GG,Yes,2,0,Home Win,8,6,14,Home Win,1,1,Draw
28/08/2022,N1,Utrecht,Ajax,0,2,NG,No,0,2,Away Win,3,4,7,Away Win,2,3,Away Win
28/08/2022,N1,Excelsior,PSV Eindhoven,1,6,GG,Yes,0,3,Away Win,3,9,12,Away Win,0,1,Away Win
28/08/2022,N1,Volendam,Twente,1,0,NG,No,0,0,Draw,4,10,14,Away Win,2,0,Home Win
28/08/2022,N1,Cambuur,AZ Alkmaar,0,1,NG,No,0,0,Draw,5,5,10,Draw,1,1,Draw
31/08/2022,N1,PSV Eindhoven,Volendam,7,1,GG,Yes,3,1,Home Win,10,3,13,Home Win,0,3,Away Win
31/08/2022,N1,Twente,Excelsior,4,0,NG,Yes,2,0,Home Win,1,4,5,Away Win,0,0,Draw
01/09/2022,N1,AZ Alkmaar,Nijmegen,1,1,GG,No,0,0,Draw,8,3,11,Home Win,1,1,Draw
02/09/2022,N1,For Sittard,Utrecht,3,4,GG,Yes,0,0,Draw,6,8,14,Away Win,1,2,Away Win
03/09/2022,N1,Ajax,Cambuur,4,0,NG,Yes,2,0,Home Win,9,1,10,Home Win,1,2,Away Win
03/09/2022,N1,Twente,PSV Eindhoven,2,1,GG,Yes,2,0,Home Win,4,6,10,Away Win,1,2,Away Win
03/09/2022,N1,Sparta Rotterdam,Volendam,4,0,NG,Yes,1,0,Home Win,5,11,16,Away Win,0,0,Draw
03/09/2022,N1,Go Ahead Eagles,Feyenoord,3,4,GG,Yes,2,2,Draw,6,12,18,Away Win,0,0,Draw
04/09/2022,N1,Waalwijk,Excelsior,5,2,GG,Yes,1,2,Away Win,8,3,11,Home Win,1,1,Draw
04/09/2022,N1,FC Emmen,AZ Alkmaar,0,3,NG,Yes,0,3,Away Win,7,1,8,Home Win,0,2,Away Win
04/09/2022,N1,Heerenveen,Nijmegen,0,0,NG,No,0,0,Draw,1,5,6,Away Win,1,1,Draw
04/09/2022,N1,Groningen,Vitesse,0,1,NG,No,0,0,Draw,3,8,11,Away Win,1,2,Away Win
09/09/2022,N1,Volendam,Go Ahead Eagles,2,3,GG,Yes,1,1,Draw,8,10,18,Away Win,3,2,Home Win
10/09/2022,N1,Nijmegen,For Sittard,1,1,GG,No,0,0,Draw,13,4,17,Home Win,0,6,Away Win
10/09/2022,N1,Ajax,Heerenveen,5,0,NG,Yes,2,0,Home Win,17,3,20,Home Win,1,2,Away Win
10/09/2022,N1,Excelsior,FC Emmen,2,1,GG,Yes,0,1,Away Win,6,8,14,Away Win,1,2,Away Win
11/09/2022,N1,Utrecht,Vitesse,1,0,NG,No,0,0,Draw,10,10,20,Draw,0,1,Away Win
11/09/2022,N1,Cambuur,Groningen,0,1,NG,No,0,0,Draw,6,4,10,Home Win,2,3,Away Win
11/09/2022,N1,PSV Eindhoven,Waalwijk,1,0,NG,No,0,0,Draw,12,3,15,Home Win,1,5,Away Win
11/09/2022,N1,AZ Alkmaar,Twente,1,1,GG,No,0,0,Draw,6,5,11,Home Win,1,2,Away Win
11/09/2022,N1,Feyenoord,Sparta Rotterdam,3,0,NG,Yes,2,0,Home Win,8,3,11,Home Win,0,0,Draw
16/09/2022,N1,Utrecht,Nijmegen,0,0,NG,No,0,0,Draw,6,5,11,Home Win,3,1,Home Win
17/09/2022,N1,Sparta Rotterdam,Groningen,2,1,GG,Yes,0,0,Draw,5,1,6,Home Win,0,3,Away Win
17/09/2022,N1,Vitesse,Volendam,1,1,GG,No,0,1,Away Win,11,3,14,Home Win,2,1,Home Win
17/09/2022,N1,Waalwijk,Cambuur,5,1,GG,Yes,1,1,Draw,16,0,16,Home Win,2,2,Draw
17/09/2022,N1,For Sittard,Excelsior,1,0,NG,No,0,0,Draw,1,5,6,Away Win,4,3,Home Win
18/09/2022,N1,Go Ahead Eagles,FC Emmen,2,0,NG,No,1,0,Home Win,3,5,8,Away Win,2,2,Draw
18/09/2022,N1,Heerenveen,Twente,2,1,GG,Yes,2,1,Home Win,9,11,20,Away Win,3,2,Home Win
18/09/2022,N1,PSV Eindhoven,Feyenoord,4,3,GG,Yes,2,2,Draw,13,1,14,Home Win,2,1,Home Win
18/09/2022,N1,AZ Alkmaar,Ajax,2,1,GG,Yes,2,1,Home Win,3,5,8,Away Win,3,2,Home Win
01/10/2022,N1,Cambuur,PSV Eindhoven,3,0,NG,Yes,0,0,Draw,7,4,11,Home Win,0,1,Away Win
01/10/2022,N1,Groningen,AZ Alkmaar,1,4,GG,Yes,1,2,Away Win,1,1,2,Draw,1,1,Draw
01/10/2022,N1,Ajax,Go Ahead Eagles,1,1,GG,No,1,0,Home Win,7,0,7,Home Win,1,1,Draw
01/10/2022,N1,Twente,Vitesse,3,0,NG,Yes,1,0,Home Win,5,2,7,Home Win,1,1,Draw
02/10/2022,N1,For Sittard,Volendam,2,0,NG,No,2,0,Home Win,8,4,12,Home Win,1,0,Home Win
02/10/2022,N1,Excelsior,Utrecht,0,1,NG,No,0,1,Away Win,8,10,18,Away Win,2,1,Home Win
02/10/2022,N1,Nijmegen,Feyenoord,1,1,GG,No,1,1,Draw,4,10,14,Away Win,1,6,Away Win
02/10/2022,N1,Waalwijk,Sparta Rotterdam,2,2,GG,Yes,1,1,Draw,6,5,11,Home Win,2,0,Home Win
02/10/2022,N1,FC Emmen,Heerenveen,0,0,NG,No,0,0,Draw,2,4,6,Away Win,1,0,Home Win
07/10/2022,N1,Groningen,Waalwijk,2,3,GG,Yes,1,1,Draw,8,9,17,Away Win,1,2,Away Win
08/10/2022,N1,Volendam,Ajax,2,4,GG,Yes,0,2,Away Win,3,6,9,Away Win,2,3,Away Win
08/10/2022,N1,Sparta Rotterdam,FC Emmen,3,1,GG,Yes,1,0,Home Win,4,2,6,Home Win,4,3,Home Win
08/10/2022,N1,Nijmegen,Excelsior,1,1,GG,No,0,0,Draw,8,4,12,Home Win,2,3,Away Win
09/10/2022,N1,Go Ahead Eagles,Cambuur,0,0,NG,No,0,0,Draw,12,5,17,Home Win,2,0,Home Win
09/10/2022,N1,Feyenoord,Twente,2,0,NG,No,1,0,Home Win,10,3,13,Home Win,2,1,Home Win
09/10/2022,N1,Utrecht,AZ Alkmaar,1,2,GG,Yes,0,1,Away Win,6,7,13,Away Win,3,0,Home Win
09/10/2022,N1,Heerenveen,PSV Eindhoven,0,1,NG,No,0,0,Draw,2,7,9,Away Win,2,0,Home Win
09/10/2022,N1,Vitesse,For Sittard,1,2,GG,Yes,1,1,Draw,8,3,11,Home Win,4,1,Home Win
14/10/2022,N1,FC Emmen,Volendam,1,1,GG,No,0,0,Draw,7,5,12,Home Win,0,1,Away Win
15/10/2022,N1,For Sittard,Waalwijk,0,0,NG,No,0,0,Draw,8,5,13,Home Win,3,2,Home Win
15/10/2022,N1,Go Ahead Eagles,Heerenveen,1,1,GG,No,0,0,Draw,2,3,5,Away Win,2,1,Home Win
15/10/2022,N1,Cambuur,Vitesse,0,3,NG,Yes,0,1,Away Win,4,7,11,Away Win,0,1,Away Win
16/10/2022,N1,Sparta Rotterdam,Nijmegen,2,0,NG,No,2,0,Home Win,4,3,7,Home Win,2,3,Away Win
16/10/2022,N1,PSV Eindhoven,Utrecht,6,1,GG,Yes,3,1,Home Win,5,3,8,Home Win,0,3,Away Win
16/10/2022,N1,Twente,Groningen,3,0,NG,Yes,0,0,Draw,9,2,11,Home Win,1,2,Away Win
16/10/2022,N1,AZ Alkmaar,Feyenoord,1,3,GG,Yes,1,1,Draw,1,2,3,Away Win,2,1,Home Win
16/10/2022,N1,Ajax,Excelsior,7,1,GG,Yes,3,0,Home Win,13,2,15,Home Win,0,0,Draw
22/10/2022,N1,Feyenoord,For Sittard,1,1,GG,No,0,1,Away Win,12,2,14,Home Win,0,1,Away Win
22/10/2022,N1,Waalwijk,Ajax,1,4,GG,Yes,1,1,Draw,5,7,12,Away Win,3,2,Home Win
22/10/2022,N1,Vitesse,FC Emmen,2,1,GG,Yes,2,0,Home Win,4,3,7,Home Win,1,2,Away Win
23/10/2022,N1,Excelsior,AZ Alkmaar,2,1,GG,Yes,2,0,Home Win,3,9,12,Away Win,2,1,Home Win
23/10/2022,N1,Cambuur,Twente,0,1,NG,No,0,0,Draw,7,5,12,Home Win,3,2,Home Win
23/10/2022,N1,Groningen,PSV Eindhoven,4,2,GG,Yes,3,1,Home Win,2,13,15,Away Win,0,0,Draw
23/10/2022,N1,Nijmegen,Go Ahead Eagles,3,3,GG,Yes,1,2,Away Win,3,3,6,Draw,3,1,Home Win
23/10/2022,N1,Utrecht,Sparta Rotterdam,3,1,GG,Yes,1,0,Home Win,8,5,13,Home Win,0,2,Away Win
23/10/2022,N1,Volendam,Heerenveen,1,3,GG,Yes,1,1,Draw,8,5,13,Home Win,2,3,Away Win
29/10/2022,N1,Heerenveen,Utrecht,1,2,GG,Yes,1,1,Draw,4,2,6,Home Win,2,4,Away Win
29/10/2022,N1,Sparta Rotterdam,For Sittard,3,1,GG,Yes,1,1,Draw,6,6,12,Draw,1,2,Away Win
29/10/2022,N1,Go Ahead Eagles,Excelsior,3,1,GG,Yes,2,0,Home Win,6,3,9,Home Win,0,4,Away Win
30/10/2022,N1,FC Emmen,Groningen,0,0,NG,No,0,0,Draw,9,5,14,Home Win,1,1,Draw
30/10/2022,N1,PSV Eindhoven,Nijmegen,3,0,NG,Yes,1,0,Home Win,5,4,9,Home Win,0,2,Away Win
30/10/2022,N1,Twente,Waalwijk,3,0,NG,Yes,2,0,Home Win,6,4,10,Home Win,1,2,Away Win
30/10/2022,N1,AZ Alkmaar,Volendam,2,1,GG,Yes,2,0,Home Win,5,9,14,Away Win,2,2,Draw
04/11/2022,N1,Cambuur,Nijmegen,0,1,NG,No,0,1,Away Win,5,6,11,Away Win,1,0,Home Win
05/11/2022,N1,Vitesse,Sparta Rotterdam,0,4,NG,Yes,0,0,Draw,6,2,8,Home Win,1,0,Home Win
05/11/2022,N1,For Sittard,FC Emmen,0,1,NG,No,0,0,Draw,8,3,11,Home Win,2,1,Home Win
05/11/2022,N1,Excelsior,Heerenveen,0,1,NG,No,0,0,Draw,7,2,9,Home Win,0,1,Away Win
06/11/2022,N1,Utrecht,Groningen,2,1,GG,Yes,0,1,Away Win,6,5,11,Home Win,3,1,Home Win
06/11/2022,N1,Twente,Go Ahead Eagles,1,1,GG,No,1,0,Home Win,6,5,11,Home Win,4,2,Home Win
06/11/2022,N1,Volendam,Feyenoord,0,2,NG,No,0,2,Away Win,6,8,14,Away Win,2,2,Draw
06/11/2022,N1,Ajax,PSV Eindhoven,1,2,GG,Yes,0,1,Away Win,9,1,10,Home Win,2,3,Away Win
06/11/2022,N1,Waalwijk,AZ Alkmaar,3,1,GG,Yes,1,1,Draw,8,5,13,Home Win,1,3,Away Win
09/11/2022,N1,Ajax,Vitesse,2,2,GG,Yes,1,1,Draw,8,7,15,Home Win,1,1,Draw
10/11/2022,N1,Feyenoord,Cambuur,1,0,NG,No,1,0,Home Win,8,4,12,Home Win,3,1,Home Win
11/11/2022,N1,Sparta Rotterdam,Twente,1,1,GG,No,0,0,Draw,3,7,10,Away Win,2,0,Home Win
12/11/2022,N1,Volendam,Utrecht,0,4,NG,Yes,0,1,Away Win,4,5,9,Away Win,1,1,Draw
12/11/2022,N1,FC Emmen,Ajax,3,3,GG,Yes,1,3,Away Win,5,1,6,Home Win,2,1,Home Win
12/11/2022,N1,PSV Eindhoven,AZ Alkmaar,0,1,NG,No,0,1,Away Win,4,2,6,Home Win,0,2,Away Win
13/11/2022,N1,Nijmegen,Waalwijk,6,1,GG,Yes,1,1,Draw,7,3,10,Home Win,1,2,Away Win
13/11/2022,N1,Groningen,For Sittard,2,3,GG,Yes,1,0,Home Win,4,5,9,Away Win,2,3,Away Win
13/11/2022,N1,Heerenveen,Cambuur,2,1,GG,Yes,1,1,Draw,7,2,9,Home Win,3,2,Home Win
13/11/2022,N1,Feyenoord,Excelsior,5,1,GG,Yes,2,1,Home Win,5,2,7,Home Win,2,3,Away Win
13/11/2022,N1,Go Ahead Eagles,Vitesse,2,2,GG,Yes,2,0,Home Win,3,11,14,Away Win,1,6,Away Win
06/01/2023,N1,Twente,FC Emmen,2,0,NG,No,1,0,Home Win,11,3,14,Home Win,1,2,Away Win
07/01/2023,N1,Waalwijk,Heerenveen,0,0,NG,No,0,0,Draw,3,7,10,Away Win,1,1,Draw
07/01/2023,N1,AZ Alkmaar,Vitesse,1,1,GG,No,0,0,Draw,7,4,11,Home Win,2,1,Home Win
07/01/2023,N1,For Sittard,Go Ahead Eagles,0,2,NG,No,0,2,Away Win,4,10,14,Away Win,4,2,Home Win
07/01/2023,N1,PSV Eindhoven,Sparta Rotterdam,0,0,NG,No,0,0,Draw,5,4,9,Home Win,1,3,Away Win
08/01/2023,N1,Utrecht,Feyenoord,1,1,GG,No,1,0,Home Win,5,2,7,Home Win,2,1,Home Win
08/01/2023,N1,Cambuur,Volendam,0,3,NG,Yes,0,2,Away Win,7,4,11,Home Win,3,1,Home Win
08/01/2023,N1,Nijmegen,Ajax,1,1,GG,No,0,1,Away Win,1,9,10,Away Win,1,3,Away Win
08/01/2023,N1,Excelsior,Groningen,1,0,NG,No,0,0,Draw,4,6,10,Away Win,2,3,Away Win
14/01/2023,N1,Heerenveen,AZ Alkmaar,0,2,NG,No,0,1,Away Win,3,1,4,Home Win,0,3,Away Win
14/01/2023,N1,Volendam,Waalwijk,2,1,GG,Yes,0,0,Draw,9,4,13,Home Win,1,0,Home Win
14/01/2023,N1,Ajax,Twente,0,0,NG,No,0,0,Draw,3,5,8,Away Win,1,4,Away Win
14/01/2023,N1,Sparta Rotterdam,Excelsior,1,0,NG,No,0,0,Draw,6,3,9,Home Win,1,1,Draw
15/01/2023,N1,Vitesse,Nijmegen,0,0,NG,No,0,0,Draw,11,4,15,Home Win,1,4,Away Win
15/01/2023,N1,For Sittard,PSV Eindhoven,2,2,GG,Yes,1,0,Home Win,1,10,11,Away Win,0,2,Away Win
15/01/2023,N1,Go Ahead Eagles,Utrecht,2,2,GG,Yes,1,2,Away Win,5,7,12,Away Win,3,0,Home Win
15/01/2023,N1,FC Emmen,Cambuur,0,0,NG,No,0,0,Draw,6,7,13,Away Win,0,1,Away Win
15/01/2023,N1,Groningen,Feyenoord,0,3,NG,Yes,0,2,Away Win,2,13,15,Away Win,1,0,Home Win
20/01/2023,N1,Excelsior,Volendam,2,0,NG,No,1,0,Home Win,7,4,11,Home Win,1,1,Draw
21/01/2023,N1,Nijmegen,FC Emmen,3,1,GG,Yes,2,1,Home Win,9,5,14,Home Win,0,1,Away Win
21/01/2023,N1,Cambuur,Sparta Rotterdam,0,3,NG,Yes,0,2,Away Win,6,2,8,Home Win,1,0,Home Win
21/01/2023,N1,PSV Eindhoven,Vitesse,1,0,NG,No,0,0,Draw,3,4,7,Away Win,0,1,Away Win
22/01/2023,N1,Heerenveen,Groningen,3,1,GG,Yes,1,1,Draw,7,5,12,Home Win,0,3,Away Win
22/01/2023,N1,Feyenoord,Ajax,1,1,GG,No,1,0,Home Win,7,6,13,Home Win,4,4,Draw
22/01/2023,N1,Twente,Utrecht,2,0,NG,No,1,0,Home Win,4,4,8,Draw,1,1,Draw
22/01/2023,N1,AZ Alkmaar,For Sittard,3,1,GG,Yes,2,1,Home Win,6,2,8,Home Win,1,0,Home Win
24/01/2023,N1,FC Emmen,PSV Eindhoven,1,0,NG,No,1,0,Home Win,5,6,11,Away Win,3,4,Away Win
24/01/2023,N1,Sparta Rotterdam,Waalwijk,0,0,NG,No,0,0,Draw,2,3,5,Away Win,0,0,Draw
25/01/2023,N1,Go Ahead Eagles,AZ Alkmaar,1,4,GG,Yes,0,1,Away Win,6,7,13,Away Win,1,1,Draw
25/01/2023,N1,Vitesse,Twente,2,2,GG,Yes,1,1,Draw,6,8,14,Away Win,2,0,Home Win
25/01/2023,N1,For Sittard,Heerenveen,2,0,NG,No,0,0,Draw,7,8,15,Away Win,1,1,Draw
25/01/2023,N1,Feyenoord,Nijmegen,2,0,NG,No,2,0,Home Win,12,4,16,Home Win,1,2,Away Win
25/01/2023,N1,Utrecht,Excelsior,1,0,NG,No,1,0,Home Win,7,3,10,Home Win,1,2,Away Win
26/01/2023,N1,Groningen,Cambuur,0,1,NG,No,0,0,Draw,9,1,10,Home Win,3,0,Home Win
26/01/2023,N1,Ajax,Volendam,1,1,GG,No,0,0,Draw,13,0,13,Home Win,0,1,Away Win
28/01/2023,N1,PSV Eindhoven,Go Ahead Eagles,2,0,NG,No,1,0,Home Win,9,2,11,Home Win,2,2,Draw
28/01/2023,N1,Waalwijk,FC Emmen,2,0,NG,No,2,0,Home Win,3,6,9,Away Win,5,1,Home Win
28/01/2023,N1,Heerenveen,Vitesse,1,3,GG,Yes,1,2,Away Win,6,6,12,Draw,1,0,Home Win
28/01/2023,N1,Nijmegen,Sparta Rotterdam,1,1,GG,No,0,0,Draw,11,3,14,Home Win,1,2,Away Win
28/01/2023,N1,AZ Alkmaar,Utrecht,5,5,GG,Yes,3,3,Draw,3,7,10,Away Win,0,1,Away Win
29/01/2023,N1,Twente,Feyenoord,1,1,GG,No,0,1,Away Win,2,6,8,Away Win,2,2,Draw
29/01/2023,N1,Excelsior,Ajax,1,4,GG,Yes,1,2,Away Win,6,7,13,Away Win,1,1,Draw
29/01/2023,N1,Volendam,Groningen,3,2,GG,Yes,1,0,Home Win,5,3,8,Home Win,0,1,Away Win
29/01/2023,N1,Cambuur,For Sittard,1,2,GG,Yes,1,0,Home Win,6,4,10,Home Win,2,4,Away Win
01/02/2023,N1,Waalwijk,Go Ahead Eagles,3,1,GG,Yes,1,1,Draw,1,4,5,Away Win,2,2,Draw
03/02/2023,N1,For Sittard,Sparta Rotterdam,0,0,NG,No,0,0,Draw,3,3,6,Draw,0,0,Draw
04/02/2023,N1,Volendam,AZ Alkmaar,1,1,GG,No,0,0,Draw,2,6,8,Away Win,1,3,Away Win
04/02/2023,N1,FC Emmen,Vitesse,2,2,GG,Yes,1,2,Away Win,6,4,10,Home Win,1,4,Away Win
04/02/2023,N1,Utrecht,Heerenveen,1,0,NG,No,0,0,Draw,4,3,7,Home Win,1,2,Away Win
04/02/2023,N1,Excelsior,Waalwijk,0,0,NG,No,0,0,Draw,10,0,10,Home Win,1,2,Away Win
05/02/2023,N1,Cambuur,Ajax,0,5,NG,Yes,0,2,Away Win,3,6,9,Away Win,3,1,Home Win
05/02/2023,N1,Feyenoord,PSV Eindhoven,2,2,GG,Yes,0,1,Away Win,12,1,13,Home Win,2,7,Away Win
05/02/2023,N1,Go Ahead Eagles,Nijmegen,1,0,NG,No,1,0,Home Win,2,6,8,Away Win,0,4,Away Win
05/02/2023,N1,Groningen,Twente,1,1,GG,No,0,1,Away Win,5,5,10,Draw,0,1,Away Win
10/02/2023,N1,AZ Alkmaar,Excelsior,5,0,NG,Yes,5,0,Home Win,10,0,10,Home Win,0,1,Away Win
11/02/2023,N1,Nijmegen,Cambuur,0,0,NG,No,0,0,Draw,14,4,18,Home Win,2,4,Away Win
11/02/2023,N1,PSV Eindhoven,Groningen,6,0,NG,Yes,1,0,Home Win,18,1,19,Home Win,0,0,Draw
11/02/2023,N1,FC Emmen,For Sittard,0,1,NG,No,0,0,Draw,3,6,9,Away Win,1,1,Draw
12/02/2023,N1,Sparta Rotterdam,Go Ahead Eagles,2,1,GG,Yes,1,0,Home Win,7,4,11,Home Win,1,3,Away Win
12/02/2023,N1,Heerenveen,Feyenoord,1,2,GG,Yes,0,2,Away Win,5,7,12,Away Win,1,1,Draw
12/02/2023,N1,Vitesse,Utrecht,2,0,NG,No,0,0,Draw,3,8,11,Away Win,1,2,Away Win
12/02/2023,N1,Ajax,Waalwijk,3,1,GG,Yes,0,1,Away Win,10,2,12,Home Win,2,2,Draw
12/02/2023,N1,Twente,Volendam,3,0,NG,Yes,3,0,Home Win,9,2,11,Home Win,1,0,Home Win
17/02/2023,N1,Waalwijk,For Sittard,3,1,GG,Yes,0,0,Draw,5,4,9,Home Win,1,3,Away Win
18/02/2023,N1,Volendam,Vitesse,2,0,NG,No,1,0,Home Win,5,8,13,Away Win,1,0,Home Win
18/02/2023,N1,Groningen,FC Emmen,1,1,GG,No,1,1,Draw,9,2,11,Home Win,1,4,Away Win
18/02/2023,N1,Feyenoord,AZ Alkmaar,2,1,GG,Yes,1,1,Draw,2,5,7,Away Win,3,3,Draw
19/02/2023,N1,Cambuur,Heerenveen,1,2,GG,Yes,1,1,Draw,2,5,7,Away Win,3,0,Home Win
19/02/2023,N1,Go Ahead Eagles,Twente,2,0,NG,No,2,0,Home Win,1,4,5,Away Win,0,1,Away Win
19/02/2023,N1,Utrecht,PSV Eindhoven,2,2,GG,Yes,1,1,Draw,2,5,7,Away Win,0,1,Away Win
19/02/2023,N1,Ajax,Sparta Rotterdam,4,0,NG,Yes,2,0,Home Win,5,2,7,Home Win,0,1,Away Win
19/02/2023,N1,Excelsior,Nijmegen,0,3,NG,Yes,0,1,Away Win,8,2,10,Home Win,3,2,Home Win
24/02/2023,N1,Sparta Rotterdam,Utrecht,0,3,NG,Yes,0,0,Draw,0,6,6,Away Win,3,2,Home Win
25/02/2023,N1,Groningen,Excelsior,3,0,NG,Yes,1,0,Home Win,3,1,4,Home Win,0,0,Draw
25/02/2023,N1,Heerenveen,Waalwijk,1,4,GG,Yes,1,0,Home Win,5,0,5,Home Win,2,2,Draw
25/02/2023,N1,AZ Alkmaar,Cambuur,2,1,GG,Yes,1,0,Home Win,5,1,6,Home Win,3,2,Home Win
25/02/2023,N1,Nijmegen,Volendam,3,0,NG,Yes,0,0,Draw,6,1,7,Home Win,0,3,Away Win
26/02/2023,N1,For Sittard,Feyenoord,2,4,GG,Yes,0,3,Away Win,7,5,12,Home Win,0,0,Draw
26/02/2023,N1,FC Emmen,Go Ahead Eagles,2,2,GG,Yes,1,1,Draw,3,4,7,Away Win,3,3,Draw
26/02/2023,N1,Vitesse,Ajax,1,2,GG,Yes,1,1,Draw,6,4,10,Home Win,0,2,Away Win
26/02/2023,N1,PSV Eindhoven,Twente,3,1,GG,Yes,1,0,Home Win,6,5,11,Home Win,1,1,Draw
03/03/2023,N1,Utrecht,For Sittard,1,2,GG,Yes,0,0,Draw,3,1,4,Home Win,2,1,Home Win
03/03/2023,N1,Vitesse,AZ Alkmaar,0,1,NG,No,0,1,Away Win,4,6,10,Away Win,0,1,Away Win
04/03/2023,N1,Volendam,FC Emmen,3,1,GG,Yes,0,0,Draw,9,3,12,Home Win,0,1,Away Win
04/03/2023,N1,Feyenoord,Groningen,1,0,NG,No,0,0,Draw,14,3,17,Home Win,1,4,Away Win
04/03/2023,N1,Twente,Heerenveen,3,3,GG,Yes,1,1,Draw,6,6,12,Draw,0,3,Away Win
05/03/2023,N1,Excelsior,Sparta Rotterdam,1,4,GG,Yes,1,1,Draw,4,4,8,Draw,0,0,Draw
05/03/2023,N1,Waalwijk,PSV Eindhoven,0,1,NG,No,0,1,Away Win,2,4,6,Away Win,2,4,Away Win
05/03/2023,N1,Ajax,Nijmegen,1,0,NG,No,0,0,Draw,10,2,12,Home Win,1,3,Away Win
05/03/2023,N1,Cambuur,Go Ahead Eagles,4,1,GG,Yes,2,1,Home Win,4,6,10,Away Win,1,1,Draw
11/03/2023,N1,FC Emmen,Excelsior,2,0,NG,No,0,0,Draw,2,6,8,Away Win,1,3,Away Win
11/03/2023,N1,For Sittard,Twente,0,3,NG,Yes,0,0,Draw,0,4,4,Away Win,3,2,Home Win
11/03/2023,N1,AZ Alkmaar,Groningen,1,0,NG,No,1,0,Home Win,5,2,7,Home Win,0,1,Away Win
11/03/2023,N1,Sparta Rotterdam,Vitesse,3,1,GG,Yes,2,1,Home Win,7,3,10,Home Win,0,1,Away Win
12/03/2023,N1,Nijmegen,Utrecht,2,2,GG,Yes,1,0,Home Win,3,7,10,Away Win,1,3,Away Win
12/03/2023,N1,Heerenveen,Ajax,2,4,GG,Yes,1,3,Away Win,5,8,13,Away Win,2,2,Draw
12/03/2023,N1,PSV Eindhoven,Cambuur,5,2,GG,Yes,1,1,Draw,6,5,11,Home Win,1,1,Draw
12/03/2023,N1,Feyenoord,Volendam,2,1,GG,Yes,0,1,Away Win,9,2,11,Home Win,1,1,Draw
17/03/2023,N1,Volendam,For Sittard,2,1,GG,Yes,1,0,Home Win,1,14,15,Away Win,3,1,Home Win
18/03/2023,N1,Utrecht,Go Ahead Eagles,1,2,GG,Yes,1,1,Draw,6,3,9,Home Win,2,2,Draw
18/03/2023,N1,FC Emmen,Sparta Rotterdam,0,2,NG,No,0,1,Away Win,1,8,9,Away Win,0,2,Away Win
18/03/2023,N1,Waalwijk,Nijmegen,1,3,GG,Yes,0,3,Away Win,2,4,6,Away Win,2,1,Home Win
19/03/2023,N1,Groningen,Heerenveen,0,2,NG,No,0,2,Away Win,5,2,7,Home Win,0,1,Away Win
19/03/2023,N1,Ajax,Feyenoord,2,3,GG,Yes,2,1,Home Win,8,4,12,Home Win,3,5,Away Win
19/03/2023,N1,Excelsior,Cambuur,4,1,GG,Yes,4,0,Home Win,4,8,12,Away Win,1,0,Home Win
19/03/2023,N1,Vitesse,PSV Eindhoven,1,1,GG,No,0,1,Away Win,5,5,10,Draw,1,0,Home Win
19/03/2023,N1,Twente,AZ Alkmaar,2,1,GG,Yes,2,0,Home Win,6,2,8,Home Win,2,1,Home Win
01/04/2023,N1,AZ Alkmaar,Heerenveen,1,1,GG,No,0,1,Away Win,9,2,11,Home Win,5,2,Home Win
01/04/2023,N1,Excelsior,Twente,0,0,NG,No,0,0,Draw,7,10,17,Away Win,3,1,Home Win
01/04/2023,N1,Cambuur,FC Emmen,1,2,GG,Yes,0,0,Draw,3,5,8,Away Win,3,2,Home Win
01/04/2023,N1,Nijmegen,PSV Eindhoven,2,4,GG,Yes,0,3,Away Win,3,7,10,Away Win,2,2,Draw
01/04/2023,N1,Waalwijk,Vitesse,1,0,NG,No,1,0,Home Win,1,2,3,Away Win,1,2,Away Win
02/04/2023,N1,Go Ahead Eagles,Ajax,0,0,NG,No,0,0,Draw,2,6,8,Away Win,2,1,Home Win
02/04/2023,N1,Sparta Rotterdam,Feyenoord,1,3,GG,Yes,1,1,Draw,4,8,12,Away Win,1,1,Draw
02/04/2023,N1,Utrecht,Volendam,0,0,NG,No,0,0,Draw,11,7,18,Home Win,2,1,Home Win
02/04/2023,N1,For Sittard,Groningen,3,1,GG,Yes,2,0,Home Win,3,9,12,Away Win,1,0,Home Win
07/04/2023,N1,Groningen,Utrecht,1,2,GG,Yes,1,1,Draw,2,7,9,Away Win,4,1,Home Win
08/04/2023,N1,Vitesse,Go Ahead Eagles,2,0,NG,No,1,0,Home Win,6,2,8,Home Win,0,1,Away Win
08/04/2023,N1,AZ Alkmaar,Sparta Rotterdam,0,1,NG,No,0,1,Away Win,4,4,8,Draw,2,2,Draw
08/04/2023,N1,PSV Eindhoven,Excelsior,4,0,NG,Yes,1,0,Home Win,7,1,8,Home Win,0,4,Away Win
08/04/2023,N1,Heerenveen,Volendam,2,1,GG,Yes,2,1,Home Win,4,2,6,Home Win,1,0,Home Win
09/04/2023,N1,Twente,Cambuur,4,0,NG,Yes,3,0,Home Win,7,2,9,Home Win,1,2,Away Win
09/04/2023,N1,FC Emmen,Nijmegen,0,0,NG,No,0,0,Draw,2,5,7,Away Win,1,1,Draw
09/04/2023,N1,Ajax,For Sittard,4,0,NG,Yes,2,0,Home Win,17,4,21,Home Win,0,1,Away Win
09/04/2023,N1,Feyenoord,Waalwijk,5,1,GG,Yes,3,0,Home Win,7,4,11,Home Win,1,1,Draw
14/04/2023,N1,Excelsior,Go Ahead Eagles,2,1,GG,Yes,0,0,Draw,5,12,17,Away Win,0,3,Away Win
15/04/2023,N1,Waalwijk,Groningen,2,1,GG,Yes,0,0,Draw,3,2,5,Home Win,0,1,Away Win
15/04/2023,N1,Sparta Rotterdam,Heerenveen,4,0,NG,Yes,1,0,Home Win,7,4,11,Home Win,1,2,Away Win
16/04/2023,N1,Nijmegen,Vitesse,1,4,GG,Yes,0,2,Away Win,7,6,13,Home Win,3,3,Draw
16/04/2023,N1,Utrecht,Twente,1,0,NG,No,0,0,Draw,4,8,12,Away Win,0,2,Away Win
16/04/2023,N1,Volendam,PSV Eindhoven,2,3,GG,Yes,0,2,Away Win,3,2,5,Home Win,1,3,Away Win
16/04/2023,N1,Cambuur,Feyenoord,0,3,NG,Yes,0,1,Away Win,2,9,11,Away Win,2,2,Draw
16/04/2023,N1,Ajax,FC Emmen,3,1,GG,Yes,2,0,Home Win,13,5,18,Home Win,2,1,Home Win
16/04/2023,N1,For Sittard,AZ Alkmaar,0,3,NG,Yes,0,2,Away Win,1,12,13,Away Win,0,0,Draw
19/04/2023,N1,Go Ahead Eagles,Waalwijk,3,2,GG,Yes,2,1,Home Win,10,1,11,Home Win,0,1,Away Win
21/04/2023,N1,Volendam,Cambuur,2,0,NG,No,1,0,Home Win,9,5,14,Home Win,0,2,Away Win
22/04/2023,N1,Heerenveen,FC Emmen,2,3,GG,Yes,1,0,Home Win,10,5,15,Home Win,0,1,Away Win
22/04/2023,N1,Vitesse,Excelsior,0,0,NG,No,0,0,Draw,17,3,20,Home Win,2,1,Home Win
23/04/2023,N1,Twente,Sparta Rotterdam,3,3,GG,Yes,1,2,Away Win,17,6,23,Home Win,1,4,Away Win
23/04/2023,N1,Go Ahead Eagles,For Sittard,2,0,NG,No,1,0,Home Win,6,9,15,Away Win,2,0,Home Win
23/04/2023,N1,PSV Eindhoven,Ajax,3,0,NG,Yes,1,0,Home Win,5,5,10,Draw,1,3,Away Win
23/04/2023,N1,Feyenoord,Utrecht,3,1,GG,Yes,1,0,Home Win,4,0,4,Home Win,0,2,Away Win
23/04/2023,N1,AZ Alkmaar,Waalwijk,3,0,NG,Yes,1,0,Home Win,8,0,8,Home Win,0,1,Away Win
25/04/2023,N1,Groningen,Nijmegen,0,1,NG,No,0,0,Draw,4,8,12,Away Win,1,0,Home Win
05/05/2023,N1,Waalwijk,Volendam,4,1,GG,Yes,2,0,Home Win,4,8,12,Away Win,1,0,Home Win
06/05/2023,N1,Sparta Rotterdam,PSV Eindhoven,0,1,NG,No,0,0,Draw,2,4,6,Away Win,1,1,Draw
06/05/2023,N1,Cambuur,Utrecht,0,3,NG,Yes,0,2,Away Win,4,0,4,Home Win,0,1,Away Win
06/05/2023,N1,Nijmegen,Heerenveen,2,3,GG,Yes,1,1,Draw,4,3,7,Home Win,0,2,Away Win
06/05/2023,N1,Ajax,AZ Alkmaar,0,0,NG,No,0,0,Draw,8,2,10,Home Win,1,2,Away Win
07/05/2023,N1,FC Emmen,Twente,0,3,NG,Yes,0,0,Draw,2,2,4,Draw,0,2,Away Win
07/05/2023,N1,Excelsior,Feyenoord,0,2,NG,No,0,1,Away Win,4,2,6,Home Win,0,0,Draw
07/05/2023,N1,Go Ahead Eagles,Groningen,1,1,GG,No,1,1,Draw,6,5,11,Home Win,1,4,Away Win
07/05/2023,N1,For Sittard,Vitesse,2,0,NG,No,0,0,Draw,5,8,13,Away Win,2,1,Home Win
12/05/2023,N1,Twente,Nijmegen,4,0,NG,Yes,1,0,Home Win,7,3,10,Home Win,2,1,Home Win
13/05/2023,N1,Volendam,Sparta Rotterdam,2,1,GG,Yes,1,1,Draw,6,5,11,Home Win,2,2,Draw
13/05/2023,N1,Heerenveen,Excelsior,0,0,NG,No,0,0,Draw,5,6,11,Away Win,3,2,Home Win
13/05/2023,N1,Utrecht,Waalwijk,2,0,NG,No,0,0,Draw,4,4,8,Draw,1,2,Away Win
14/05/2023,N1,Vitesse,Cambuur,2,0,NG,No,0,0,Draw,4,4,8,Draw,2,0,Home Win
14/05/2023,N1,Feyenoord,Go Ahead Eagles,3,0,NG,Yes,2,0,Home Win,1,2,3,Away Win,1,1,Draw
14/05/2023,N1,AZ Alkmaar,FC Emmen,5,1,GG,Yes,5,0,Home Win,13,3,16,Home Win,0,0,Draw
14/05/2023,N1,PSV Eindhoven,For Sittard,2,1,GG,Yes,1,1,Draw,14,1,15,Home Win,1,3,Away Win
14/05/2023,N1,Groningen,Ajax,2,3,GG,Yes,1,1,Draw,3,10,13,Away Win,3,0,Home Win
21/05/2023,N1,Ajax,Utrecht,3,1,GG,Yes,1,0,Home Win,8,1,9,Home Win,0,1,Away Win
21/05/2023,N1,Excelsior,For Sittard,3,0,NG,Yes,0,0,Draw,6,2,8,Home Win,1,2,Away Win
21/05/2023,N1,FC Emmen,Feyenoord,1,3,GG,Yes,1,1,Draw,3,8,11,Away Win,1,2,Away Win
21/05/2023,N1,Go Ahead Eagles,Volendam,3,0,NG,Yes,1,0,Home Win,8,3,11,Home Win,0,2,Away Win
21/05/2023,N1,Nijmegen,AZ Alkmaar,0,3,NG,Yes,0,2,Away Win,3,4,7,Away Win,2,0,Home Win
21/05/2023,N1,PSV Eindhoven,Heerenveen,3,3,GG,Yes,1,2,Away Win,9,6,15,Home Win,3,2,Home Win
21/05/2023,N1,Sparta Rotterdam,Cambuur,4,1,GG,Yes,3,1,Home Win,4,4,8,Draw,1,1,Draw
21/05/2023,N1,Vitesse,Groningen,6,0,NG,Yes,2,0,Home Win,2,2,4,Draw,1,0,Home Win
21/05/2023,N1,Waalwijk,Twente,0,5,NG,Yes,0,2,Away Win,5,5,10,Draw,3,1,Home Win
28/05/2023,N1,AZ Alkmaar,PSV Eindhoven,1,2,GG,Yes,0,0,Draw,2,4,6,Away Win,2,5,Away Win
28/05/2023,N1,Cambuur,Waalwijk,4,0,NG,Yes,2,0,Home Win,11,5,16,Home Win,1,1,Draw
28/05/2023,N1,Feyenoord,Vitesse,0,1,NG,No,0,1,Away Win,11,5,16,Home Win,0,2,Away Win
28/05/2023,N1,For Sittard,Nijmegen,1,1,GG,No,0,0,Draw,5,6,11,Away Win,1,0,Home Win
28/05/2023,N1,Groningen,Sparta Rotterdam,0,5,NG,Yes,0,1,Away Win,2,5,7,Away Win,1,1,Draw
28/05/2023,N1,Heerenveen,Go Ahead Eagles,2,0,NG,No,1,0,Home Win,4,1,5,Home Win,1,3,Away Win
28/05/2023,N1,Twente,Ajax,3,1,GG,Yes,0,1,Away Win,0,7,7,Away Win,2,1,Home Win
28/05/2023,N1,Utrecht,FC Emmen,3,2,GG,Yes,1,1,Draw,13,4,17,Home Win,0,1,Away Win
28/05/2023,N1,Volendam,Excelsior,3,2,GG,Yes,3,0,Home Win,15,5,20,Home Win,0,0,Draw
11/08/2023,N1,Volendam,Vitesse,1,2,GG,Yes,1,0,Home Win,3,7,10,Away Win,3,1,Home Win
12/08/2023,N1,PSV Eindhoven,Utrecht,2,0,NG,No,1,0,Home Win,4,2,6,Home Win,2,1,Home Win
12/08/2023,N1,Heerenveen,Waalwijk,3,1,GG,Yes,3,0,Home Win,7,2,9,Home Win,0,1,Away Win
12/08/2023,N1,Ajax,Heracles,4,1,GG,Yes,1,1,Draw,13,4,17,Home Win,2,5,Away Win
12/08/2023,N1,Zwolle,Sparta Rotterdam,1,2,GG,Yes,0,1,Away Win,7,1,8,Home Win,2,4,Away Win
13/08/2023,N1,Nijmegen,Excelsior,3,4,GG,Yes,2,1,Home Win,2,7,9,Away Win,1,2,Away Win
13/08/2023,N1,AZ Alkmaar,Go Ahead Eagles,5,1,GG,Yes,2,0,Home Win,5,4,9,Home Win,2,3,Away Win
13/08/2023,N1,Feyenoord,For Sittard,0,0,NG,No,0,0,Draw,8,3,11,Home Win,0,6,Away Win
13/08/2023,N1,Almere City,Twente,1,4,GG,Yes,0,0,Draw,2,11,13,Away Win,4,0,Home Win
18/08/2023,N1,Heracles,Nijmegen,2,1,GG,Yes,0,1,Away Win,5,9,14,Away Win,2,2,Draw
19/08/2023,N1,Excelsior,Ajax,2,2,GG,Yes,1,1,Draw,4,10,14,Away Win,0,0,Draw
19/08/2023,N1,Vitesse,PSV Eindhoven,1,3,GG,Yes,1,0,Home Win,4,7,11,Away Win,0,1,Away Win
19/08/2023,N1,For Sittard,Almere City,2,1,GG,Yes,2,1,Home Win,5,6,11,Away Win,3,2,Home Win
19/08/2023,N1,Go Ahead Eagles,Volendam,4,1,GG,Yes,3,0,Home Win,4,12,16,Away Win,1,3,Away Win
20/08/2023,N1,Utrecht,Heerenveen,0,2,NG,No,0,0,Draw,9,2,11,Home Win,0,1,Away Win
20/08/2023,N1,Sparta Rotterdam,Feyenoord,2,2,GG,Yes,1,0,Home Win,3,12,15,Away Win,2,0,Home Win
20/08/2023,N1,Twente,Zwolle,3,1,GG,Yes,1,1,Draw,8,3,11,Home Win,2,5,Away Win
20/08/2023,N1,Waalwijk,AZ Alkmaar,1,3,GG,Yes,1,0,Home Win,1,10,11,Away Win,2,1,Home Win
26/08/2023,N1,Nijmegen,Waalwijk,3,0,NG,Yes,1,0,Home Win,2,4,6,Away Win,1,2,Away Win
26/08/2023,N1,Excelsior,For Sittard,2,2,GG,Yes,1,0,Home Win,0,6,6,Away Win,1,1,Draw
27/08/2023,N1,Zwolle,Utrecht,1,0,NG,No,0,0,Draw,2,8,10,Away Win,2,3,Away Win
27/08/2023,N1,Feyenoord,Almere City,6,1,GG,Yes,3,0,Home Win,8,2,10,Home Win,0,1,Away Win
27/08/2023,N1,Heerenveen,Sparta Rotterdam,1,3,GG,Yes,0,1,Away Win,6,7,13,Away Win,0,0,Draw
01/09/2023,N1,Sparta Rotterdam,Nijmegen,1,1,GG,No,0,0,Draw,10,1,11,Home Win,1,4,Away Win
02/09/2023,N1,Almere City,Zwolle,1,2,GG,Yes,0,1,Away Win,7,4,11,Home Win,3,4,Away Win
02/09/2023,N1,Go Ahead Eagles,Heerenveen,3,2,GG,Yes,2,1,Home Win,9,8,17,Home Win,3,0,Home Win
02/09/2023,N1,Waalwijk,PSV Eindhoven,0,4,NG,Yes,0,1,Away Win,4,8,12,Away Win,0,0,Draw
02/09/2023,N1,Heracles,Excelsior,3,1,GG,Yes,0,1,Away Win,8,1,9,Home Win,1,4,Away Win
03/09/2023,N1,Utrecht,Feyenoord,1,5,GG,Yes,1,2,Away Win,5,8,13,Away Win,1,0,Home Win
03/09/2023,N1,For Sittard,Ajax,0,0,NG,No,0,0,Draw,3,7,10,Away Win,3,2,Home Win
03/09/2023,N1,Volendam,Twente,0,2,NG,No,0,1,Away Win,1,5,6,Away Win,1,2,Away Win
03/09/2023,N1,Vitesse,AZ Alkmaar,0,2,NG,No,0,0,Draw,0,9,9,Away Win,3,0,Home Win
16/09/2023,N1,Feyenoord,Heerenveen,6,1,GG,Yes,3,1,Home Win,6,3,9,Home Win,1,0,Home Win
16/09/2023,N1,Vitesse,Waalwijk,0,2,NG,No,0,1,Away Win,8,6,14,Home Win,1,5,Away Win
16/09/2023,N1,For Sittard,Volendam,3,1,GG,Yes,0,1,Away Win,15,3,18,Home Win,1,0,Home Win
16/09/2023,N1,PSV Eindhoven,Nijmegen,4,0,NG,Yes,2,0,Home Win,8,3,11,Home Win,1,2,Away Win
16/09/2023,N1,Heracles,Utrecht,1,3,GG,Yes,0,2,Away Win,4,4,8,Draw,3,3,Draw
17/09/2023,N1,Zwolle,Go Ahead Eagles,1,1,GG,No,0,0,Draw,11,4,15,Home Win,1,4,Away Win
17/09/2023,N1,Excelsior,Almere City,0,0,NG,No,0,0,Draw,4,5,9,Away Win,2,3,Away Win
17/09/2023,N1,Twente,Ajax,3,1,GG,Yes,2,1,Home Win,5,9,14,Away Win,1,2,Away Win
17/09/2023,N1,AZ Alkmaar,Sparta Rotterdam,2,0,NG,No,2,0,Home Win,9,4,13,Home Win,0,3,Away Win
22/09/2023,N1,Go Ahead Eagles,For Sittard,3,0,NG,Yes,1,0,Home Win,2,5,7,Away Win,0,4,Away Win
23/09/2023,N1,Volendam,Heracles,2,2,GG,Yes,0,0,Draw,5,7,12,Away Win,1,1,Draw
23/09/2023,N1,Nijmegen,Utrecht,3,0,NG,Yes,2,0,Home Win,4,4,8,Draw,1,2,Away Win
23/09/2023,N1,Almere City,PSV Eindhoven,0,4,NG,Yes,0,2,Away Win,5,8,13,Away Win,1,1,Draw
23/09/2023,N1,Heerenveen,Excelsior,0,3,NG,Yes,0,2,Away Win,3,2,5,Home Win,4,2,Home Win
24/09/2023,N1,Sparta Rotterdam,Vitesse,1,0,NG,No,1,0,Home Win,5,3,8,Home Win,1,2,Away Win
24/09/2023,N1,Waalwijk,Twente,1,0,NG,No,0,0,Draw,1,6,7,Away Win,1,1,Draw
24/09/2023,N1,Zwolle,AZ Alkmaar,0,3,NG,Yes,0,1,Away Win,2,6,8,Away Win,3,3,Draw
27/09/2023,N1,Ajax,Feyenoord,0,4,NG,Yes,0,3,Away Win,4,0,4,Home Win,3,2,Home Win
27/09/2023,N1,PSV Eindhoven,Go Ahead Eagles,3,0,NG,Yes,1,0,Home Win,9,2,11,Home Win,0,2,Away Win
27/09/2023,N1,Twente,Vitesse,1,0,NG,No,1,0,Home Win,5,2,7,Home Win,1,4,Away Win
28/09/2023,N1,AZ Alkmaar,Heracles,1,1,GG,No,1,0,Home Win,16,0,16,Home Win,1,2,Away Win
30/09/2023,N1,Feyenoord,Go Ahead Eagles,3,1,GG,Yes,1,0,Home Win,11,0,11,Home Win,1,2,Away Win
30/09/2023,N1,PSV Eindhoven,Volendam,3,1,GG,Yes,1,0,Home Win,7,0,7,Home Win,1,2,Away Win
30/09/2023,N1,Utrecht,Almere City,0,2,NG,No,0,0,Draw,4,6,10,Away Win,4,4,Draw
30/09/2023,N1,Twente,Heerenveen,1,0,NG,No,0,0,Draw,8,1,9,Home Win,3,1,Home Win
01/10/2023,N1,Nijmegen,Vitesse,1,3,GG,Yes,1,1,Draw,6,5,11,Home Win,2,5,Away Win
01/10/2023,N1,Excelsior,Sparta Rotterdam,2,1,GG,Yes,0,0,Draw,2,7,9,Away Win,4,1,Home Win
01/10/2023,N1,Heracles,Zwolle,2,1,GG,Yes,0,0,Draw,2,2,4,Draw,1,3,Away Win
01/10/2023,N1,AZ Alkmaar,For Sittard,4,0,NG,Yes,1,0,Home Win,1,3,4,Away Win,1,3,Away Win
06/10/2023,N1,Volendam,Utrecht,1,0,NG,No,0,0,Draw,6,0,6,Home Win,3,2,Home Win
07/10/2023,N1,Heerenveen,Nijmegen,1,1,GG,No,1,1,Draw,7,1,8,Home Win,1,0,Home Win
07/10/2023,N1,Almere City,Waalwijk,1,0,NG,No,1,0,Home Win,4,3,7,Home Win,1,1,Draw
07/10/2023,N1,Go Ahead Eagles,Heracles,4,0,NG,Yes,2,0,Home Win,9,5,14,Home Win,0,2,Away Win
07/10/2023,N1,Vitesse,Excelsior,0,0,NG,No,0,0,Draw,11,5,16,Home Win,2,0,Home Win
08/10/2023,N1,Zwolle,Feyenoord,0,2,NG,No,0,1,Away Win,3,4,7,Away Win,1,0,Home Win
08/10/2023,N1,Ajax,AZ Alkmaar,1,2,GG,Yes,0,1,Away Win,6,4,10,Home Win,2,1,Home Win
08/10/2023,N1,For Sittard,Twente,0,3,NG,Yes,0,1,Away Win,3,7,10,Away Win,2,2,Draw
08/10/2023,N1,Sparta Rotterdam,PSV Eindhoven,0,4,NG,Yes,0,0,Draw,1,8,9,Away Win,3,1,Home Win
21/10/2023,N1,PSV Eindhoven,For Sittard,3,1,GG,Yes,1,0,Home Win,10,1,11,Home Win,0,1,Away Win
21/10/2023,N1,Waalwijk,Volendam,2,1,GG,Yes,1,0,Home Win,3,4,7,Away Win,3,2,Home Win
21/10/2023,N1,Nijmegen,Almere City,1,1,GG,No,0,1,Away Win,6,5,11,Home Win,2,2,Draw
21/10/2023,N1,AZ Alkmaar,Heerenveen,3,0,NG,Yes,1,0,Home Win,6,3,9,Home Win,1,1,Draw
21/10/2023,N1,Feyenoord,Vitesse,4,0,NG,Yes,2,0,Home Win,9,2,11,Home Win,0,1,Away Win
22/10/2023,N1,Utrecht,Ajax,4,3,GG,Yes,1,0,Home Win,6,5,11,Home Win,1,2,Away Win
22/10/2023,N1,Excelsior,Zwolle,2,4,GG,Yes,1,0,Home Win,2,4,6,Away Win,0,2,Away Win
22/10/2023,N1,Heracles,Twente,2,2,GG,Yes,0,2,Away Win,6,6,12,Draw,1,4,Away Win
22/10/2023,N1,Go Ahead Eagles,Sparta Rotterdam,0,0,NG,No,0,0,Draw,3,6,9,Away Win,0,0,Draw
27/10/2023,N1,Vitesse,Zwolle,1,1,GG,No,0,1,Away Win,18,2,20,Home Win,0,1,Away Win
28/10/2023,N1,Heerenveen,Heracles,3,0,NG,Yes,2,0,Home Win,10,4,14,Home Win,2,2,Draw
28/10/2023,N1,Almere City,Go Ahead Eagles,0,0,NG,No,0,0,Draw,6,5,11,Home Win,1,0,Home Win
28/10/2023,N1,Sparta Rotterdam,Waalwijk,2,0,NG,No,0,0,Draw,8,4,12,Home Win,2,1,Home Win
28/10/2023,N1,For Sittard,Utrecht,0,0,NG,No,0,0,Draw,5,5,10,Draw,1,1,Draw
29/10/2023,N1,Twente,Feyenoord,2,1,GG,Yes,1,0,Home Win,2,5,7,Away Win,5,1,Home Win
29/10/2023,N1,PSV Eindhoven,Ajax,5,2,GG,Yes,1,2,Away Win,5,5,10,Draw,1,2,Away Win
29/10/2023,N1,Volendam,Excelsior,3,1,GG,Yes,0,1,Away Win,8,6,14,Home Win,1,2,Away Win
02/11/2023,N1,Ajax,Volendam,2,0,NG,No,0,0,Draw,9,4,13,Home Win,0,1,Away Win
04/11/2023,N1,Heracles,PSV Eindhoven,0,6,NG,Yes,0,2,Away Win,1,7,8,Away Win,1,0,Home Win
04/11/2023,N1,Excelsior,AZ Alkmaar,1,1,GG,No,0,0,Draw,3,7,10,Away Win,2,3,Away Win
04/11/2023,N1,Waalwijk,Feyenoord,1,2,GG,Yes,1,1,Draw,2,10,12,Away Win,0,2,Away Win
04/11/2023,N1,Go Ahead Eagles,Vitesse,5,1,GG,Yes,1,0,Home Win,4,6,10,Away Win,0,4,Away Win
05/11/2023,N1,Utrecht,Twente,1,1,GG,No,1,1,Draw,5,2,7,Home Win,3,4,Away Win
05/11/2023,N1,Nijmegen,Volendam,3,3,GG,Yes,1,1,Draw,8,4,12,Home Win,4,2,Home Win
05/11/2023,N1,Zwolle,For Sittard,2,0,NG,No,1,0,Home Win,2,2,4,Draw,3,1,Home Win
05/11/2023,N1,Ajax,Heerenveen,4,1,GG,Yes,2,1,Home Win,5,8,13,Away Win,1,2,Away Win
05/11/2023,N1,Sparta Rotterdam,Almere City,1,2,GG,Yes,0,1,Away Win,10,3,13,Home Win,0,0,Draw
10/11/2023,N1,For Sittard,Heracles,4,1,GG,Yes,4,0,Home Win,9,7,16,Home Win,0,4,Away Win
11/11/2023,N1,Waalwijk,Go Ahead Eagles,0,1,NG,No,0,1,Away Win,7,0,7,Home Win,1,0,Home Win
11/11/2023,N1,Twente,Nijmegen,3,3,GG,Yes,1,0,Home Win,13,3,16,Home Win,1,3,Away Win
11/11/2023,N1,Vitesse,Heerenveen,1,3,GG,Yes,1,1,Draw,4,7,11,Away Win,2,1,Home Win
12/11/2023,N1,PSV Eindhoven,Zwolle,4,0,NG,Yes,2,0,Home Win,12,0,12,Home Win,0,2,Away Win
12/11/2023,N1,Almere City,Ajax,2,2,GG,Yes,0,0,Draw,4,6,10,Away Win,5,2,Home Win
12/11/2023,N1,Volendam,Sparta Rotterdam,1,4,GG,Yes,1,2,Away Win,3,5,8,Away Win,0,1,Away Win
12/11/2023,N1,Feyenoord,AZ Alkmaar,1,0,NG,No,1,0,Home Win,2,0,2,Home Win,2,1,Home Win
12/11/2023,N1,Utrecht,Excelsior,2,2,GG,Yes,0,0,Draw,13,2,15,Home Win,0,1,Away Win
25/11/2023,N1,Excelsior,Feyenoord,2,4,GG,Yes,1,1,Draw,2,5,7,Away Win,1,1,Draw
25/11/2023,N1,Heerenveen,For Sittard,3,0,NG,Yes,1,0,Home Win,3,7,10,Away Win,1,2,Away Win
25/11/2023,N1,Twente,PSV Eindhoven,0,3,NG,Yes,0,1,Away Win,3,4,7,Away Win,1,2,Away Win
25/11/2023,N1,Ajax,Vitesse,5,0,NG,Yes,2,0,Home Win,7,4,11,Home Win,1,2,Away Win
25/11/2023,N1,Zwolle,Waalwijk,1,2,GG,Yes,1,1,Draw,5,8,13,Away Win,1,2,Away Win
26/11/2023,N1,Almere City,Heracles,0,5,NG,Yes,0,1,Away Win,6,4,10,Home Win,0,3,Away Win
26/11/2023,N1,AZ Alkmaar,Volendam,3,0,NG,Yes,1,0,Home Win,5,4,9,Home Win,0,0,Draw
26/11/2023,N1,Nijmegen,Go Ahead Eagles,1,1,GG,No,0,0,Draw,4,10,14,Away Win,0,3,Away Win
26/11/2023,N1,Sparta Rotterdam,Utrecht,1,2,GG,Yes,1,1,Draw,5,4,9,Home Win,0,3,Away Win
01/12/2023,N1,Heerenveen,Almere City,3,0,NG,Yes,2,0,Home Win,7,8,15,Away Win,1,2,Away Win
02/12/2023,N1,Volendam,Zwolle,0,5,NG,Yes,0,0,Draw,6,5,11,Home Win,2,0,Home Win
02/12/2023,N1,For Sittard,Vitesse,3,1,GG,Yes,2,0,Home Win,5,4,9,Home Win,1,3,Away Win
02/12/2023,N1,Waalwijk,Excelsior,2,2,GG,Yes,1,0,Home Win,2,2,4,Draw,0,0,Draw
02/12/2023,N1,Heracles,Sparta Rotterdam,0,1,NG,No,0,0,Draw,6,3,9,Home Win,1,0,Home Win
03/12/2023,N1,Feyenoord,PSV Eindhoven,1,2,GG,Yes,0,0,Draw,10,5,15,Home Win,1,3,Away Win
03/12/2023,N1,Go Ahead Eagles,Twente,1,3,GG,Yes,0,2,Away Win,4,4,8,Draw,1,0,Home Win
03/12/2023,N1,Nijmegen,Ajax,1,2,GG,Yes,0,0,Draw,2,6,8,Away Win,0,0,Draw
03/12/2023,N1,Utrecht,AZ Alkmaar,1,1,GG,No,0,1,Away Win,7,5,12,Home Win,0,1,Away Win
06/12/2023,N1,AZ Alkmaar,Nijmegen,1,2,GG,Yes,0,2,Away Win,13,1,14,Home Win,0,1,Away Win
06/12/2023,N1,Waalwijk,Ajax,2,3,GG,Yes,1,2,Away Win,8,9,17,Away Win,2,0,Home Win
07/12/2023,N1,PSV Eindhoven,Heerenveen,2,0,NG,No,1,0,Home Win,11,2,13,Home Win,2,1,Home Win
07/12/2023,N1,Feyenoord,Volendam,3,1,GG,Yes,1,1,Draw,12,3,15,Home Win,1,1,Draw
08/12/2023,N1,Twente,Excelsior,4,2,GG,Yes,1,2,Away Win,10,2,12,Home Win,2,4,Away Win
09/12/2023,N1,Ajax,Sparta Rotterdam,2,1,GG,Yes,2,0,Home Win,7,7,14,Draw,0,1,Away Win
09/12/2023,N1,Zwolle,Nijmegen,1,3,GG,Yes,0,1,Away Win,1,6,7,Away Win,1,0,Home Win
09/12/2023,N1,AZ Alkmaar,Almere City,4,1,GG,Yes,1,0,Home Win,6,5,11,Home Win,2,5,Away Win
10/12/2023,N1,Go Ahead Eagles,Utrecht,0,2,NG,No,0,2,Away Win,11,1,12,Home Win,0,0,Draw
10/12/2023,N1,For Sittard,Waalwijk,1,0,NG,No,0,0,Draw,9,6,15,Home Win,2,2,Draw
10/12/2023,N1,Vitesse,Heracles,2,0,NG,No,1,0,Home Win,3,5,8,Away Win,2,1,Home Win
15/12/2023,N1,Nijmegen,For Sittard,4,1,GG,Yes,2,0,Home Win,5,7,12,Away Win,3,2,Home Win
16/12/2023,N1,Utrecht,Waalwijk,1,1,GG,No,1,1,Draw,10,4,14,Home Win,0,4,Away Win
16/12/2023,N1,Excelsior,Go Ahead Eagles,1,1,GG,No,0,0,Draw,1,4,5,Away Win,0,2,Away Win
16/12/2023,N1,Heerenveen,Volendam,1,2,GG,Yes,0,1,Away Win,19,2,21,Home Win,1,2,Away Win
17/12/2023,N1,Almere City,Vitesse,5,0,NG,Yes,2,0,Home Win,6,2,8,Home Win,0,0,Draw
17/12/2023,N1,Heracles,Feyenoord,0,4,NG,Yes,0,2,Away Win,3,10,13,Away Win,3,0,Home Win
17/12/2023,N1,Sparta Rotterdam,Twente,2,2,GG,Yes,0,1,Away Win,3,14,17,Away Win,2,1,Home Win
17/12/2023,N1,Ajax,Zwolle,2,2,GG,Yes,1,0,Home Win,5,0,5,Home Win,1,3,Away Win
17/12/2023,N1,AZ Alkmaar,PSV Eindhoven,0,4,NG,Yes,0,3,Away Win,1,5,6,Away Win,2,0,Home Win
12/01/2024,N1,Waalwijk,Heracles,1,2,GG,Yes,0,1,Away Win,7,4,11,Home Win,1,1,Draw
13/01/2024,N1,For Sittard,Sparta Rotterdam,0,2,NG,No,0,1,Away Win,7,2,9,Home Win,3,1,Home Win
13/01/2024,N1,Twente,AZ Alkmaar,2,1,GG,Yes,1,1,Draw,5,3,8,Home Win,3,2,Home Win
13/01/2024,N1,Zwolle,Heerenveen,2,2,GG,Yes,0,1,Away Win,4,6,10,Away Win,1,2,Away Win
13/01/2024,N1,PSV Eindhoven,Excelsior,3,1,GG,Yes,2,0,Home Win,12,2,14,Home Win,0,0,Draw
14/01/2024,N1,Volendam,Almere City,0,1,NG,No,0,1,Away Win,5,4,9,Home Win,1,1,Draw
14/01/2024,N1,Go Ahead Eagles,Ajax,2,3,GG,Yes,1,2,Away Win,6,4,10,Home Win,0,2,Away Win
14/01/2024,N1,Vitesse,Utrecht,0,0,NG,No,0,0,Draw,1,14,15,Away Win,1,1,Draw
14/01/2024,N1,Feyenoord,Nijmegen,2,2,GG,Yes,2,1,Home Win,9,0,9,Home Win,2,2,Draw
19/01/2024,N1,Excelsior,Heerenveen,3,0,NG,Yes,2,0,Home Win,6,5,11,Home Win,2,1,Home Win
20/01/2024,N1,Nijmegen,Twente,1,0,NG,No,0,0,Draw,6,5,11,Home Win,0,1,Away Win
20/01/2024,N1,Heracles,Volendam,1,1,GG,No,0,1,Away Win,9,3,12,Home Win,1,0,Home Win
20/01/2024,N1,AZ Alkmaar,Zwolle,2,2,GG,Yes,0,0,Draw,11,3,14,Home Win,2,0,Home Win
21/01/2024,N1,Utrecht,PSV Eindhoven,1,1,GG,No,0,1,Away Win,7,3,10,Home Win,2,1,Home Win
21/01/2024,N1,Sparta Rotterdam,Go Ahead Eagles,0,2,NG,No,0,1,Away Win,5,1,6,Home Win,0,3,Away Win
21/01/2024,N1,Vitesse,Feyenoord,1,2,GG,Yes,0,1,Away Win,1,4,5,Away Win,3,3,Draw
21/01/2024,N1,Ajax,Waalwijk,4,1,GG,Yes,2,1,Home Win,6,0,6,Home Win,1,0,Home Win
24/01/2024,N1,Almere City,For Sittard,0,0,NG,No,0,0,Draw,3,2,5,Home Win,2,1,Home Win
26/01/2024,N1,Zwolle,Vitesse,1,0,NG,No,1,0,Home Win,5,4,9,Home Win,3,2,Home Win
27/01/2024,N1,PSV Eindhoven,Almere City,2,0,NG,No,1,0,Home Win,4,1,5,Home Win,0,2,Away Win
27/01/2024,N1,Waalwijk,Sparta Rotterdam,1,1,GG,No,0,0,Draw,3,3,6,Draw,5,2,Home Win
27/01/2024,N1,Excelsior,Utrecht,1,1,GG,No,0,0,Draw,5,8,13,Away Win,0,0,Draw
27/01/2024,N1,Heracles,Ajax,2,4,GG,Yes,1,1,Draw,3,11,14,Away Win,2,1,Home Win
28/01/2024,N1,Heerenveen,AZ Alkmaar,2,2,GG,Yes,1,1,Draw,4,5,9,Away Win,2,2,Draw
28/01/2024,N1,Feyenoord,Twente,0,0,NG,No,0,0,Draw,9,0,9,Home Win,0,1,Away Win
28/01/2024,N1,Go Ahead Eagles,Nijmegen,2,2,GG,Yes,0,1,Away Win,9,5,14,Home Win,2,4,Away Win
28/01/2024,N1,Volendam,For Sittard,0,1,NG,No,0,0,Draw,7,2,9,Home Win,2,1,Home Win
02/02/2024,N1,Almere City,Excelsior,2,1,GG,Yes,1,1,Draw,7,3,10,Home Win,1,3,Away Win
03/02/2024,N1,Twente,Waalwijk,3,0,NG,Yes,1,0,Home Win,9,3,12,Home Win,0,1,Away Win
03/02/2024,N1,For Sittard,Heerenveen,3,3,GG,Yes,0,2,Away Win,6,0,6,Home Win,1,2,Away Win
03/02/2024,N1,Ajax,PSV Eindhoven,1,1,GG,No,1,1,Draw,3,5,8,Away Win,1,3,Away Win
03/02/2024,N1,Nijmegen,Heracles,3,1,GG,Yes,0,1,Away Win,7,6,13,Home Win,1,1,Draw
04/02/2024,N1,Vitesse,Go Ahead Eagles,0,2,NG,No,0,1,Away Win,5,6,11,Away Win,1,1,Draw
04/02/2024,N1,AZ Alkmaar,Feyenoord,0,1,NG,No,0,1,Away Win,5,2,7,Home Win,2,1,Home Win
04/02/2024,N1,Utrecht,Volendam,4,2,GG,Yes,2,1,Home Win,9,2,11,Home Win,2,1,Home Win
04/02/2024,N1,Sparta Rotterdam,Zwolle,0,2,NG,No,0,1,Away Win,13,3,16,Home Win,1,3,Away Win
09/02/2024,N1,Waalwijk,Nijmegen,2,0,NG,No,2,0,Home Win,4,10,14,Away Win,2,3,Away Win
10/02/2024,N1,Excelsior,Twente,0,3,NG,Yes,0,3,Away Win,1,4,5,Away Win,1,1,Draw
10/02/2024,N1,Almere City,AZ Alkmaar,0,0,NG,No,0,0,Draw,5,6,11,Away Win,2,1,Home Win
10/02/2024,N1,Heracles,Vitesse,3,2,GG,Yes,1,2,Away Win,8,6,14,Home Win,1,2,Away Win
11/02/2024,N1,Go Ahead Eagles,Zwolle,1,1,GG,No,0,0,Draw,8,4,12,Home Win,2,2,Draw
11/02/2024,N1,Heerenveen,Ajax,3,2,GG,Yes,2,0,Home Win,7,4,11,Home Win,4,0,Home Win
11/02/2024,N1,Utrecht,For Sittard,4,0,NG,Yes,1,0,Home Win,3,6,9,Away Win,0,0,Draw
11/02/2024,N1,Volendam,PSV Eindhoven,1,5,GG,Yes,1,1,Draw,4,7,11,Away Win,2,1,Home Win
11/02/2024,N1,Feyenoord,Sparta Rotterdam,2,0,NG,No,0,0,Draw,8,4,12,Home Win,0,2,Away Win
16/02/2024,N1,PSV Eindhoven,Heracles,2,0,NG,No,1,0,Home Win,15,0,15,Home Win,0,3,Away Win
17/02/2024,N1,For Sittard,AZ Alkmaar,1,2,GG,Yes,1,0,Home Win,3,10,13,Away Win,1,1,Draw
17/02/2024,N1,Sparta Rotterdam,Excelsior,4,2,GG,Yes,2,2,Draw,4,4,8,Draw,4,2,Home Win
17/02/2024,N1,Heerenveen,Go Ahead Eagles,0,2,NG,No,0,0,Draw,3,5,8,Away Win,0,2,Away Win
17/02/2024,N1,Zwolle,Almere City,0,1,NG,No,0,0,Draw,4,2,6,Home Win,0,4,Away Win
18/02/2024,N1,Twente,Utrecht,0,1,NG,No,0,1,Away Win,11,0,11,Home Win,0,1,Away Win
18/02/2024,N1,Ajax,Nijmegen,2,2,GG,Yes,1,0,Home Win,2,5,7,Away Win,2,0,Home Win
18/02/2024,N1,Vitesse,Volendam,1,1,GG,No,1,1,Draw,12,3,15,Home Win,1,3,Away Win
18/02/2024,N1,Feyenoord,Waalwijk,1,0,NG,No,0,0,Draw,19,2,21,Home Win,0,2,Away Win
23/02/2024,N1,Utrecht,Heracles,1,0,NG,No,0,0,Draw,9,3,12,Home Win,3,2,Home Win
24/02/2024,N1,Waalwijk,For Sittard,0,1,NG,No,0,0,Draw,1,2,3,Away Win,0,0,Draw
24/02/2024,N1,Zwolle,PSV Eindhoven,1,7,GG,Yes,1,2,Away Win,3,7,10,Away Win,2,0,Home Win
24/02/2024,N1,Nijmegen,Sparta Rotterdam,2,0,NG,No,2,0,Home Win,2,9,11,Away Win,1,4,Away Win
25/02/2024,N1,Excelsior,Vitesse,1,2,GG,Yes,0,0,Draw,10,11,21,Away Win,0,1,Away Win
25/02/2024,N1,Almere City,Feyenoord,0,2,NG,No,0,0,Draw,5,5,10,Draw,3,1,Home Win
25/02/2024,N1,Twente,Go Ahead Eagles,3,0,NG,Yes,2,0,Home Win,6,4,10,Home Win,0,2,Away Win
25/02/2024,N1,AZ Alkmaar,Ajax,2,0,NG,No,1,0,Home Win,2,1,3,Home Win,2,0,Home Win
25/02/2024,N1,Volendam,Heerenveen,0,4,NG,Yes,0,1,Away Win,4,10,14,Away Win,0,0,Draw
01/03/2024,N1,Volendam,Nijmegen,2,5,GG,Yes,0,3,Away Win,7,5,12,Home Win,2,2,Draw
02/03/2024,N1,Go Ahead Eagles,Waalwijk,1,0,NG,No,0,0,Draw,9,7,16,Home Win,0,1,Away Win
02/03/2024,N1,Vitesse,Twente,1,2,GG,Yes,1,1,Draw,2,8,10,Away Win,0,2,Away Win
02/03/2024,N1,Sparta Rotterdam,AZ Alkmaar,1,1,GG,No,0,1,Away Win,5,6,11,Away Win,0,2,Away Win
03/03/2024,N1,Ajax,Utrecht,2,0,NG,No,1,0,Home Win,1,3,4,Away Win,1,2,Away Win
03/03/2024,N1,Heerenveen,Zwolle,2,0,NG,No,1,0,Home Win,4,6,10,Away Win,3,2,Home Win
03/03/2024,N1,PSV Eindhoven,Feyenoord,2,2,GG,Yes,1,1,Draw,9,2,11,Home Win,4,3,Home Win
03/03/2024,N1,For Sittard,Excelsior,5,2,GG,Yes,4,0,Home Win,6,1,7,Home Win,2,3,Away Win
03/03/2024,N1,Heracles,Almere City,2,2,GG,Yes,0,2,Away Win,5,1,6,Home Win,2,3,Away Win
08/03/2024,N1,Go Ahead Eagles,PSV Eindhoven,0,1,NG,No,0,1,Away Win,4,9,13,Away Win,0,2,Away Win
09/03/2024,N1,Twente,Sparta Rotterdam,2,1,GG,Yes,1,0,Home Win,7,3,10,Home Win,1,1,Draw
09/03/2024,N1,Almere City,Utrecht,1,1,GG,No,1,1,Draw,6,7,13,Away Win,1,2,Away Win
09/03/2024,N1,Waalwijk,Vitesse,3,1,GG,Yes,1,0,Home Win,4,5,9,Away Win,2,0,Home Win
10/03/2024,N1,AZ Alkmaar,Excelsior,4,0,NG,Yes,3,0,Home Win,3,0,3,Home Win,0,1,Away Win
10/03/2024,N1,Ajax,For Sittard,2,2,GG,Yes,1,0,Home Win,10,2,12,Home Win,1,0,Home Win
10/03/2024,N1,Zwolle,Volendam,1,1,GG,No,0,0,Draw,8,3,11,Home Win,0,1,Away Win
10/03/2024,N1,Nijmegen,Heerenveen,2,0,NG,No,0,0,Draw,8,6,14,Home Win,0,0,Draw
10/03/2024,N1,Feyenoord,Heracles,3,0,NG,Yes,2,0,Home Win,9,5,14,Home Win,0,0,Draw
15/03/2024,N1,Heracles,Go Ahead Eagles,2,0,NG,No,0,0,Draw,2,8,10,Away Win,2,2,Draw
16/03/2024,N1,For Sittard,Zwolle,3,1,GG,Yes,1,0,Home Win,7,5,12,Home Win,1,3,Away Win
16/03/2024,N1,Excelsior,Waalwijk,1,1,GG,No,1,0,Home Win,7,4,11,Home Win,1,2,Away Win
16/03/2024,N1,Vitesse,Almere City,1,1,GG,No,0,1,Away Win,8,2,10,Home Win,3,3,Draw
17/03/2024,N1,Volendam,AZ Alkmaar,0,4,NG,Yes,0,2,Away Win,3,4,7,Away Win,0,2,Away Win
17/03/2024,N1,Heerenveen,Feyenoord,2,3,GG,Yes,1,1,Draw,3,8,11,Away Win,1,1,Draw
17/03/2024,N1,Utrecht,Nijmegen,1,0,NG,No,0,0,Draw,5,4,9,Home Win,2,1,Home Win
17/03/2024,N1,Sparta Rotterdam,Ajax,2,2,GG,Yes,1,0,Home Win,2,7,9,Away Win,0,1,Away Win
17/03/2024,N1,PSV Eindhoven,Twente,1,0,NG,No,0,0,Draw,4,7,11,Away Win,2,4,Away Win
30/03/2024,N1,Nijmegen,PSV Eindhoven,3,1,GG,Yes,1,1,Draw,1,7,8,Away Win,0,2,Away Win
30/03/2024,N1,Sparta Rotterdam,For Sittard,4,0,NG,Yes,1,0,Home Win,9,4,13,Home Win,0,0,Draw
30/03/2024,N1,Go Ahead Eagles,Excelsior,3,0,NG,Yes,1,0,Home Win,4,5,9,Away Win,1,2,Away Win
30/03/2024,N1,Waalwijk,Heerenveen,1,1,GG,No,0,0,Draw,4,6,10,Away Win,1,1,Draw
30/03/2024,N1,AZ Alkmaar,Vitesse,2,0,NG,No,0,0,Draw,9,6,15,Home Win,0,0,Draw
31/03/2024,N1,Zwolle,Ajax,1,3,GG,Yes,0,2,Away Win,2,1,3,Home Win,4,2,Home Win
31/03/2024,N1,Feyenoord,Utrecht,4,2,GG,Yes,1,2,Away Win,10,1,11,Home Win,3,2,Home Win
31/03/2024,N1,Twente,Heracles,1,0,NG,No,0,0,Draw,9,3,12,Home Win,1,4,Away Win
31/03/2024,N1,Almere City,Volendam,1,1,GG,No,0,0,Draw,4,7,11,Away Win,2,3,Away Win
02/04/2024,N1,Vitesse,Sparta Rotterdam,1,4,GG,Yes,1,3,Away Win,8,4,12,Home Win,1,0,Home Win
02/04/2024,N1,Excelsior,PSV Eindhoven,0,2,NG,No,0,0,Draw,1,12,13,Away Win,1,0,Home Win
02/04/2024,N1,For Sittard,Nijmegen,1,1,GG,No,0,0,Draw,9,2,11,Home Win,2,1,Home Win
03/04/2024,N1,Heracles,AZ Alkmaar,5,0,NG,Yes,3,0,Home Win,4,6,10,Away Win,2,1,Home Win
03/04/2024,N1,Utrecht,Zwolle,5,1,GG,Yes,0,0,Draw,5,0,5,Home Win,0,1,Away Win
03/04/2024,N1,Heerenveen,Twente,3,3,GG,Yes,2,3,Away Win,3,4,7,Away Win,1,2,Away Win
04/04/2024,N1,Volendam,Feyenoord,0,0,NG,No,0,0,Draw,0,6,6,Away Win,6,2,Home Win
04/04/2024,N1,Waalwijk,Almere City,0,0,NG,No,0,0,Draw,5,6,11,Away Win,2,1,Home Win
04/04/2024,N1,Ajax,Go Ahead Eagles,1,1,GG,No,1,0,Home Win,2,6,8,Away Win,1,0,Home Win
06/04/2024,N1,Sparta Rotterdam,Heracles,1,2,GG,Yes,1,0,Home Win,9,3,12,Home Win,1,3,Away Win
06/04/2024,N1,PSV Eindhoven,AZ Alkmaar,5,1,GG,Yes,2,0,Home Win,4,7,11,Away Win,2,2,Draw
06/04/2024,N1,Zwolle,Excelsior,2,1,GG,Yes,1,0,Home Win,9,5,14,Home Win,1,2,Away Win
06/04/2024,N1,Twente,For Sittard,2,0,NG,No,0,0,Draw,7,0,7,Home Win,0,4,Away Win
07/04/2024,N1,Vitesse,Nijmegen,0,3,NG,Yes,0,0,Draw,7,1,8,Home Win,2,4,Away Win
07/04/2024,N1,Feyenoord,Ajax,6,0,NG,Yes,3,0,Home Win,9,1,10,Home Win,0,2,Away Win
07/04/2024,N1,Go Ahead Eagles,Almere City,1,1,GG,No,1,1,Draw,3,7,10,Away Win,2,1,Home Win
07/04/2024,N1,Volendam,Waalwijk,3,2,GG,Yes,2,0,Home Win,6,7,13,Away Win,3,2,Home Win
07/04/2024,N1,Heerenveen,Utrecht,2,3,GG,Yes,0,1,Away Win,5,3,8,Home Win,2,1,Home Win
12/04/2024,N1,Excelsior,Volendam,4,0,NG,Yes,2,0,Home Win,11,2,13,Home Win,2,4,Away Win
13/04/2024,N1,PSV Eindhoven,Vitesse,6,0,NG,Yes,3,0,Home Win,5,4,9,Home Win,0,1,Away Win
13/04/2024,N1,AZ Alkmaar,Waalwijk,3,2,GG,Yes,0,2,Away Win,8,1,9,Home Win,1,3,Away Win
13/04/2024,N1,Almere City,Sparta Rotterdam,2,3,GG,Yes,1,2,Away Win,8,6,14,Home Win,3,0,Home Win
14/04/2024,N1,Heracles,Heerenveen,0,2,NG,No,0,1,Away Win,8,8,16,Draw,1,1,Draw
14/04/2024,N1,For Sittard,Feyenoord,0,1,NG,No,0,1,Away Win,3,6,9,Away Win,2,3,Away Win
14/04/2024,N1,Utrecht,Go Ahead Eagles,2,1,GG,Yes,1,1,Draw,5,3,8,Home Win,1,0,Home Win
14/04/2024,N1,Ajax,Twente,2,1,GG,Yes,0,1,Away Win,2,6,8,Away Win,2,1,Home Win
14/04/2024,N1,Nijmegen,Zwolle,2,2,GG,Yes,0,1,Away Win,10,3,13,Home Win,2,4,Away Win
24/04/2024,N1,Twente,Almere City,3,1,GG,Yes,1,0,Home Win,8,4,12,Home Win,1,1,Draw
24/04/2024,N1,Ajax,Excelsior,2,2,GG,Yes,1,1,Draw,4,3,7,Home Win,2,2,Draw
25/04/2024,N1,Heerenveen,PSV Eindhoven,0,8,NG,Yes,0,5,Away Win,2,1,3,Home Win,0,0,Draw
25/04/2024,N1,Go Ahead Eagles,Feyenoord,1,3,GG,Yes,1,2,Away Win,9,3,12,Home Win,0,0,Draw
28/04/2024,N1,Nijmegen,AZ Alkmaar,0,3,NG,Yes,0,1,Away Win,3,2,5,Home Win,2,4,Away Win
28/04/2024,N1,Zwolle,Heracles,3,1,GG,Yes,1,1,Draw,8,8,16,Draw,3,3,Draw
28/04/2024,N1,Sparta Rotterdam,Volendam,1,0,NG,No,0,0,Draw,5,9,14,Away Win,1,2,Away Win
28/04/2024,N1,Waalwijk,Utrecht,2,2,GG,Yes,1,0,Home Win,4,6,10,Away Win,1,2,Away Win
28/04/2024,N1,Vitesse,For Sittard,3,2,GG,Yes,1,1,Draw,3,6,9,Away Win,4,3,Home Win
03/05/2024,N1,Almere City,Heerenveen,1,1,GG,No,0,0,Draw,3,9,12,Away Win,2,0,Home Win
03/05/2024,N1,For Sittard,Go Ahead Eagles,0,0,NG,No,0,0,Draw,8,0,8,Home Win,1,0,Home Win
05/05/2024,N1,Heracles,Waalwijk,0,5,NG,Yes,0,2,Away Win,4,9,13,Away Win,1,1,Draw
05/05/2024,N1,PSV Eindhoven,Sparta Rotterdam,4,2,GG,Yes,2,2,Draw,3,4,7,Away Win,0,1,Away Win
05/05/2024,N1,Utrecht,Vitesse,1,0,NG,No,0,0,Draw,4,7,11,Away Win,0,3,Away Win
05/05/2024,N1,Volendam,Ajax,1,4,GG,Yes,0,1,Away Win,1,3,4,Away Win,0,0,Draw
05/05/2024,N1,AZ Alkmaar,Twente,2,1,GG,Yes,0,1,Away Win,4,11,15,Away Win,3,1,Home Win
05/05/2024,N1,Feyenoord,Zwolle,5,0,NG,Yes,2,0,Home Win,11,0,11,Home Win,1,1,Draw
06/05/2024,N1,Excelsior,Nijmegen,0,3,NG,Yes,0,0,Draw,3,6,9,Away Win,1,2,Away Win
12/05/2024,N1,Ajax,Almere City,3,0,NG,Yes,3,0,Home Win,4,1,5,Home Win,3,2,Home Win
12/05/2024,N1,Excelsior,Heracles,4,0,NG,Yes,1,0,Home Win,7,4,11,Home Win,2,3,Away Win
12/05/2024,N1,For Sittard,PSV Eindhoven,1,1,GG,No,1,0,Home Win,4,9,13,Away Win,2,0,Home Win
12/05/2024,N1,Go Ahead Eagles,AZ Alkmaar,0,3,NG,Yes,0,2,Away Win,3,3,6,Draw,0,0,Draw
12/05/2024,N1,Heerenveen,Vitesse,1,3,GG,Yes,1,1,Draw,7,2,9,Home Win,0,3,Away Win
12/05/2024,N1,Nijmegen,Feyenoord,2,3,GG,Yes,0,1,Away Win,7,9,16,Away Win,0,3,Away Win
12/05/2024,N1,Twente,Volendam,7,2,GG,Yes,5,2,Home Win,13,2,15,Home Win,0,2,Away Win
12/05/2024,N1,Utrecht,Sparta Rotterdam,0,1,NG,No,0,0,Draw,12,4,16,Home Win,1,0,Home Win
12/05/2024,N1,Waalwijk,Zwolle,1,1,GG,No,0,0,Draw,10,5,15,Home Win,0,1,Away Win
19/05/2024,N1,Almere City,Nijmegen,1,4,GG,Yes,1,2,Away Win,6,7,13,Away Win,1,0,Home Win
19/05/2024,N1,AZ Alkmaar,Utrecht,3,3,GG,Yes,3,0,Home Win,3,14,17,Away Win,2,0,Home Win
19/05/2024,N1,Feyenoord,Excelsior,4,0,NG,Yes,0,0,Draw,10,6,16,Home Win,0,0,Draw
19/05/2024,N1,Heracles,For Sittard,0,0,NG,No,0,0,Draw,4,6,10,Away Win,1,0,Home Win
19/05/2024,N1,PSV Eindhoven,Waalwijk,3,1,GG,Yes,1,1,Draw,14,3,17,Home Win,0,5,Away Win
19/05/2024,N1,Sparta Rotterdam,Heerenveen,2,1,GG,Yes,0,0,Draw,3,8,11,Away Win,0,2,Away Win
19/05/2024,N1,Vitesse,Ajax,2,2,GG,Yes,1,1,Draw,5,11,16,Away Win,2,2,Draw
19/05/2024,N1,Volendam,Go Ahead Eagles,1,2,GG,Yes,1,1,Draw,5,8,13,Away Win,0,1,Away Win
19/05/2024,N1,Zwolle,Twente,1,2,GG,Yes,0,0,Draw,1,12,13,Away Win,2,1,Home Win
09/08/2024,N1,Groningen,NAC Breda,4,1,GG,Yes,3,0,Home Win,8,1,9,Home Win,1,3,Away Win
10/08/2024,N1,Feyenoord,Willem II,1,1,GG,No,1,0,Home Win,14,3,17,Home Win,1,4,Away Win
10/08/2024,N1,Nijmegen,Twente,1,2,GG,Yes,1,1,Draw,7,5,12,Home Win,0,0,Draw
10/08/2024,N1,Almere City,AZ Alkmaar,0,1,NG,No,0,1,Away Win,2,8,10,Away Win,1,2,Away Win
10/08/2024,N1,PSV Eindhoven,Waalwijk,5,1,GG,Yes,3,0,Home Win,7,3,10,Home Win,0,0,Draw
11/08/2024,N1,Sparta Rotterdam,Heracles,0,0,NG,No,0,0,Draw,3,4,7,Away Win,1,1,Draw
11/08/2024,N1,Go Ahead Eagles,For Sittard,0,2,NG,No,0,0,Draw,6,3,9,Home Win,1,1,Draw
11/08/2024,N1,Utrecht,Zwolle,1,0,NG,No,1,0,Home Win,2,1,3,Home Win,0,3,Away Win
11/08/2024,N1,Ajax,Heerenveen,1,0,NG,No,1,0,Home Win,5,2,7,Home Win,0,2,Away Win
16/08/2024,N1,For Sittard,Almere City,3,0,NG,Yes,1,0,Home Win,9,3,12,Home Win,2,3,Away Win
17/08/2024,N1,Heerenveen,Utrecht,1,1,GG,No,0,1,Away Win,6,4,10,Home Win,4,2,Home Win
17/08/2024,N1,Twente,Sparta Rotterdam,1,1,GG,No,0,0,Draw,5,4,9,Home Win,1,0,Home Win
17/08/2024,N1,AZ Alkmaar,Nijmegen,1,0,NG,No,1,0,Home Win,4,6,10,Away Win,2,2,Draw
17/08/2024,N1,Waalwijk,Groningen,1,2,GG,Yes,0,1,Away Win,7,1,8,Home Win,2,2,Draw
18/08/2024,N1,Heracles,PSV Eindhoven,1,3,GG,Yes,1,0,Home Win,2,12,14,Away Win,1,0,Home Win
18/08/2024,N1,Willem II,Go Ahead Eagles,2,0,NG,No,2,0,Home Win,4,3,7,Home Win,2,2,Draw
18/08/2024,N1,Zwolle,Feyenoord,1,5,GG,Yes,0,1,Away Win,1,2,3,Away Win,1,1,Draw
18/08/2024,N1,NAC Breda,Ajax,2,1,GG,Yes,0,0,Draw,1,8,9,Away Win,0,1,Away Win
24/08/2024,N1,Nijmegen,Zwolle,1,0,NG,No,0,0,Draw,6,2,8,Home Win,1,4,Away Win
24/08/2024,N1,Almere City,PSV Eindhoven,1,7,GG,Yes,0,2,Away Win,1,9,10,Away Win,1,1,Draw
24/08/2024,N1,NAC Breda,Utrecht,1,2,GG,Yes,1,0,Home Win,4,5,9,Away Win,3,1,Home Win
25/08/2024,N1,Groningen,AZ Alkmaar,0,0,NG,No,0,0,Draw,2,6,8,Away Win,3,1,Home Win
25/08/2024,N1,Heracles,Willem II,1,1,GG,No,1,1,Draw,8,6,14,Home Win,2,3,Away Win
25/08/2024,N1,Sparta Rotterdam,Feyenoord,1,1,GG,No,1,0,Home Win,6,11,17,Away Win,3,5,Away Win
25/08/2024,N1,Go Ahead Eagles,Waalwijk,2,0,NG,No,1,0,Home Win,7,1,8,Home Win,3,2,Home Win
30/08/2024,N1,Waalwijk,AZ Alkmaar,0,3,NG,Yes,0,2,Away Win,3,10,13,Away Win,5,3,Home Win
31/08/2024,N1,Almere City,Groningen,1,1,GG,No,1,0,Home Win,6,4,10,Home Win,1,2,Away Win
31/08/2024,N1,For Sittard,Nijmegen,0,3,NG,Yes,0,2,Away Win,4,5,9,Away Win,1,0,Home Win
31/08/2024,N1,Heerenveen,NAC Breda,4,0,NG,Yes,0,0,Draw,3,6,9,Away Win,0,1,Away Win
31/08/2024,N1,Willem II,Sparta Rotterdam,1,2,GG,Yes,0,0,Draw,4,3,7,Home Win,1,4,Away Win
01/09/2024,N1,Utrecht,Twente,2,1,GG,Yes,1,1,Draw,5,4,9,Home Win,0,2,Away Win
01/09/2024,N1,Zwolle,Heracles,3,0,NG,Yes,1,0,Home Win,4,4,8,Draw,1,2,Away Win
01/09/2024,N1,PSV Eindhoven,Go Ahead Eagles,3,0,NG,Yes,2,0,Home Win,5,3,8,Home Win,0,3,Away Win
14/09/2024,N1,PSV Eindhoven,Nijmegen,2,0,NG,No,2,0,Home Win,15,3,18,Home Win,0,1,Away Win
14/09/2024,N1,Twente,Zwolle,1,1,GG,No,0,1,Away Win,8,4,12,Home Win,1,1,Draw
14/09/2024,N1,Groningen,Feyenoord,2,2,GG,Yes,0,1,Away Win,5,6,11,Away Win,3,2,Home Win
14/09/2024,N1,NAC Breda,For Sittard,1,0,NG,No,0,0,Draw,3,8,11,Away Win,2,1,Home Win
14/09/2024,N1,AZ Alkmaar,Heerenveen,9,1,GG,Yes,2,1,Home Win,5,3,8,Home Win,0,1,Away Win
15/09/2024,N1,Sparta Rotterdam,Go Ahead Eagles,1,2,GG,Yes,0,1,Away Win,5,13,18,Away Win,1,1,Draw
15/09/2024,N1,Willem II,Waalwijk,3,0,NG,Yes,2,0,Home Win,4,4,8,Draw,2,1,Home Win
15/09/2024,N1,Heracles,Almere City,0,0,NG,No,0,0,Draw,10,2,12,Home Win,1,2,Away Win
17/09/2024,N1,Twente,Heerenveen,2,0,NG,No,2,0,Home Win,6,3,9,Home Win,2,2,Draw
18/09/2024,N1,Ajax,For Sittard,5,0,NG,Yes,2,0,Home Win,15,0,15,Home Win,0,1,Away Win
20/09/2024,N1,Zwolle,AZ Alkmaar,1,2,GG,Yes,0,1,Away Win,10,9,19,Home Win,2,4,Away Win
21/09/2024,N1,Utrecht,Willem II,3,2,GG,Yes,2,2,Draw,7,7,14,Draw,2,3,Away Win
21/09/2024,N1,Waalwijk,Sparta Rotterdam,1,2,GG,Yes,0,1,Away Win,6,2,8,Home Win,0,1,Away Win
21/09/2024,N1,Go Ahead Eagles,Ajax,1,1,GG,No,0,0,Draw,7,2,9,Home Win,2,2,Draw
21/09/2024,N1,Nijmegen,Heracles,1,2,GG,Yes,1,2,Away Win,7,3,10,Home Win,3,4,Away Win
22/09/2024,N1,Heerenveen,Groningen,2,1,GG,Yes,1,1,Draw,9,3,12,Home Win,1,3,Away Win
22/09/2024,N1,Almere City,Twente,0,5,NG,Yes,0,2,Away Win,7,5,12,Home Win,1,1,Draw
22/09/2024,N1,Feyenoord,NAC Breda,2,0,NG,No,1,0,Home Win,5,2,7,Home Win,2,2,Draw
22/09/2024,N1,For Sittard,PSV Eindhoven,1,3,GG,Yes,1,1,Draw,5,6,11,Away Win,3,1,Home Win
27/09/2024,N1,Heracles,Heerenveen,2,1,GG,Yes,1,0,Home Win,9,4,13,Home Win,2,2,Draw
28/09/2024,N1,Willem II,PSV Eindhoven,0,2,NG,No,0,0,Draw,3,6,9,Away Win,1,2,Away Win
28/09/2024,N1,Nijmegen,Feyenoord,1,1,GG,No,1,0,Home Win,3,9,12,Away Win,1,1,Draw
28/09/2024,N1,Sparta Rotterdam,For Sittard,1,1,GG,No,1,1,Draw,9,5,14,Home Win,1,2,Away Win
29/09/2024,N1,Zwolle,Almere City,1,0,NG,No,0,0,Draw,6,8,14,Away Win,2,4,Away Win
29/09/2024,N1,Groningen,Go Ahead Eagles,0,1,NG,No,0,0,Draw,7,7,14,Draw,2,3,Away Win
29/09/2024,N1,Twente,NAC Breda,1,0,NG,No,0,0,Draw,4,3,7,Home Win,2,2,Draw
29/09/2024,N1,Waalwijk,Ajax,0,2,NG,No,0,0,Draw,2,12,14,Away Win,2,1,Home Win
29/09/2024,N1,AZ Alkmaar,Utrecht,1,2,GG,Yes,1,1,Draw,8,1,9,Home Win,1,2,Away Win
04/10/2024,N1,Almere City,Willem II,0,1,NG,No,0,0,Draw,6,5,11,Home Win,1,3,Away Win
05/10/2024,N1,NAC Breda,Nijmegen,1,0,NG,No,0,0,Draw,8,3,11,Home Win,2,1,Home Win
05/10/2024,N1,PSV Eindhoven,Sparta Rotterdam,2,1,GG,Yes,2,1,Home Win,3,8,11,Away Win,0,2,Away Win
05/10/2024,N1,Utrecht,Waalwijk,3,2,GG,Yes,1,1,Draw,7,0,7,Home Win,1,0,Home Win
06/10/2024,N1,Go Ahead Eagles,Heracles,4,1,GG,Yes,0,1,Away Win,3,5,8,Away Win,1,2,Away Win
06/10/2024,N1,Feyenoord,Twente,2,1,GG,Yes,2,0,Home Win,5,6,11,Away Win,2,2,Draw
06/10/2024,N1,Heerenveen,Zwolle,1,1,GG,No,1,1,Draw,8,2,10,Home Win,2,2,Draw
06/10/2024,N1,Ajax,Groningen,3,1,GG,Yes,1,0,Home Win,5,2,7,Home Win,3,2,Home Win
06/10/2024,N1,For Sittard,AZ Alkmaar,1,0,NG,No,0,0,Draw,2,5,7,Away Win,4,2,Home Win
19/10/2024,N1,Sparta Rotterdam,Almere City,2,2,GG,Yes,0,2,Away Win,5,3,8,Home Win,2,3,Away Win
19/10/2024,N1,AZ Alkmaar,PSV Eindhoven,1,2,GG,Yes,0,2,Away Win,0,3,3,Away Win,0,0,Draw
19/10/2024,N1,Nijmegen,Heerenveen,3,0,NG,Yes,1,0,Home Win,4,4,8,Draw,0,3,Away Win
19/10/2024,N1,Waalwijk,Twente,2,2,GG,Yes,1,1,Draw,3,10,13,Away Win,1,2,Away Win
19/10/2024,N1,Go Ahead Eagles,Feyenoord,1,5,GG,Yes,0,3,Away Win,2,6,8,Away Win,1,2,Away Win
20/10/2024,N1,Willem II,For Sittard,0,0,NG,No,0,0,Draw,2,10,12,Away Win,1,1,Draw
20/10/2024,N1,Groningen,Utrecht,0,1,NG,No,0,1,Away Win,4,5,9,Away Win,2,4,Away Win
20/10/2024,N1,Heracles,Ajax,3,4,GG,Yes,2,2,Draw,3,0,3,Home Win,2,4,Away Win
20/10/2024,N1,Zwolle,NAC Breda,1,2,GG,Yes,0,0,Draw,7,4,11,Home Win,1,2,Away Win
25/10/2024,N1,Almere City,Nijmegen,1,0,NG,No,0,0,Draw,4,8,12,Away Win,1,1,Draw
26/10/2024,N1,For Sittard,Groningen,1,0,NG,No,0,0,Draw,6,3,9,Home Win,1,3,Away Win
26/10/2024,N1,PSV Eindhoven,Zwolle,6,0,NG,Yes,2,0,Home Win,9,4,13,Home Win,0,0,Draw
26/10/2024,N1,NAC Breda,Waalwijk,4,1,GG,Yes,2,1,Home Win,6,2,8,Home Win,2,3,Away Win
26/10/2024,N1,Heerenveen,Sparta Rotterdam,2,0,NG,No,1,0,Home Win,6,4,10,Home Win,4,1,Home Win
27/10/2024,N1,Utrecht,Feyenoord,0,2,NG,No,0,1,Away Win,2,8,10,Away Win,3,2,Home Win
27/10/2024,N1,Twente,Heracles,5,0,NG,Yes,2,0,Home Win,5,2,7,Home Win,0,0,Draw
27/10/2024,N1,Ajax,Willem II,1,0,NG,No,1,0,Home Win,4,1,5,Home Win,1,0,Home Win
27/10/2024,N1,AZ Alkmaar,Go Ahead Eagles,2,2,GG,Yes,1,0,Home Win,4,6,10,Away Win,3,2,Home Win
30/10/2024,N1,Feyenoord,Ajax,0,2,NG,No,0,2,Away Win,3,4,7,Away Win,4,2,Home Win
02/11/2024,N1,Willem II,Twente,0,1,NG,No,0,0,Draw,4,6,10,Away Win,4,1,Home Win
02/11/2024,N1,Ajax,PSV Eindhoven,3,2,GG,Yes,1,1,Draw,6,1,7,Home Win,2,3,Away Win
02/11/2024,N1,Heracles,NAC Breda,2,0,NG,No,1,0,Home Win,2,5,7,Away Win,1,1,Draw
02/11/2024,N1,Feyenoord,AZ Alkmaar,3,2,GG,Yes,0,1,Away Win,10,0,10,Home Win,0,0,Draw
02/11/2024,N1,For Sittard,Heerenveen,3,0,NG,Yes,1,0,Home Win,1,8,9,Away Win,0,0,Draw
03/11/2024,N1,Go Ahead Eagles,Zwolle,2,2,GG,Yes,0,2,Away Win,9,5,14,Home Win,1,1,Draw
03/11/2024,N1,Nijmegen,Groningen,6,0,NG,Yes,3,0,Home Win,1,4,5,Away Win,1,3,Away Win
03/11/2024,N1,Sparta Rotterdam,Utrecht,1,4,GG,Yes,0,1,Away Win,4,4,8,Draw,1,1,Draw
03/11/2024,N1,Waalwijk,Almere City,2,0,NG,No,1,0,Home Win,4,4,8,Draw,0,0,Draw
08/11/2024,N1,Utrecht,Heracles,1,0,NG,No,0,0,Draw,4,8,12,Away Win,0,1,Away Win
09/11/2024,N1,Groningen,Sparta Rotterdam,1,0,NG,No,1,0,Home Win,4,5,9,Away Win,1,2,Away Win
09/11/2024,N1,Zwolle,For Sittard,3,1,GG,Yes,0,1,Away Win,5,7,12,Away Win,4,2,Home Win
09/11/2024,N1,NAC Breda,PSV Eindhoven,0,3,NG,Yes,0,2,Away Win,5,9,14,Away Win,2,2,Draw
09/11/2024,N1,Waalwijk,Nijmegen,0,3,NG,Yes,0,0,Draw,4,10,14,Away Win,2,1,Home Win
10/11/2024,N1,Almere City,Feyenoord,1,4,GG,Yes,1,2,Away Win,0,9,9,Away Win,2,0,Home Win
10/11/2024,N1,Heerenveen,Go Ahead Eagles,1,0,NG,No,1,0,Home Win,2,6,8,Away Win,2,2,Draw
10/11/2024,N1,Twente,Ajax,2,2,GG,Yes,1,0,Home Win,5,4,9,Home Win,1,1,Draw
10/11/2024,N1,AZ Alkmaar,Willem II,1,2,GG,Yes,0,2,Away Win,10,1,11,Home Win,0,3,Away Win
23/11/2024,N1,Go Ahead Eagles,Almere City,3,0,NG,Yes,2,0,Home Win,5,4,9,Home Win,0,0,Draw
23/11/2024,N1,Feyenoord,Heerenveen,3,0,NG,Yes,2,0,Home Win,7,3,10,Home Win,0,2,Away Win
23/11/2024,N1,Heracles,Waalwijk,2,2,GG,Yes,1,0,Home Win,9,5,14,Home Win,1,0,Home Win
23/11/2024,N1,For Sittard,Twente,1,2,GG,Yes,0,1,Away Win,3,1,4,Home Win,1,2,Away Win
23/11/2024,N1,PSV Eindhoven,Groningen,5,0,NG,Yes,2,0,Home Win,14,3,17,Home Win,0,0,Draw
24/11/2024,N1,Nijmegen,Utrecht,1,2,GG,Yes,0,1,Away Win,8,5,13,Home Win,0,1,Away Win
24/11/2024,N1,Sparta Rotterdam,AZ Alkmaar,1,2,GG,Yes,1,1,Draw,5,2,7,Home Win,3,3,Draw
24/11/2024,N1,Willem II,NAC Breda,2,2,GG,Yes,0,1,Away Win,8,0,8,Home Win,4,2,Home Win
24/11/2024,N1,Ajax,Zwolle,2,0,NG,No,1,0,Home Win,7,0,7,Home Win,3,1,Home Win
29/11/2024,N1,Heerenveen,Waalwijk,1,1,GG,No,1,0,Home Win,3,3,6,Draw,0,0,Draw
30/11/2024,N1,NAC Breda,Almere City,1,0,NG,No,1,0,Home Win,5,4,9,Home Win,1,1,Draw
30/11/2024,N1,Groningen,Willem II,2,0,NG,No,1,0,Home Win,3,1,4,Home Win,1,0,Home Win
30/11/2024,N1,Feyenoord,For Sittard,1,1,GG,No,0,1,Away Win,9,1,10,Home Win,2,2,Draw
30/11/2024,N1,Zwolle,Sparta Rotterdam,1,0,NG,No,0,0,Draw,3,7,10,Away Win,3,1,Home Win
01/12/2024,N1,Utrecht,PSV Eindhoven,2,5,GG,Yes,1,1,Draw,4,6,10,Away Win,2,4,Away Win
01/12/2024,N1,AZ Alkmaar,Heracles,1,0,NG,No,0,0,Draw,8,1,9,Home Win,0,3,Away Win
01/12/2024,N1,Twente,Go Ahead Eagles,3,2,GG,Yes,1,2,Away Win,12,0,12,Home Win,1,2,Away Win
01/12/2024,N1,Nijmegen,Ajax,1,2,GG,Yes,1,1,Draw,7,1,8,Home Win,1,5,Away Win
04/12/2024,N1,Ajax,Utrecht,2,2,GG,Yes,2,1,Home Win,7,7,14,Draw,0,0,Draw
06/12/2024,N1,PSV Eindhoven,Twente,6,1,GG,Yes,3,1,Home Win,9,2,11,Home Win,0,1,Away Win
07/12/2024,N1,Go Ahead Eagles,Nijmegen,5,0,NG,Yes,4,0,Home Win,5,6,11,Away Win,2,2,Draw
07/12/2024,N1,Sparta Rotterdam,NAC Breda,0,2,NG,No,0,1,Away Win,9,5,14,Home Win,3,1,Home Win
07/12/2024,N1,Waalwijk,Feyenoord,2,3,GG,Yes,1,1,Draw,2,15,17,Away Win,0,0,Draw
07/12/2024,N1,Heracles,For Sittard,2,2,GG,Yes,1,2,Away Win,5,3,8,Home Win,2,1,Home Win
08/12/2024,N1,Groningen,Zwolle,0,0,NG,No,0,0,Draw,6,4,10,Home Win,3,0,Home Win
08/12/2024,N1,AZ Alkmaar,Ajax,2,1,GG,Yes,0,0,Draw,6,3,9,Home Win,1,2,Away Win
08/12/2024,N1,Willem II,Heerenveen,1,2,GG,Yes,0,0,Draw,2,3,5,Away Win,2,2,Draw
08/12/2024,N1,Almere City,Utrecht,1,3,GG,Yes,0,2,Away Win,4,4,8,Draw,2,3,Away Win
13/12/2024,N1,Zwolle,Willem II,0,1,NG,No,0,1,Away Win,9,5,14,Home Win,0,3,Away Win
14/12/2024,N1,Heerenveen,PSV Eindhoven,1,0,NG,No,0,0,Draw,7,7,14,Draw,0,0,Draw
14/12/2024,N1,For Sittard,Waalwijk,3,2,GG,Yes,3,1,Home Win,12,7,19,Home Win,1,1,Draw
14/12/2024,N1,Feyenoord,Heracles,5,2,GG,Yes,3,1,Home Win,10,0,10,Home Win,0,1,Away Win
15/12/2024,N1,Utrecht,Go Ahead Eagles,3,3,GG,Yes,1,1,Draw,7,1,8,Home Win,1,2,Away Win
15/12/2024,N1,Nijmegen,Sparta Rotterdam,1,1,GG,No,0,0,Draw,13,5,18,Home Win,0,2,Away Win
15/12/2024,N1,Twente,Groningen,2,0,NG,No,1,0,Home Win,3,5,8,Away Win,1,2,Away Win
15/12/2024,N1,Ajax,Almere City,3,0,NG,Yes,2,0,Home Win,7,0,7,Home Win,1,2,Away Win
15/12/2024,N1,NAC Breda,AZ Alkmaar,1,2,GG,Yes,1,0,Home Win,1,7,8,Away Win,5,3,Home Win
20/12/2024,N1,Waalwijk,Zwolle,1,1,GG,No,1,1,Draw,7,3,10,Home Win,2,1,Home Win
21/12/2024,N1,Go Ahead Eagles,NAC Breda,2,1,GG,Yes,0,1,Away Win,11,7,18,Home Win,0,2,Away Win
21/12/2024,N1,Almere City,Heerenveen,3,0,NG,Yes,0,0,Draw,6,3,9,Home Win,1,2,Away Win
21/12/2024,N1,AZ Alkmaar,Twente,1,0,NG,No,0,0,Draw,4,2,6,Home Win,3,4,Away Win
22/12/2024,N1,Sparta Rotterdam,Ajax,0,2,NG,No,0,0,Draw,7,1,8,Home Win,2,1,Home Win
22/12/2024,N1,PSV Eindhoven,Feyenoord,3,0,NG,Yes,2,0,Home Win,7,3,10,Home Win,1,3,Away Win
22/12/2024,N1,Utrecht,For Sittard,2,5,GG,Yes,1,0,Home Win,4,4,8,Draw,3,3,Draw
22/12/2024,N1,Willem II,Nijmegen,4,1,GG,Yes,2,1,Home Win,5,4,9,Home Win,0,2,Away Win
10/01/2025,N1,For Sittard,Go Ahead Eagles,0,3,NG,Yes,0,1,Away Win,9,4,13,Home Win,2,0,Home Win
11/01/2025,N1,Heracles,Sparta Rotterdam,1,1,GG,No,0,0,Draw,8,4,12,Home Win,3,3,Draw
11/01/2025,N1,Ajax,Waalwijk,2,1,GG,Yes,2,0,Home Win,9,1,10,Home Win,1,0,Home Win
11/01/2025,N1,Zwolle,Nijmegen,0,1,NG,No,0,1,Away Win,6,4,10,Home Win,1,1,Draw
11/01/2025,N1,PSV Eindhoven,AZ Alkmaar,2,2,GG,Yes,0,1,Away Win,11,1,12,Home Win,0,2,Away Win
12/01/2025,N1,Twente,Willem II,6,2,GG,Yes,2,2,Draw,7,4,11,Home Win,0,1,Away Win
12/01/2025,N1,Feyenoord,Utrecht,1,2,GG,Yes,0,0,Draw,9,2,11,Home Win,0,1,Away Win
12/01/2025,N1,Groningen,Almere City,0,0,NG,No,0,0,Draw,15,2,17,Home Win,1,2,Away Win
12/01/2025,N1,NAC Breda,Heerenveen,2,4,GG,Yes,1,3,Away Win,7,4,11,Home Win,0,3,Away Win
18/01/2025,N1,Zwolle,PSV Eindhoven,3,1,GG,Yes,2,1,Home Win,2,5,7,Away Win,2,2,Draw
18/01/2025,N1,Utrecht,AZ Alkmaar,0,0,NG,No,0,0,Draw,4,6,10,Away Win,0,3,Away Win
18/01/2025,N1,Willem II,Feyenoord,1,1,GG,No,0,1,Away Win,3,10,13,Away Win,1,0,Home Win
18/01/2025,N1,Go Ahead Eagles,Groningen,2,1,GG,Yes,1,1,Draw,2,7,9,Away Win,1,1,Draw
19/01/2025,N1,NAC Breda,Twente,2,1,GG,Yes,2,0,Home Win,7,7,14,Draw,2,1,Home Win
19/01/2025,N1,Almere City,Heracles,0,2,NG,No,0,1,Away Win,6,6,12,Draw,3,1,Home Win
19/01/2025,N1,Heerenveen,Ajax,0,2,NG,No,0,1,Away Win,5,5,10,Draw,1,1,Draw
19/01/2025,N1,Nijmegen,For Sittard,4,1,GG,Yes,1,1,Draw,2,1,3,Home Win,0,5,Away Win
19/01/2025,N1,Sparta Rotterdam,Waalwijk,1,1,GG,No,1,1,Draw,6,9,15,Away Win,0,1,Away Win
24/01/2025,N1,Heracles,Utrecht,1,1,GG,No,0,0,Draw,4,10,14,Away Win,5,2,Home Win
25/01/2025,N1,PSV Eindhoven,NAC Breda,3,2,GG,Yes,2,1,Home Win,10,2,12,Home Win,1,1,Draw
25/01/2025,N1,Groningen,Heerenveen,1,0,NG,No,0,0,Draw,5,3,8,Home Win,0,0,Draw
26/01/2025,N1,For Sittard,Zwolle,1,4,GG,Yes,0,2,Away Win,7,3,10,Home Win,3,1,Home Win
26/01/2025,N1,Waalwijk,Willem II,2,0,NG,No,1,0,Home Win,10,3,13,Home Win,3,3,Draw
26/01/2025,N1,AZ Alkmaar,Sparta Rotterdam,1,2,GG,Yes,0,0,Draw,8,3,11,Home Win,0,4,Away Win
28/01/2025,N1,Heracles,Groningen,1,1,GG,No,1,0,Home Win,5,1,6,Home Win,2,4,Away Win
31/01/2025,N1,NAC Breda,Heracles,1,1,GG,No,1,0,Home Win,4,3,7,Home Win,0,0,Draw
01/02/2025,N1,Zwolle,Utrecht,3,3,GG,Yes,2,0,Home Win,5,3,8,Home Win,2,0,Home Win
01/02/2025,N1,Heerenveen,For Sittard,2,2,GG,Yes,1,1,Draw,12,1,13,Home Win,0,3,Away Win
01/02/2025,N1,Nijmegen,PSV Eindhoven,3,3,GG,Yes,0,0,Draw,4,5,9,Away Win,1,1,Draw
02/02/2025,N1,Almere City,Waalwijk,1,4,GG,Yes,1,0,Home Win,5,10,15,Away Win,0,2,Away Win
02/02/2025,N1,Ajax,Feyenoord,2,1,GG,Yes,1,0,Home Win,7,5,12,Home Win,0,0,Draw
02/02/2025,N1,Go Ahead Eagles,Twente,2,2,GG,Yes,1,0,Home Win,4,8,12,Away Win,0,0,Draw
02/02/2025,N1,Sparta Rotterdam,Groningen,1,0,NG,No,0,0,Draw,4,2,6,Home Win,0,1,Away Win
02/02/2025,N1,Willem II,AZ Alkmaar,0,2,NG,No,0,2,Away Win,1,10,11,Away Win,4,0,Home Win
08/02/2025,N1,Heracles,Go Ahead Eagles,4,2,GG,Yes,1,1,Draw,11,5,16,Home Win,0,0,Draw
08/02/2025,N1,PSV Eindhoven,Willem II,1,1,GG,No,0,0,Draw,6,2,8,Home Win,0,2,Away Win
08/02/2025,N1,Groningen,Nijmegen,2,1,GG,Yes,2,0,Home Win,7,6,13,Home Win,1,0,Home Win
08/02/2025,N1,Feyenoord,Sparta Rotterdam,3,0,NG,Yes,1,0,Home Win,6,2,8,Home Win,0,0,Draw
09/02/2025,N1,Utrecht,Almere City,0,1,NG,No,0,1,Away Win,8,5,13,Home Win,1,5,Away Win
09/02/2025,N1,For Sittard,Ajax,0,2,NG,No,0,0,Draw,5,4,9,Home Win,2,3,Away Win
09/02/2025,N1,Waalwijk,NAC Breda,5,0,NG,Yes,3,0,Home Win,7,5,12,Home Win,0,1,Away Win
09/02/2025,N1,AZ Alkmaar,Zwolle,2,0,NG,No,1,0,Home Win,3,3,6,Draw,0,0,Draw
09/02/2025,N1,Heerenveen,Twente,3,3,GG,Yes,1,2,Away Win,9,2,11,Home Win,1,3,Away Win
14/02/2025,N1,Go Ahead Eagles,Sparta Rotterdam,1,0,NG,No,1,0,Home Win,8,3,11,Home Win,0,3,Away Win
15/02/2025,N1,PSV Eindhoven,Utrecht,2,2,GG,Yes,1,1,Draw,9,5,14,Home Win,2,2,Draw
15/02/2025,N1,NAC Breda,Feyenoord,0,0,NG,No,0,0,Draw,6,5,11,Home Win,0,0,Draw
15/02/2025,N1,Willem II,Groningen,1,3,GG,Yes,0,3,Away Win,5,5,10,Draw,1,0,Home Win
16/02/2025,N1,Nijmegen,Almere City,2,2,GG,Yes,1,1,Draw,4,7,11,Away Win,1,3,Away Win
16/02/2025,N1,Twente,Waalwijk,2,0,NG,No,1,0,Home Win,8,2,10,Home Win,0,2,Away Win
16/02/2025,N1,Zwolle,Heerenveen,1,1,GG,No,1,0,Home Win,3,3,6,Draw,0,0,Draw
16/02/2025,N1,Ajax,Heracles,4,0,NG,Yes,2,0,Home Win,5,4,9,Home Win,0,0,Draw
22/02/2025,N1,Feyenoord,Almere City,2,1,GG,Yes,1,1,Draw,7,2,9,Home Win,0,1,Away Win
23/02/2025,N1,Ajax,Go Ahead Eagles,2,0,NG,No,0,0,Draw,3,3,6,Draw,2,2,Draw
23/02/2025,N1,Twente,Nijmegen,2,0,NG,No,1,0,Home Win,2,4,6,Away Win,1,2,Away Win
23/02/2025,N1,AZ Alkmaar,For Sittard,1,0,NG,No,0,0,Draw,9,1,10,Home Win,2,3,Away Win
28/02/2025,N1,Waalwijk,For Sittard,1,2,GG,Yes,0,1,Away Win,8,1,9,Home Win,1,4,Away Win
01/03/2025,N1,Utrecht,NAC Breda,1,0,NG,No,0,0,Draw,6,2,8,Home Win,1,3,Away Win
01/03/2025,N1,Go Ahead Eagles,PSV Eindhoven,3,2,GG,Yes,1,2,Away Win,2,5,7,Away Win,1,2,Away Win
01/03/2025,N1,Groningen,Twente,1,1,GG,No,1,1,Draw,2,3,5,Away Win,2,0,Home Win
01/03/2025,N1,Feyenoord,Nijmegen,0,0,NG,No,0,0,Draw,10,3,13,Home Win,1,4,Away Win
02/03/2025,N1,Heerenveen,AZ Alkmaar,3,1,GG,Yes,1,0,Home Win,3,6,9,Away Win,2,3,Away Win
02/03/2025,N1,Almere City,Ajax,0,1,NG,No,0,1,Away Win,3,0,3,Home Win,1,0,Home Win
02/03/2025,N1,Heracles,Zwolle,4,2,GG,Yes,2,2,Draw,7,1,8,Home Win,1,2,Away Win
02/03/2025,N1,Sparta Rotterdam,Willem II,4,0,NG,Yes,1,0,Home Win,9,5,14,Home Win,1,1,Draw
07/03/2025,N1,NAC Breda,Sparta Rotterdam,1,1,GG,No,0,1,Away Win,5,7,12,Away Win,0,2,Away Win
08/03/2025,N1,For Sittard,Heracles,1,0,NG,No,0,0,Draw,2,6,8,Away Win,0,2,Away Win
08/03/2025,N1,PSV Eindhoven,Heerenveen,2,1,GG,Yes,1,0,Home Win,8,4,12,Home Win,2,1,Home Win
09/03/2025,N1,Willem II,Utrecht,2,3,GG,Yes,1,0,Home Win,4,5,9,Away Win,0,2,Away Win
09/03/2025,N1,Nijmegen,Go Ahead Eagles,2,3,GG,Yes,0,1,Away Win,3,15,18,Away Win,2,1,Home Win
09/03/2025,N1,Zwolle,Ajax,0,1,NG,No,0,0,Draw,3,3,6,Draw,1,0,Home Win
09/03/2025,N1,Twente,Almere City,1,0,NG,No,1,0,Home Win,4,3,7,Home Win,0,2,Away Win
14/03/2025,N1,Almere City,NAC Breda,1,1,GG,No,1,1,Draw,3,6,9,Away Win,1,0,Home Win
15/03/2025,N1,Utrecht,Nijmegen,0,1,NG,No,0,0,Draw,6,5,11,Home Win,0,3,Away Win
15/03/2025,N1,Sparta Rotterdam,Zwolle,1,1,GG,No,0,0,Draw,1,4,5,Away Win,0,0,Draw
15/03/2025,N1,Waalwijk,PSV Eindhoven,0,3,NG,Yes,0,2,Away Win,1,5,6,Away Win,2,0,Home Win
15/03/2025,N1,Heerenveen,Heracles,1,1,GG,No,1,1,Draw,10,1,11,Home Win,0,2,Away Win
16/03/2025,N1,Go Ahead Eagles,Willem II,1,0,NG,No,0,0,Draw,11,1,12,Home Win,1,2,Away Win
16/03/2025,N1,Groningen,For Sittard,1,0,NG,No,0,0,Draw,9,1,10,Home Win,0,4,Away Win
16/03/2025,N1,Twente,Feyenoord,2,6,GG,Yes,1,3,Away Win,2,5,7,Away Win,2,3,Away Win
16/03/2025,N1,Ajax,AZ Alkmaar,2,2,GG,Yes,0,0,Draw,3,3,6,Draw,1,3,Away Win
29/03/2025,N1,NAC Breda,Groningen,1,1,GG,No,0,0,Draw,3,2,5,Home Win,3,4,Away Win
29/03/2025,N1,For Sittard,Sparta Rotterdam,0,3,NG,Yes,0,2,Away Win,2,4,6,Away Win,3,1,Home Win
29/03/2025,N1,Willem II,Almere City,0,2,NG,No,0,1,Away Win,8,5,13,Home Win,2,2,Draw
29/03/2025,N1,Nijmegen,AZ Alkmaar,3,3,GG,Yes,1,2,Away Win,5,7,12,Away Win,3,2,Home Win
29/03/2025,N1,Zwolle,Waalwijk,2,0,NG,No,0,0,Draw,11,3,14,Home Win,1,2,Away Win
30/03/2025,N1,Utrecht,Heerenveen,2,0,NG,No,1,0,Home Win,4,5,9,Away Win,1,1,Draw
30/03/2025,N1,Heracles,Twente,2,1,GG,Yes,1,0,Home Win,1,6,7,Away Win,5,2,Home Win
30/03/2025,N1,PSV Eindhoven,Ajax,0,2,NG,No,0,1,Away Win,5,2,7,Home Win,1,2,Away Win
30/03/2025,N1,Feyenoord,Go Ahead Eagles,3,2,GG,Yes,1,1,Draw,2,4,6,Away Win,1,0,Home Win
01/04/2025,N1,AZ Alkmaar,Waalwijk,2,2,GG,Yes,1,0,Home Win,12,5,17,Home Win,0,3,Away Win
02/04/2025,N1,Feyenoord,Groningen,4,1,GG,Yes,2,1,Home Win,1,1,2,Draw,0,2,Away Win
04/04/2025,N1,Heerenveen,Willem II,3,1,GG,Yes,2,0,Home Win,9,6,15,Home Win,0,1,Away Win
05/04/2025,N1,AZ Alkmaar,Feyenoord,0,1,NG,No,0,1,Away Win,5,3,8,Home Win,3,2,Home Win
05/04/2025,N1,Twente,For Sittard,1,1,GG,No,1,0,Home Win,7,3,10,Home Win,1,3,Away Win
05/04/2025,N1,Groningen,PSV Eindhoven,1,3,GG,Yes,1,2,Away Win,4,5,9,Away Win,1,2,Away Win
05/04/2025,N1,Almere City,Zwolle,2,2,GG,Yes,0,2,Away Win,7,4,11,Home Win,2,2,Draw
06/04/2025,N1,Waalwijk,Heracles,0,0,NG,No,0,0,Draw,6,9,15,Away Win,1,1,Draw
06/04/2025,N1,Go Ahead Eagles,Utrecht,2,2,GG,Yes,2,2,Draw,1,5,6,Away Win,1,4,Away Win
06/04/2025,N1,Sparta Rotterdam,Nijmegen,2,0,NG,No,1,0,Home Win,3,2,5,Home Win,0,4,Away Win
06/04/2025,N1,Ajax,NAC Breda,3,1,GG,Yes,2,1,Home Win,9,0,9,Home Win,1,5,Away Win
11/04/2025,N1,Nijmegen,Waalwijk,2,1,GG,Yes,0,0,Draw,3,7,10,Away Win,2,0,Home Win
12/04/2025,N1,For Sittard,Feyenoord,0,2,NG,No,0,0,Draw,5,7,12,Away Win,2,1,Home Win
12/04/2025,N1,Sparta Rotterdam,Heerenveen,3,1,GG,Yes,1,0,Home Win,4,1,5,Home Win,1,2,Away Win
12/04/2025,N1,PSV Eindhoven,Almere City,5,0,NG,Yes,4,0,Home Win,11,3,14,Home Win,0,0,Draw
12/04/2025,N1,NAC Breda,Go Ahead Eagles,1,1,GG,No,0,1,Away Win,6,3,9,Home Win,2,2,Draw
13/04/2025,N1,Utrecht,Groningen,3,1,GG,Yes,3,1,Home Win,2,3,5,Away Win,1,2,Away Win
13/04/2025,N1,Heracles,AZ Alkmaar,1,0,NG,No,0,0,Draw,6,3,9,Home Win,2,0,Home Win
13/04/2025,N1,Zwolle,Twente,1,1,GG,No,0,0,Draw,4,10,14,Away Win,1,2,Away Win
13/04/2025,N1,Willem II,Ajax,1,2,GG,Yes,1,0,Home Win,1,11,12,Away Win,1,0,Home Win
19/04/2025,N1,Heerenveen,Almere City,2,1,GG,Yes,2,1,Home Win,4,3,7,Home Win,1,1,Draw
20/04/2025,N1,Utrecht,Ajax,4,0,NG,Yes,1,0,Home Win,1,11,12,Away Win,1,3,Away Win
23/04/2025,N1,Groningen,Heracles,4,1,GG,Yes,2,1,Home Win,3,5,8,Away Win,0,5,Away Win
24/04/2025,N1,AZ Alkmaar,NAC Breda,1,1,GG,No,0,0,Draw,10,4,14,Home Win,0,2,Away Win
24/04/2025,N1,Twente,PSV Eindhoven,1,3,GG,Yes,1,1,Draw,3,5,8,Away Win,2,3,Away Win
25/04/2025,N1,Waalwijk,Utrecht,0,4,NG,Yes,0,3,Away Win,5,5,10,Draw,1,2,Away Win
25/04/2025,N1,Feyenoord,Zwolle,4,0,NG,Yes,3,0,Home Win,1,3,4,Away Win,1,1,Draw
27/04/2025,N1,For Sittard,Willem II,1,0,NG,No,0,0,Draw,4,5,9,Away Win,0,0,Draw
27/04/2025,N1,Ajax,Sparta Rotterdam,1,1,GG,No,0,0,Draw,11,4,15,Home Win,1,2,Away Win
27/04/2025,N1,Heerenveen,Nijmegen,1,0,NG,No,0,0,Draw,7,5,12,Home Win,1,4,Away Win
27/04/2025,N1,Almere City,Go Ahead Eagles,0,0,NG,No,0,0,Draw,13,2,15,Home Win,2,1,Home Win
03/05/2025,N1,Nijmegen,Willem II,1,1,GG,No,0,1,Away Win,4,2,6,Home Win,2,2,Draw
03/05/2025,N1,Heracles,Feyenoord,1,4,GG,Yes,0,3,Away Win,5,1,6,Home Win,2,1,Home Win
03/05/2025,N1,Groningen,Waalwijk,6,1,GG,Yes,2,0,Home Win,5,3,8,Home Win,0,1,Away Win
03/05/2025,N1,PSV Eindhoven,For Sittard,4,1,GG,Yes,2,0,Home Win,5,3,8,Home Win,0,2,Away Win
04/05/2025,N1,NAC Breda,Zwolle,1,3,GG,Yes,0,0,Draw,4,2,6,Home Win,3,1,Home Win
04/05/2025,N1,Go Ahead Eagles,AZ Alkmaar,0,3,NG,Yes,0,2,Away Win,6,9,15,Away Win,2,3,Away Win
04/05/2025,N1,Sparta Rotterdam,Twente,0,2,NG,No,0,2,Away Win,5,4,9,Home Win,0,0,Draw
09/05/2025,N1,Willem II,Heracles,1,2,GG,Yes,0,1,Away Win,5,10,15,Away Win,1,1,Draw
10/05/2025,N1,Waalwijk,Heerenveen,3,1,GG,Yes,1,1,Draw,5,2,7,Home Win,2,1,Home Win
10/05/2025,N1,For Sittard,NAC Breda,1,0,NG,No,1,0,Home Win,5,3,8,Home Win,1,2,Away Win
10/05/2025,N1,Almere City,Sparta Rotterdam,0,3,NG,Yes,0,0,Draw,6,2,8,Home Win,0,1,Away Win
11/05/2025,N1,Zwolle,Go Ahead Eagles,1,1,GG,No,0,0,Draw,6,2,8,Home Win,2,2,Draw
11/05/2025,N1,Feyenoord,PSV Eindhoven,2,3,GG,Yes,2,0,Home Win,1,12,13,Away Win,2,3,Away Win
11/05/2025,N1,Twente,Utrecht,2,0,NG,No,1,0,Home Win,7,3,10,Home Win,0,2,Away Win
11/05/2025,N1,Ajax,Nijmegen,0,3,NG,Yes,0,0,Draw,8,1,9,Home Win,3,4,Away Win
11/05/2025,N1,AZ Alkmaar,Groningen,3,0,NG,Yes,2,0,Home Win,11,4,15,Home Win,1,2,Away Win
14/05/2025,N1,Almere City,For Sittard,1,1,GG,No,1,0,Home Win,5,5,10,Draw,1,1,Draw
14/05/2025,N1,Feyenoord,Waalwijk,2,0,NG,No,1,0,Home Win,6,3,9,Home Win,0,0,Draw
14/05/2025,N1,Go Ahead Eagles,Heerenveen,1,0,NG,No,0,0,Draw,2,5,7,Away Win,1,0,Home Win
14/05/2025,N1,Groningen,Ajax,2,2,GG,Yes,0,1,Away Win,4,3,7,Home Win,3,2,Home Win
14/05/2025,N1,Nijmegen,NAC Breda,3,0,NG,Yes,1,0,Home Win,3,5,8,Away Win,0,0,Draw
14/05/2025,N1,PSV Eindhoven,Heracles,4,1,GG,Yes,4,0,Home Win,10,1,11,Home Win,0,0,Draw
14/05/2025,N1,Twente,AZ Alkmaar,2,3,GG,Yes,2,2,Draw,3,9,12,Away Win,1,2,Away Win
14/05/2025,N1,Utrecht,Sparta Rotterdam,1,1,GG,No,1,1,Draw,11,0,11,Home Win,1,0,Home Win
14/05/2025,N1,Willem II,Zwolle,1,2,GG,Yes,0,1,Away Win,3,8,11,Away Win,2,2,Draw
18/05/2025,N1,Ajax,Twente,2,0,NG,No,1,0,Home Win,4,6,10,Away Win,0,2,Away Win
18/05/2025,N1,AZ Alkmaar,Almere City,1,1,GG,No,0,1,Away Win,4,4,8,Draw,0,1,Away Win
18/05/2025,N1,For Sittard,Utrecht,0,0,NG,No,0,0,Draw,9,3,12,Home Win,2,0,Home Win
18/05/2025,N1,Heerenveen,Feyenoord,2,0,NG,No,2,0,Home Win,2,3,5,Away Win,0,1,Away Win
18/05/2025,N1,Heracles,Nijmegen,1,2,GG,Yes,0,0,Draw,9,5,14,Home Win,0,1,Away Win
18/05/2025,N1,NAC Breda,Willem II,1,1,GG,No,1,1,Draw,4,4,8,Draw,2,0,Home Win
18/05/2025,N1,Sparta Rotterdam,PSV Eindhoven,1,3,GG,Yes,0,1,Away Win,0,9,9,Away Win,1,2,Away Win
18/05/2025,N1,Waalwijk,Go Ahead Eagles,5,3,GG,Yes,1,1,Draw,4,11,15,Away Win,1,1,Draw
18/05/2025,N1,Zwolle,Groningen,2,0,NG,No,1,0,Home Win,4,1,5,Home Win,2,0,Home Win
,N1,,,,,NG,No,,,Draw,,,0,Draw,,,Draw
,N1,,,,,NG,No,,,Draw,,,0,Draw,,,Draw
,N1,,,,,NG,No,,,Draw,,,0,Draw,,,Draw
,N1,,,,,NG,No,,,Draw,,,0,Draw,,,Draw
,N1,,,,,NG,No,,,Draw,,,0,Draw,,,Draw
,N1,,,,,NG,No,,,Draw,,,0,Draw,,,Draw
,N1,,,,,NG,No,,,Draw,,,0,Draw,,,Draw
,N1,,,,,NG,No,,,Draw,,,0,Draw,,,Draw
,N1,,,,,NG,No,,,Draw,,,0,Draw,,,Draw
,N1,,,,,NG,No,,,Draw,,,0,Draw,,,Draw
,N1,,,,,NG,No,,,Draw,,,0,Draw,,,Draw
,N1,,,,,NG,No,,,Draw,,,0,Draw,,,Draw
,N1,,,,,NG,No,,,Draw,,,0,Draw,,,Draw
,N1,,,,,NG,No,,,Draw,,,0,Draw,,,Draw
,N1,,,,,NG,No,,,Draw,,,0,Draw,,,Draw
,N1,,,,,NG,No,,,Draw,,,0,Draw,,,Draw
,N1,,,,,NG,No,,,Draw,,,0,Draw,,,Draw
,N1,,,,,NG,No,,,Draw,,,0,Draw,,,Draw
,N1,,,,,NG,No,,,Draw,,,0,Draw,,,Draw
,N1,,,,,NG,No,,,Draw,,,0,Draw,,,Draw
,N1,,,,,NG,No,,,Draw,,,0,Draw,,,Draw
,N1,,,,,NG,No,,,Draw,,,0,Draw,,,Draw
,N1,,,,,NG,No,,,Draw,,,0,Draw,,,Draw
,N1,,,,,NG,No,,,Draw,,,0,Draw,,,Draw
,N1,,,,,NG,No,,,Draw,,,0,Draw,,,Draw
,N1,,,,,NG,No,,,Draw,,,0,Draw,,,Draw
,N1,,,,,NG,No,,,Draw,,,0,Draw,,,Draw
,N1,,,,,NG,No,,,Draw,,,0,Draw,,,Draw
,N1,,,,,NG,No,,,Draw,,,0,Draw,,,Draw
,N1,,,,,NG,No,,,Draw,,,0,Draw,,,Draw
,N1,,,,,NG,No,,,Draw,,,0,Draw,,,Draw
,N1,,,,,NG,No,,,Draw,,,0,Draw,,,Draw
,N1,,,,,NG,No,,,Draw,,,0,Draw,,,Draw
,N1,,,,,NG,No,,,Draw,,,0,Draw,,,Draw
,N1,,,,,NG,No,,,Draw,,,0,Draw,,,Draw
,N1,,,,,NG,No,,,Draw,,,0,Draw,,,Draw
,N1,,,,,NG,No,,,Draw,,,0,Draw,,,Draw
,N1,,,,,NG,No,,,Draw,,,0,Draw,,,Draw
,N1,,,,,NG,No,,,Draw,,,0,Draw,,,Draw
,N1,,,,,NG,No,,,Draw,,,0,Draw,,,Draw
,N1,,,,,NG,No,,,Draw,,,0,Draw,,,Draw
,N1,,,,,NG,No,,,Draw,,,0,Draw,,,Draw
,N1,,,,,NG,No,,,Draw,,,0,Draw,,,Draw
,N1,,,,,NG,No,,,Draw,,,0,Draw,,,Draw
,N1,,,,,NG,No,,,Draw,,,0,Draw,,,Draw
,N1,,,,,NG,No,,,Draw,,,0,Draw,,,Draw
,N1,,,,,NG,No,,,Draw,,,0,Draw,,,Draw
,N1,,,,,NG,No,,,Draw,,,0,Draw,,,Draw
,N1,,,,,NG,No,,,Draw,,,0,Draw,,,Draw
,N1,,,,,NG,No,,,Draw,,,0,Draw,,,Draw
,N1,,,,,NG,No,,,Draw,,,0,Draw,,,Draw
,N1,,,,,NG,No,,,Draw,,,0,Draw,,,Draw
,N1,,,,,NG,No,,,Draw,,,0,Draw,,,Draw
,N1,,,,,NG,No,,,Draw,,,0,Draw,,,Draw
,N1,,,,,NG,No,,,Draw,,,0,Draw,,,Draw
,N1,,,,,NG,No,,,Draw,,,0,Draw,,,Draw
,N1,,,,,NG,No,,,Draw,,,0,Draw,,,Draw
,N1,,,,,NG,No,,,Draw,,,0,Draw,,,Draw
,N1,,,,,NG,No,,,Draw,,,0,Draw,,,Draw
,N1,,,,,NG,No,,,Draw,,,0,Draw,,,Draw
,N1,,,,,NG,No,,,Draw,,,0,Draw,,,Draw
,N1,,,,,NG,No,,,Draw,,,0,Draw,,,Draw
,N1,,,,,NG,No,,,Draw,,,0,Draw,,,Draw
,N1,,,,,NG,No,,,Draw,,,0,Draw,,,Draw
,N1,,,,,NG,No,,,Draw,,,0,Draw,,,Draw
,N1,,,,,NG,No,,,Draw,,,0,Draw,,,Draw
,N1,,,,,NG,No,,,Draw,,,0,Draw,,,Draw
,N1,,,,,NG,No,,,Draw,,,0,Draw,,,Draw
,N1,,,,,NG,No,,,Draw,,,0,Draw,,,Draw
,N1,,,,,NG,No,,,Draw,,,0,Draw,,,Draw
,N1,,,,,NG,No,,,Draw,,,0,Draw,,,Draw
,N1,,,,,NG,No,,,Draw,,,0,Draw,,,Draw
,N1,,,,,NG,No,,,Draw,,,0,Draw,,,Draw
,N1,,,,,NG,No,,,Draw,,,0,Draw,,,Draw
,N1,,,,,NG,No,,,Draw,,,0,Draw,,,Draw
,N1,,,,,NG,No,,,Draw,,,0,Draw,,,Draw
,N1,,,,,NG,No,,,Draw,,,0,Draw,,,Draw
,N1,,,,,NG,No,,,Draw,,,0,Draw,,,Draw
,N1,,,,,NG,No,,,Draw,,,0,Draw,,,Draw
,N1,,,,,NG,No,,,Draw,,,0,Draw,,,Draw
,N1,,,,,NG,No,,,Draw,,,0,Draw,,,Draw
,N1,,,,,NG,No,,,Draw,,,0,Draw,,,Draw
,N1,,,,,NG,No,,,Draw,,,0,Draw,,,Draw
,N1,,,,,NG,No,,,Draw,,,0,Draw,,,Draw
,N1,,,,,NG,No,,,Draw,,,0,Draw,,,Draw
,N1,,,,,NG,No,,,Draw,,,0,Draw,,,Draw
,N1,,,,,NG,No,,,Draw,,,0,Draw,,,Draw
,N1,,,,,NG,No,,,Draw,,,0,Draw,,,Draw
,N1,,,,,NG,No,,,Draw,,,0,Draw,,,Draw
,N1,,,,,NG,No,,,Draw,,,0,Draw,,,Draw
,N1,,,,,NG,No,,,Draw,,,0,Draw,,,Draw
,N1,,,,,NG,No,,,Draw,,,0,Draw,,,Draw
,N1,,,,,NG,No,,,Draw,,,0,Draw,,,Draw
,N1,,,,,NG,No,,,Draw,,,0,Draw,,,Draw
,N1,,,,,NG,No,,,Draw,,,0,Draw,,,Draw
,N1,,,,,NG,No,,,Draw,,,0,Draw,,,Draw
,N1,,,,,NG,No,,,Draw,,,0,Draw,,,Draw
,N1,,,,,NG,No,,,Draw,,,0,Draw,,,Draw
,N1,,,,,NG,No,,,Draw,,,0,Draw,,,Draw
,N1,,,,,NG,No,,,Draw,,,0,Draw,,,Draw
,N1,,,,,NG,No,,,Draw,,,0,Draw,,,Draw
,N1,,,,,NG,No,,,Draw,,,0,Draw,,,Draw
,N1,,,,,NG,No,,,Draw,,,0,Draw,,,Draw
,N1,,,,,NG,No,,,Draw,,,0,Draw,,,Draw
,N1,,,,,NG,No,,,Draw,,,0,Draw,,,Draw
,N1,,,,,NG,No,,,Draw,,,0,Draw,,,Draw
,N1,,,,,NG,No,,,Draw,,,0,Draw,,,Draw
,N1,,,,,NG,No,,,Draw,,,0,Draw,,,Draw
,N1,,,,,NG,No,,,Draw,,,0,Draw,,,Draw
,N1,,,,,NG,No,,,Draw,,,0,Draw,,,Draw
,N1,,,,,NG,No,,,Draw,,,0,Draw,,,Draw
,N1,,,,,NG,No,,,Draw,,,0,Draw,,,Draw
,N1,,,,,NG,No,,,Draw,,,0,Draw,,,Draw
,N1,,,,,NG,No,,,Draw,,,0,Draw,,,Draw
,N1,,,,,NG,No,,,Draw,,,0,Draw,,,Draw
,N1,,,,,NG,No,,,Draw,,,0,Draw,,,Draw
,N1,,,,,NG,No,,,Draw,,,0,Draw,,,Draw
,N1,,,,,NG,No,,,Draw,,,0,Draw,,,Draw
,N1,,,,,NG,No,,,Draw,,,0,Draw,,,Draw
,N1,,,,,NG,No,,,Draw,,,0,Draw,,,Draw
,N1,,,,,NG,No,,,Draw,,,0,Draw,,,Draw
,N1,,,,,NG,No,,,Draw,,,0,Draw,,,Draw
,N1,,,,,NG,No,,,Draw,,,0,Draw,,,Draw
,N1,,,,,NG,No,,,Draw,,,0,Draw,,,Draw
,N1,,,,,NG,No,,,Draw,,,0,Draw,,,Draw
,N1,,,,,NG,No,,,Draw,,,0,Draw,,,Draw
,N1,,,,,NG,No,,,Draw,,,0,Draw,,,Draw
,N1,,,,,NG,No,,,Draw,,,0,Draw,,,Draw
,N1,,,,,NG,No,,,Draw,,,0,Draw,,,Draw
,N1,,,,,NG,No,,,Draw,,,0,Draw,,,Draw
,N1,,,,,NG,No,,,Draw,,,0,Draw,,,Draw
,N1,,,,,NG,No,,,Draw,,,0,Draw,,,Draw
,N1,,,,,NG,No,,,Draw,,,0,Draw,,,Draw
,N1,,,,,NG,No,,,Draw,,,0,Draw,,,Draw
,N1,,,,,NG,No,,,Draw,,,0,Draw,,,Draw
,N1,,,,,NG,No,,,Draw,,,0,Draw,,,Draw
,N1,,,,,NG,No,,,Draw,,,0,Draw,,,Draw
,N1,,,,,NG,No,,,Draw,,,0,Draw,,,Draw
,N1,,,,,NG,No,,,Draw,,,0,Draw,,,Draw
,N1,,,,,NG,No,,,Draw,,,0,Draw,,,Draw
,N1,,,,,NG,No,,,Draw,,,0,Draw,,,Draw
,N1,,,,,NG,No,,,Draw,,,0,Draw,,,Draw
,N1,,,,,NG,No,,,Draw,,,0,Draw,,,Draw
,N1,,,,,NG,No,,,Draw,,,0,Draw,,,Draw
,N1,,,,,NG,No,,,Draw,,,0,Draw,,,Draw
,N1,,,,,NG,No,,,Draw,,,0,Draw,,,Draw
,N1,,,,,NG,No,,,Draw,,,0,Draw,,,Draw
,N1,,,,,NG,No,,,Draw,,,0,Draw,,,Draw
,N1,,,,,NG,No,,,Draw,,,0,Draw,,,Draw
,N1,,,,,NG,No,,,Draw,,,0,Draw,,,Draw
,N1,,,,,NG,No,,,Draw,,,0,Draw,,,Draw
,N1,,,,,NG,No,,,Draw,,,0,Draw,,,Draw
,N1,,,,,NG,No,,,Draw,,,0,Draw,,,Draw
,N1,,,,,NG,No,,,Draw,,,0,Draw,,,Draw
,N1,,,,,NG,No,,,Draw,,,0,Draw,,,Draw
,N1,,,,,NG,No,,,Draw,,,0,Draw,,,Draw
,N1,,,,,NG,No,,,Draw,,,0,Draw,,,Draw
,N1,,,,,NG,No,,,Draw,,,0,Draw,,,Draw
,N1,,,,,NG,No,,,Draw,,,0,Draw,,,Draw
,N1,,,,,NG,No,,,Draw,,,0,Draw,,,Draw
,N1,,,,,NG,No,,,Draw,,,0,Draw,,,Draw
,N1,,,,,NG,No,,,Draw,,,0,Draw,,,Draw
,N1,,,,,NG,No,,,Draw,,,0,Draw,,,Draw
,N1,,,,,NG,No,,,Draw,,,0,Draw,,,Draw
,N1,,,,,NG,No,,,Draw,,,0,Draw,,,Draw
,N1,,,,,NG,No,,,Draw,,,0,Draw,,,Draw
,N1,,,,,NG,No,,,Draw,,,0,Draw,,,Draw
,N1,,,,,NG,No,,,Draw,,,0,Draw,,,Draw
,N1,,,,,NG,No,,,Draw,,,0,Draw,,,Draw
,N1,,,,,NG,No,,,Draw,,,0,Draw,,,Draw
,N1,,,,,NG,No,,,Draw,,,0,Draw,,,Draw
,N1,,,,,NG,No,,,Draw,,,0,Draw,,,Draw
,N1,,,,,NG,No,,,Draw,,,0,Draw,,,Draw
,N1,,,,,NG,No,,,Draw,,,0,Draw,,,Draw
,N1,,,,,NG,No,,,Draw,,,0,Draw,,,Draw
,N1,,,,,NG,No,,,Draw,,,0,Draw,,,Draw
,N1,,,,,NG,No,,,Draw,,,0,Draw,,,Draw
,N1,,,,,NG,No,,,Draw,,,0,Draw,,,Draw
,N1,,,,,NG,No,,,Draw,,,0,Draw,,,Draw
,N1,,,,,NG,No,,,Draw,,,0,Draw,,,Draw
,N1,,,,,NG,No,,,Draw,,,0,Draw,,,Draw
,N1,,,,,NG,No,,,Draw,,,0,Draw,,,Draw
,N1,,,,,NG,No,,,Draw,,,0,Draw,,,Draw
,N1,,,,,NG,No,,,Draw,,,0,Draw,,,Draw
,N1,,,,,NG,No,,,Draw,,,0,Draw,,,Draw
,N1,,,,,NG,No,,,Draw,,,0,Draw,,,Draw
,N1,,,,,NG,No,,,Draw,,,0,Draw,,,Draw
,N1,,,,,NG,No,,,Draw,,,0,Draw,,,Draw
,N1,,,,,NG,No,,,Draw,,,0,Draw,,,Draw
,N1,,,,,NG,No,,,Draw,,,0,Draw,,,Draw
,N1,,,,,NG,No,,,Draw,,,0,Draw,,,Draw
,N1,,,,,NG,No,,,Draw,,,0,Draw,,,Draw
,N1,,,,,NG,No,,,Draw,,,0,Draw,,,Draw
,N1,,,,,NG,No,,,Draw,,,0,Draw,,,Draw
,N1,,,,,NG,No,,,Draw,,,0,Draw,,,Draw
,N1,,,,,NG,No,,,Draw,,,0,Draw,,,Draw
,N1,,,,,NG,No,,,Draw,,,0,Draw,,,Draw
,N1,,,,,NG,No,,,Draw,,,0,Draw,,,Draw
,N1,,,,,NG,No,,,Draw,,,0,Draw,,,Draw
,N1,,,,,NG,No,,,Draw,,,0,Draw,,,Draw
,N1,,,,,NG,No,,,Draw,,,0,Draw,,,Draw
,N1,,,,,NG,No,,,Draw,,,0,Draw,,,Draw
,N1,,,,,NG,No,,,Draw,,,0,Draw,,,Draw
,N1,,,,,NG,No,,,Draw,,,0,Draw,,,Draw
,N1,,,,,NG,No,,,Draw,,,0,Draw,,,Draw
,N1,,,,,NG,No,,,Draw,,,0,Draw,,,Draw
,N1,,,,,NG,No,,,Draw,,,0,Draw,,,Draw
,N1,,,,,NG,No,,,Draw,,,0,Draw,,,Draw
,N1,,,,,NG,No,,,Draw,,,0,Draw,,,Draw
,N1,,,,,NG,No,,,Draw,,,0,Draw,,,Draw
,N1,,,,,NG,No,,,Draw,,,0,Draw,,,Draw
,N1,,,,,NG,No,,,Draw,,,0,Draw,,,Draw
,N1,,,,,NG,No,,,Draw,,,0,Draw,,,Draw
,N1,,,,,NG,No,,,Draw,,,0,Draw,,,Draw
,N1,,,,,NG,No,,,Draw,,,0,Draw,,,Draw
,N1,,,,,NG,No,,,Draw,,,0,Draw,,,Draw
,N1,,,,,NG,No,,,Draw,,,0,Draw,,,Draw
,N1,,,,,NG,No,,,Draw,,,0,Draw,,,Draw
,N1,,,,,NG,No,,,Draw,,,0,Draw,,,Draw
,N1,,,,,NG,No,,,Draw,,,0,Draw,,,Draw
,N1,,,,,NG,No,,,Draw,,,0,Draw,,,Draw
,N1,,,,,NG,No,,,Draw,,,0,Draw,,,Draw
,N1,,,,,NG,No,,,Draw,,,0,Draw,,,Draw
,N1,,,,,NG,No,,,Draw,,,0,Draw,,,Draw
,N1,,,,,NG,No,,,Draw,,,0,Draw,,,Draw
,N1,,,,,NG,No,,,Draw,,,0,Draw,,,Draw
,N1,,,,,NG,No,,,Draw,,,0,Draw,,,Draw
,N1,,,,,NG,No,,,Draw,,,0,Draw,,,Draw
,N1,,,,,NG,No,,,Draw,,,0,Draw,,,Draw
,N1,,,,,NG,No,,,Draw,,,0,Draw,,,Draw
,N1,,,,,NG,No,,,Draw,,,0,Draw,,,Draw
,N1,,,,,NG,No,,,Draw,,,0,Draw,,,Draw
,N1,,,,,NG,No,,,Draw,,,0,Draw,,,Draw
,N1,,,,,NG,No,,,Draw,,,0,Draw,,,Draw
,N1,,,,,NG,No,,,Draw,,,0,Draw,,,Draw
,N1,,,,,NG,No,,,Draw,,,0,Draw,,,Draw
,N1,,,,,NG,No,,,Draw,,,0,Draw,,,Draw
,N1,,,,,NG,No,,,Draw,,,0,Draw,,,Draw
,N1,,,,,NG,No,,,Draw,,,0,Draw,,,Draw
,N1,,,,,NG,No,,,Draw,,,0,Draw,,,Draw
,N1,,,,,NG,No,,,Draw,,,0,Draw,,,Draw
,N1,,,,,NG,No,,,Draw,,,0,Draw,,,Draw
,N1,,,,,NG,No,,,Draw,,,0,Draw,,,Draw
,N1,,,,,NG,No,,,Draw,,,0,Draw,,,Draw
,N1,,,,,NG,No,,,Draw,,,0,Draw,,,Draw
,N1,,,,,NG,No,,,Draw,,,0,Draw,,,Draw
,N1,,,,,NG,No,,,Draw,,,0,Draw,,,Draw
,N1,,,,,NG,No,,,Draw,,,0,Draw,,,Draw
,N1,,,,,NG,No,,,Draw,,,0,Draw,,,Draw
,N1,,,,,NG,No,,,Draw,,,0,Draw,,,Draw
,N1,,,,,NG,No,,,Draw,,,0,Draw,,,Draw
,N1,,,,,NG,No,,,Draw,,,0,Draw,,,Draw
,N1,,,,,NG,No,,,Draw,,,0,Draw,,,Draw
,N1,,,,,NG,No,,,Draw,,,0,Draw,,,Draw
,N1,,,,,NG,No,,,Draw,,,0,Draw,,,Draw
,N1,,,,,NG,No,,,Draw,,,0,Draw,,,Draw
,N1,,,,,NG,No,,,Draw,,,0,Draw,,,Draw
,N1,,,,,NG,No,,,Draw,,,0,Draw,,,Draw
,N1,,,,,NG,No,,,Draw,,,0,Draw,,,Draw
,N1,,,,,NG,No,,,Draw,,,0,Draw,,,Draw
,N1,,,,,NG,No,,,Draw,,,0,Draw,,,Draw
,N1,,,,,NG,No,,,Draw,,,0,Draw,,,Draw
,N1,,,,,NG,No,,,Draw,,,0,Draw,,,Draw
,N1,,,,,NG,No,,,Draw,,,0,Draw,,,Draw
,N1,,,,,NG,No,,,Draw,,,0,Draw,,,Draw
,N1,,,,,NG,No,,,Draw,,,0,Draw,,,Draw
,N1,,,,,NG,No,,,Draw,,,0,Draw,,,Draw
,N1,,,,,NG,No,,,Draw,,,0,Draw,,,Draw
,N1,,,,,NG,No,,,Draw,,,0,Draw,,,Draw
,N1,,,,,NG,No,,,Draw,,,0,Draw,,,Draw
,N1,,,,,NG,No,,,Draw,,,0,Draw,,,Draw
,N1,,,,,NG,No,,,Draw,,,0,Draw,,,Draw
,N1,,,,,NG,No,,,Draw,,,0,Draw,,,Draw
,N1,,,,,NG,No,,,Draw,,,0,Draw,,,Draw
,N1,,,,,NG,No,,,Draw,,,0,Draw,,,Draw
,N1,,,,,NG,No,,,Draw,,,0,Draw,,,Draw
,N1,,,,,NG,No,,,Draw,,,0,Draw,,,Draw
,N1,,,,,NG,No,,,Draw,,,0,Draw,,,Draw
,N1,,,,,NG,No,,,Draw,,,0,Draw,,,Draw
,N1,,,,,NG,No,,,Draw,,,0,Draw,,,Draw
,N1,,,,,NG,No,,,Draw,,,0,Draw,,,Draw
,N1,,,,,NG,No,,,Draw,,,0,Draw,,,Draw
,N1,,,,,NG,No,,,Draw,,,0,Draw,,,Draw
,N1,,,,,NG,No,,,Draw,,,0,Draw,,,Draw
,N1,,,,,NG,No,,,Draw,,,0,Draw,,,Draw
,N1,,,,,NG,No,,,Draw,,,0,Draw,,,Draw
,N1,,,,,NG,No,,,Draw,,,0,Draw,,,Draw
,N1,,,,,NG,No,,,Draw,,,0,Draw,,,Draw
,N1,,,,,NG,No,,,Draw,,,0,Draw,,,Draw
,N1,,,,,NG,No,,,Draw,,,0,Draw,,,Draw
,N1,,,,,NG,No,,,Draw,,,0,Draw,,,Draw
,N1,,,,,NG,No,,,Draw,,,0,Draw,,,Draw
,N1,,,,,NG,No,,,Draw,,,0,Draw,,,Draw
,N1,,,,,NG,No,,,Draw,,,0,Draw,,,Draw
,N1,,,,,NG,No,,,Draw,,,0,Draw,,,Draw
,N1,,,,,NG,No,,,Draw,,,0,Draw,,,Draw
,,,,,,,,,,,,,,,,,Draw
,,,,,,,,,,,,,,,,,Draw
,,,,,,,,,,,,,,,,,Draw
,,,,,,,,,,,,,,,,,Draw
,,,,,,,,,,,,,,,,,Draw
,,,,,,,,,,,,,,,,,Draw
,,,,,,,,,,,,,,,,,Draw
,,,,,,,,,,,,,,,,,Draw
,,,,,,,,,,,,,,,,,Draw
,,,,,,,,,,,,,,,,,Draw
,,,,,,,,,,,,,,,,,Draw
,,,,,,,,,,,,,,,,,Draw
,,,,,,,,,,,,,,,,,Draw
,,,,,,,,,,,,,,,,,Draw
,,,,,,,,,,,,,,,,,Draw
,,,,,,,,,,,,,,,,,Draw
,,,,,,,,,,,,,,,,,Draw
,,,,,,,,,,,,,,,,,Draw
,,,,,,,,,,,,,,,,,Draw
,,,,,,,,,,,,,,,,,Draw
,,,,,,,,,,,,,,,,,Draw
,,,,,,,,,,,,,,,,,Draw
,,,,,,,,,,,,,,,,,Draw
,,,,,,,,,,,,,,,,,Draw
,,,,,,,,,,,,,,,,,Draw
,,,,,,,,,,,,,,,,,Draw
,,,,,,,,,,,,,,,,,Draw
,,,,,,,,,,,,,,,,,Draw
,,,,,,,,,,,,,,,,,Draw
,,,,,,,,,,,,,,,,,Draw
,,,,,,,,,,,,,,,,,Draw
,,,,,,,,,,,,,,,,,Draw
,,,,,,,,,,,,,,,,,Draw
,,,,,,,,,,,,,,,,,Draw
,,,,,,,,,,,,,,,,,Draw
,,,,,,,,,,,,,,,,,Draw
,,,,,,,,,,,,,,,,,Draw
,,,,,,,,,,,,,,,,,Draw
,,,,,,,,,,,,,,,,,Draw
,,,,,,,,,,,,,,,,,Draw
,,,,,,,,,,,,,,,,,Draw
,,,,,,,,,,,,,,,,,Draw
,,,,,,,,,,,,,,,,,Draw
,,,,,,,,,,,,,,,,,Draw
,,,,,,,,,,,,,,,,,Draw
,,,,,,,,,,,,,,,,,Draw
,,,,,,,,,,,,,,,,,Draw
,,,,,,,,,,,,,,,,,Draw
,,,,,,,,,,,,,,,,,Draw
,,,,,,,,,,,,,,,,,Draw
,,,,,,,,,,,,,,,,,Draw
,,,,,,,,,,,,,,,,,Draw
,,,,,,,,,,,,,,,,,Draw
,,,,,,,,,,,,,,,,,Draw
,,,,,,,,,,,,,,,,,Draw
,,,,,,,,,,,,,,,,,Draw
,,,,,,,,,,,,,,,,,Draw
,,,,,,,,,,,,,,,,,Draw
,,,,,,,,,,,,,,,,,Draw
,,,,,,,,,,,,,,,,,Draw
,,,,,,,,,,,,,,,,,Draw
,,,,,,,,,,,,,,,,,Draw
,,,,,,,,,,,,,,,,,Draw
,,,,,,,,,,,,,,,,,Draw
,,,,,,,,,,,,,,,,,Draw
,,,,,,,,,,,,,,,,,Draw
,,,,,,,,,,,,,,,,,Draw
,,,,,,,,,,,,,,,,,Draw
,,,,,,,,,,,,,,,,,Draw
,,,,,,,,,,,,,,,,,Draw
,,,,,,,,,,,,,,,,,Draw
,,,,,,,,,,,,,,,,,Draw
,,,,,,,,,,,,,,,,,Draw
,,,,,,,,,,,,,,,,,Draw
,,,,,,,,,,,,,,,,,Draw
,,,,,,,,,,,,,,,,,Draw
,,,,,,,,,,,,,,,,,Draw
,,,,,,,,,,,,,,,,,Draw
,,,,,,,,,,,,,,,,,Draw
,,,,,,,,,,,,,,,,,Draw
,,,,,,,,,,,,,,,,,Draw
,,,,,,,,,,,,,,,,,Draw
,,,,,,,,,,,,,,,,,Draw
,,,,,,,,,,,,,,,,,Draw
,,,,,,,,,,,,,,,,,Draw
,,,,,,,,,,,,,,,,,Draw
,,,,,,,,,,,,,,,,,Draw
,,,,,,,,,,,,,,,,,Draw
,,,,,,,,,,,,,,,,,Draw
,,,,,,,,,,,,,,,,,Draw
,,,,,,,,,,,,,,,,,Draw
,,,,,,,,,,,,,,,,,Draw
,,,,,,,,,,,,,,,,,Draw
,,,,,,,,,,,,,,,,,Draw
,,,,,,,,,,,,,,,,,Draw
,,,,,,,,,,,,,,,,,Draw
,,,,,,,,,,,,,,,,,Draw
,,,,,,,,,,,,,,,,,Draw
,,,,,,,,,,,,,,,,,Draw
,,,,,,,,,,,,,,,,,Draw
,,,,,,,,,,,,,,,,,Draw
,,,,,,,,,,,,,,,,,Draw
,,,,,,,,,,,,,,,,,Draw
,,,,,,,,,,,,,,,,,Draw
,,,,,,,,,,,,,,,,,Draw
,,,,,,,,,,,,,,,,,Draw
,,,,,,,,,,,,,,,,,Draw
,,,,,,,,,,,,,,,,,Draw
,,,,,,,,,,,,,,,,,Draw
,,,,,,,,,,,,,,,,,Draw
,,,,,,,,,,,,,,,,,Draw
,,,,,,,,,,,,,,,,,Draw
,,,,,,,,,,,,,,,,,Draw
,,,,,,,,,,,,,,,,,Draw
,,,,,,,,,,,,,,,,,Draw
,,,,,,,,,,,,,,,,,Draw
,,,,,,,,,,,,,,,,,Draw
,,,,,,,,,,,,,,,,,Draw
,,,,,,,,,,,,,,,,,Draw
,,,,,,,,,,,,,,,,,Draw
,,,,,,,,,,,,,,,,,Draw
,,,,,,,,,,,,,,,,,Draw
,,,,,,,,,,,,,,,,,Draw
,,,,,,,,,,,,,,,,,Draw
,,,,,,,,,,,,,,,,,Draw
,,,,,,,,,,,,,,,,,Draw
,,,,,,,,,,,,,,,,,Draw
,,,,,,,,,,,,,,,,,Draw
,,,,,,,,,,,,,,,,,Draw
,,,,,,,,,,,,,,,,,Draw
,,,,,,,,,,,,,,,,,Draw
,,,,,,,,,,,,,,,,,Draw
,,,,,,,,,,,,,,,,,Draw
,,,,,,,,,,,,,,,,,Draw
,,,,,,,,,,,,,,,,,Draw
,,,,,,,,,,,,,,,,,Draw
,,,,,,,,,,,,,,,,,Draw
,,,,,,,,,,,,,,,,,Draw
,,,,,,,,,,,,,,,,,Draw
,,,,,,,,,,,,,,,,,Draw
,,,,,,,,,,,,,,,,,Draw
,,,,,,,,,,,,,,,,,Draw
,,,,,,,,,,,,,,,,,Draw
,,,,,,,,,,,,,,,,,Draw
,,,,,,,,,,,,,,,,,Draw
,,,,,,,,,,,,,,,,,Draw
,,,,,,,,,,,,,,,,,Draw
,,,,,,,,,,,,,,,,,Draw
,,,,,,,,,,,,,,,,,Draw
,,,,,,,,,,,,,,,,,Draw
,,,,,,,,,,,,,,,,,Draw
,,,,,,,,,,,,,,,,,Draw
,,,,,,,,,,,,,,,,,Draw
,,,,,,,,,,,,,,,,,Draw
,,,,,,,,,,,,,,,,,Draw
,,,,,,,,,,,,,,,,,Draw
,,,,,,,,,,,,,,,,,Draw
,,,,,,,,,,,,,,,,,Draw
,,,,,,,,,,,,,,,,,Draw
,,,,,,,,,,,,,,,,,Draw
,,,,,,,,,,,,,,,,,Draw
,,,,,,,,,,,,,,,,,Draw
,,,,,,,,,,,,,,,,,Draw
,,,,,,,,,,,,,,,,,Draw
,,,,,,,,,,,,,,,,,Draw
,,,,,,,,,,,,,,,,,Draw
,,,,,,,,,,,,,,,,,Draw
,,,,,,,,,,,,,,,,,Draw
,,,,,,,,,,,,,,,,,Draw
,,,,,,,,,,,,,,,,,Draw
,,,,,,,,,,,,,,,,,Draw
,,,,,,,,,,,,,,,,,Draw
,,,,,,,,,,,,,,,,,Draw
,,,,,,,,,,,,,,,,,Draw
,,,,,,,,,,,,,,,,,Draw
,,,,,,,,,,,,,,,,,Draw
,,,,,,,,,,,,,,,,,Draw
,,,,,,,,,,,,,,,,,Draw
,,,,,,,,,,,,,,,,,Draw
,,,,,,,,,,,,,,,,,Draw
,,,,,,,,,,,,,,,,,Draw
,,,,,,,,,,,,,,,,,Draw
,,,,,,,,,,,,,,,,,Draw
,,,,,,,,,,,,,,,,,Draw
,,,,,,,,,,,,,,,,,Draw
,,,,,,,,,,,,,,,,,Draw
,,,,,,,,,,,,,,,,,Draw
,,,,,,,,,,,,,,,,,Draw
,,,,,,,,,,,,,,,,,Draw
,,,,,,,,,,,,,,,,,Draw
,,,,,,,,,,,,,,,,,Draw
,,,,,,,,,,,,,,,,,Draw
,,,,,,,,,,,,,,,,,Draw
,,,,,,,,,,,,,,,,,Draw
,,,,,,,,,,,,,,,,,Draw
,,,,,,,,,,,,,,,,,Draw
,,,,,,,,,,,,,,,,,Draw
,,,,,,,,,,,,,,,,,Draw
,,,,,,,,,,,,,,,,,Draw
,,,,,,,,,,,,,,,,,Draw
,,,,,,,,,,,,,,,,,Draw
,,,,,,,,,,,,,,,,,Draw
,,,,,,,,,,,,,,,,,Draw
,,,,,,,,,,,,,,,,,Draw
,,,,,,,,,,,,,,,,,Draw
,,,,,,,,,,,,,,,,,Draw
,,,,,,,,,,,,,,,,,Draw
,,,,,,,,,,,,,,,,,Draw
,,,,,,,,,,,,,,,,,Draw
,,,,,,,,,,,,,,,,,Draw
,,,,,,,,,,,,,,,,,Draw
,,,,,,,,,,,,,,,,,Draw
,,,,,,,,,,,,,,,,,Draw
,,,,,,,,,,,,,,,,,Draw
,,,,,,,,,,,,,,,,,Draw
,,,,,,,,,,,,,,,,,Draw
,,,,,,,,,,,,,,,,,Draw
,,,,,,,,,,,,,,,,,Draw
,,,,,,,,,,,,,,,,,Draw
,,,,,,,,,,,,,,,,,Draw
,,,,,,,,,,,,,,,,,Draw
,,,,,,,,,,,,,,,,,Draw
,,,,,,,,,,,,,,,,,Draw
,,,,,,,,,,,,,,,,,Draw
,,,,,,,,,,,,,,,,,Draw
,,,,,,,,,,,,,,,,,Draw
,,,,,,,,,,,,,,,,,Draw
,,,,,,,,,,,,,,,,,Draw
,,,,,,,,,,,,,,,,,Draw
,,,,,,,,,,,,,,,,,Draw
,,,,,,,,,,,,,,,,,Draw
,,,,,,,,,,,,,,,,,Draw
,,,,,,,,,,,,,,,,,Draw
,,,,,,,,,,,,,,,,,Draw
,,,,,,,,,,,,,,,,,Draw
,,,,,,,,,,,,,,,,,Draw
,,,,,,,,,,,,,,,,,Draw
,,,,,,,,,,,,,,,,,Draw
,,,,,,,,,,,,,,,,,Draw
,,,,,,,,,,,,,,,,,Draw
,,,,,,,,,,,,,,,,,Draw
,,,,,,,,,,,,,,,,,Draw
,,,,,,,,,,,,,,,,,Draw
,,,,,,,,,,,,,,,,,Draw
,,,,,,,,,,,,,,,,,Draw
,,,,,,,,,,,,,,,,,Draw
,,,,,,,,,,,,,,,,,Draw
,,,,,,,,,,,,,,,,,Draw
,,,,,,,,,,,,,,,,,Draw
,,,,,,,,,,,,,,,,,Draw
,,,,,,,,,,,,,,,,,Draw
,,,,,,,,,,,,,,,,,Draw
,,,,,,,,,,,,,,,,,Draw
,,,,,,,,,,,,,,,,,Draw
,,,,,,,,,,,,,,,,,Draw
,,,,,,,,,,,,,,,,,Draw
,,,,,,,,,,,,,,,,,Draw
,,,,,,,,,,,,,,,,,Draw
,,,,,,,,,,,,,,,,,Draw
,,,,,,,,,,,,,,,,,Draw
,,,,,,,,,,,,,,,,,Draw
,,,,,,,,,,,,,,,,,Draw
,,,,,,,,,,,,,,,,,Draw
,,,,,,,,,,,,,,,,,Draw
,,,,,,,,,,,,,,,,,Draw
,,,,,,,,,,,,,,,,,Draw
,,,,,,,,,,,,,,,,,Draw
,,,,,,,,,,,,,,,,,Draw
,,,,,,,,,,,,,,,,,Draw
,,,,,,,,,,,,,,,,,Draw
,,,,,,,,,,,,,,,,,Draw
,,,,,,,,,,,,,,,,,Draw
,,,,,,,,,,,,,,,,,Draw
,,,,,,,,,,,,,,,,,Draw
,,,,,,,,,,,,,,,,,Draw
,,,,,,,,,,,,,,,,,Draw
,,,,,,,,,,,,,,,,,Draw
,,,,,,,,,,,,,,,,,Draw
,,,,,,,,,,,,,,,,,Draw
,,,,,,,,,,,,,,,,,Draw
,,,,,,,,,,,,,,,,,Draw
,,,,,,,,,,,,,,,,,Draw
,,,,,,,,,,,,,,,,,Draw
,,,,,,,,,,,,,,,,,Draw
,,,,,,,,,,,,,,,,,Draw
,,,,,,,,,,,,,,,,,Draw
,,,,,,,,,,,,,,,,,Draw
,,,,,,,,,,,,,,,,,Draw
,,,,,,,,,,,,,,,,,Draw
,,,,,,,,,,,,,,,,,Draw
,,,,,,,,,,,,,,,,,Draw
,,,,,,,,,,,,,,,,,Draw
,,,,,,,,,,,,,,,,,Draw
,,,,,,,,,,,,,,,,,Draw
,,,,,,,,,,,,,,,,,Draw
,,,,,,,,,,,,,,,,,Draw
,,,,,,,,,,,,,,,,,Draw
,,,,,,,,,,,,,,,,,Draw
,,,,,,,,,,,,,,,,,Draw
,,,,,,,,,,,,,,,,,Draw
,,,,,,,,,,,,,,,,,Draw
,,,,,,,,,,,,,,,,,Draw
,,,,,,,,,,,,,,,,,Draw
,,,,,,,,,,,,,,,,,Draw
,,,,,,,,,,,,,,,,,Draw
,,,,,,,,,,,,,,,,,Draw
,,,,,,,,,,,,,,,,,Draw
,,,,,,,,,,,,,,,,,Draw
,,,,,,,,,,,,,,,,,Draw
,,,,,,,,,,,,,,,,,Draw
,,,,,,,,,,,,,,,,,Draw
,,,,,,,,,,,,,,,,,Draw
,,,,,,,,,,,,,,,,,Draw
,,,,,,,,,,,,,,,,,Draw
,,,,,,,,,,,,,,,,,Draw
,,,,,,,,,,,,,,,,,Draw
,,,,,,,,,,,,,,,,,Draw
,,,,,,,,,,,,,,,,,Draw
,,,,,,,,,,,,,,,,,Draw
,,,,,,,,,,,,,,,,,Draw
,,,,,,,,,,,,,,,,,Draw
,,,,,,,,,,,,,,,,,Draw
,,,,,,,,,,,,,,,,,Draw
,,,,,,,,,,,,,,,,,Draw
,,,,,,,,,,,,,,,,,Draw
,,,,,,,,,,,,,,,,,Draw
,,,,,,,,,,,,,,,,,Draw
,,,,,,,,,,,,,,,,,Draw
,,,,,,,,,,,,,,,,,Draw
,,,,,,,,,,,,,,,,,Draw
,,,,,,,,,,,,,,,,,Draw
,,,,,,,,,,,,,,,,,Draw
,,,,,,,,,,,,,,,,,Draw
,,,,,,,,,,,,,,,,,Draw
,,,,,,,,,,,,,,,,,Draw
,,,,,,,,,,,,,,,,,Draw
,,,,,,,,,,,,,,,,,Draw
,,,,,,,,,,,,,,,,,Draw
,,,,,,,,,,,,,,,,,Draw
,,,,,,,,,,,,,,,,,Draw
,,,,,,,,,,,,,,,,,Draw
,,,,,,,,,,,,,,,,,Draw
,,,,,,,,,,,,,,,,,Draw
,,,,,,,,,,,,,,,,,Draw
,,,,,,,,,,,,,,,,,Draw
,,,,,,,,,,,,,,,,,Draw
,,,,,,,,,,,,,,,,,Draw
,,,,,,,,,,,,,,,,,Draw
,,,,,,,,,,,,,,,,,Draw
,,,,,,,,,,,,,,,,,Draw
,,,,,,,,,,,,,,,,,Draw
,,,,,,,,,,,,,,,,,Draw
,,,,,,,,,,,,,,,,,Draw
,,,,,,,,,,,,,,,,,Draw
,,,,,,,,,,,,,,,,,Draw
,,,,,,,,,,,,,,,,,Draw
,,,,,,,,,,,,,,,,,Draw
,,,,,,,,,,,,,,,,,Draw
,,,,,,,,,,,,,,,,,Draw
,,,,,,,,,,,,,,,,,Draw
,,,,,,,,,,,,,,,,,Draw
,,,,,,,,,,,,,,,,,Draw
,,,,,,,,,,,,,,,,,Draw
,,,,,,,,,,,,,,,,,Draw
,,,,,,,,,,,,,,,,,Draw
,,,,,,,,,,,,,,,,,Draw
,,,,,,,,,,,,,,,,,Draw
,,,,,,,,,,,,,,,,,Draw
,,,,,,,,,,,,,,,,,Draw
,,,,,,,,,,,,,,,,,Draw
,,,,,,,,,,,,,,,,,Draw
,,,,,,,,,,,,,,,,,Draw
,,,,,,,,,,,,,,,,,Draw
,,,,,,,,,,,,,,,,,Draw
,,,,,,,,,,,,,,,,,Draw
,,,,,,,,,,,,,,,,,Draw
,,,,,,,,,,,,,,,,,Draw
,,,,,,,,,,,,,,,,,Draw
,,,,,,,,,,,,,,,,,Draw
,,,,,,,,,,,,,,,,,Draw
,,,,,,,,,,,,,,,,,Draw
,,,,,,,,,,,,,,,,,Draw
,,,,,,,,,,,,,,,,,Draw
,,,,,,,,,,,,,,,,,Draw
,,,,,,,,,,,,,,,,,Draw
,,,,,,,,,,,,,,,,,Draw
,,,,,,,,,,,,,,,,,Draw
,,,,,,,,,,,,,,,,,Draw
,,,,,,,,,,,,,,,,,Draw
,,,,,,,,,,,,,,,,,Draw
,,,,,,,,,,,,,,,,,Draw
,,,,,,,,,,,,,,,,,Draw
,,,,,,,,,,,,,,,,,Draw
,,,,,,,,,,,,,,,,,Draw
,,,,,,,,,,,,,,,,,Draw
,,,,,,,,,,,,,,,,,Draw
,,,,,,,,,,,,,,,,,Draw
,,,,,,,,,,,,,,,,,Draw
,,,,,,,,,,,,,,,,,Draw
,,,,,,,,,,,,,,,,,Draw
,,,,,,,,,,,,,,,,,Draw
,,,,,,,,,,,,,,,,,Draw
,,,,,,,,,,,,,,,,,Draw
,,,,,,,,,,,,,,,,,Draw
,,,,,,,,,,,,,,,,,Draw
,,,,,,,,,,,,,,,,,Draw
,,,,,,,,,,,,,,,,,Draw
,,,,,,,,,,,,,,,,,Draw
,,,,,,,,,,,,,,,,,Draw
,,,,,,,,,,,,,,,,,Draw
,,,,,,,,,,,,,,,,,Draw
,,,,,,,,,,,,,,,,,Draw
,,,,,,,,,,,,,,,,,Draw
,,,,,,,,,,,,,,,,,Draw
,,,,,,,,,,,,,,,,,Draw
,,,,,,,,,,,,,,,,,Draw
,,,,,,,,,,,,,,,,,Draw
,,,,,,,,,,,,,,,,,Draw
,,,,,,,,,,,,,,,,,Draw
,,,,,,,,,,,,,,,,,Draw
,,,,,,,,,,,,,,,,,Draw
,,,,,,,,,,,,,,,,,Draw
,,,,,,,,,,,,,,,,,Draw
,,,,,,,,,,,,,,,,,Draw
,,,,,,,,,,,,,,,,,Draw
,,,,,,,,,,,,,,,,,Draw
,,,,,,,,,,,,,,,,,Draw
,,,,,,,,,,,,,,,,,Draw
,,,,,,,,,,,,,,,,,Draw
,,,,,,,,,,,,,,,,,Draw
,,,,,,,,,,,,,,,,,Draw
,,,,,,,,,,,,,,,,,Draw
,,,,,,,,,,,,,,,,,Draw
,,,,,,,,,,,,,,,,,Draw
,,,,,,,,,,,,,,,,,Draw
,,,,,,,,,,,,,,,,,Draw
,,,,,,,,,,,,,,,,,Draw
,,,,,,,,,,,,,,,,,Draw
,,,,,,,,,,,,,,,,,Draw
,,,,,,,,,,,,,,,,,Draw
,,,,,,,,,,,,,,,,,Draw
,,,,,,,,,,,,,,,,,Draw
,,,,,,,,,,,,,,,,,Draw
,,,,,,,,,,,,,,,,,Draw
,,,,,,,,,,,,,,,,,Draw
,,,,,,,,,,,,,,,,,Draw
,,,,,,,,,,,,,,,,,Draw
,,,,,,,,,,,,,,,,,Draw
,,,,,,,,,,,,,,,,,Draw
,,,,,,,,,,,,,,,,,Draw
,,,,,,,,,,,,,,,,,Draw
,,,,,,,,,,,,,,,,,Draw
,,,,,,,,,,,,,,,,,Draw
,,,,,,,,,,,,,,,,,Draw
,,,,,,,,,,,,,,,,,Draw
,,,,,,,,,,,,,,,,,Draw
,,,,,,,,,,,,,,,,,Draw
,,,,,,,,,,,,,,,,,Draw
,,,,,,,,,,,,,,,,,Draw
,,,,,,,,,,,,,,,,,Draw
,,,,,,,,,,,,,,,,,Draw
,,,,,,,,,,,,,,,,,Draw
,,,,,,,,,,,,,,,,,Draw
,,,,,,,,,,,,,,,,,Draw
,,,,,,,,,,,,,,,,,Draw
,,,,,,,,,,,,,,,,,Draw
,,,,,,,,,,,,,,,,,Draw
,,,,,,,,,,,,,,,,,Draw
,,,,,,,,,,,,,,,,,Draw
,,,,,,,,,,,,,,,,,Draw
,,,,,,,,,,,,,,,,,Draw
,,,,,,,,,,,,,,,,,Draw
,,,,,,,,,,,,,,,,,Draw
,,,,,,,,,,,,,,,,,Draw
,,,,,,,,,,,,,,,,,Draw
,,,,,,,,,,,,,,,,,Draw
,,,,,,,,,,,,,,,,,Draw
,,,,,,,,,,,,,,,,,Draw
,,,,,,,,,,,,,,,,,Draw
,,,,,,,,,,,,,,,,,Draw
,,,,,,,,,,,,,,,,,Draw
,,,,,,,,,,,,,,,,,Draw
,,,,,,,,,,,,,,,,,Draw
,,,,,,,,,,,,,,,,,Draw
,,,,,,,,,,,,,,,,,Draw
,,,,,,,,,,,,,,,,,Draw
,,,,,,,,,,,,,,,,,Draw
,,,,,,,,,,,,,,,,,Draw
,,,,,,,,,,,,,,,,,Draw
,,,,,,,,,,,,,,,,,Draw
,,,,,,,,,,,,,,,,,Draw
,,,,,,,,,,,,,,,,,Draw
,,,,,,,,,,,,,,,,,Draw
,,,,,,,,,,,,,,,,,Draw
,,,,,,,,,,,,,,,,,Draw
,,,,,,,,,,,,,,,,,Draw
,,,,,,,,,,,,,,,,,Draw
,,,,,,,,,,,,,,,,,Draw
,,,,,,,,,,,,,,,,,Draw
,,,,,,,,,,,,,,,,,Draw
,,,,,,,,,,,,,,,,,Draw
,,,,,,,,,,,,,,,,,Draw
,,,,,,,,,,,,,,,,,Draw
,,,,,,,,,,,,,,,,,Draw
,,,,,,,,,,,,,,,,,Draw
,,,,,,,,,,,,,,,,,Draw
,,,,,,,,,,,,,,,,,Draw
,,,,,,,,,,,,,,,,,Draw
,,,,,,,,,,,,,,,,,Draw
,,,,,,,,,,,,,,,,,Draw
,,,,,,,,,,,,,,,,,Draw
,,,,,,,,,,,,,,,,,Draw
,,,,,,,,,,,,,,,,,Draw
,,,,,,,,,,,,,,,,,Draw
,,,,,,,,,,,,,,,,,Draw
,,,,,,,,,,,,,,,,,Draw
,,,,,,,,,,,,,,,,,Draw
,,,,,,,,,,,,,,,,,Draw
,,,,,,,,,,,,,,,,,Draw
,,,,,,,,,,,,,,,,,Draw
,,,,,,,,,,,,,,,,,Draw
,,,,,,,,,,,,,,,,,Draw
,,,,,,,,,,,,,,,,,Draw
,,,,,,,,,,,,,,,,,Draw
,,,,,,,,,,,,,,,,,Draw
,,,,,,,,,,,,,,,,,Draw
,,,,,,,,,,,,,,,,,Draw
,,,,,,,,,,,,,,,,,Draw
,,,,,,,,,,,,,,,,,Draw
,,,,,,,,,,,,,,,,,Draw
,,,,,,,,,,,,,,,,,Draw
,,,,,,,,,,,,,,,,,Draw
,,,,,,,,,,,,,,,,,Draw
,,,,,,,,,,,,,,,,,Draw
,,,,,,,,,,,,,,,,,Draw
,,,,,,,,,,,,,,,,,Draw
,,,,,,,,,,,,,,,,,Draw
,,,,,,,,,,,,,,,,,Draw
,,,,,,,,,,,,,,,,,Draw
,,,,,,,,,,,,,,,,,Draw
,,,,,,,,,,,,,,,,,Draw
,,,,,,,,,,,,,,,,,Draw
,,,,,,,,,,,,,,,,,Draw
,,,,,,,,,,,,,,,,,Draw
,,,,,,,,,,,,,,,,,Draw
,,,,,,,,,,,,,,,,,Draw
,,,,,,,,,,,,,,,,,Draw
,,,,,,,,,,,,,,,,,Draw
,,,,,,,,,,,,,,,,,Draw
,,,,,,,,,,,,,,,,,Draw
,,,,,,,,,,,,,,,,,Draw
,,,,,,,,,,,,,,,,,Draw
,,,,,,,,,,,,,,,,,Draw
,,,,,,,,,,,,,,,,,Draw
,,,,,,,,,,,,,,,,,Draw
,,,,,,,,,,,,,,,,,Draw
,,,,,,,,,,,,,,,,,Draw
,,,,,,,,,,,,,,,,,Draw
,,,,,,,,,,,,,,,,,Draw
,,,,,,,,,,,,,,,,,Draw
,,,,,,,,,,,,,,,,,Draw
,,,,,,,,,,,,,,,,,Draw
,,,,,,,,,,,,,,,,,Draw
,,,,,,,,,,,,,,,,,Draw
,,,,,,,,,,,,,,,,,Draw
,,,,,,,,,,,,,,,,,Draw
,,,,,,,,,,,,,,,,,Draw
,,,,,,,,,,,,,,,,,Draw
,,,,,,,,,,,,,,,,,Draw
,,,,,,,,,,,,,,,,,Draw
,,,,,,,,,,,,,,,,,Draw
,,,,,,,,,,,,,,,,,Draw
,,,,,,,,,,,,,,,,,Draw
,,,,,,,,,,,,,,,,,Draw
,,,,,,,,,,,,,,,,,Draw
,,,,,,,,,,,,,,,,,Draw
,,,,,,,,,,,,,,,,,Draw
,,,,,,,,,,,,,,,,,Draw
,,,,,,,,,,,,,,,,,Draw
,,,,,,,,,,,,,,,,,Draw
,,,,,,,,,,,,,,,,,Draw
,,,,,,,,,,,,,,,,,Draw
,,,,,,,,,,,,,,,,,Draw
,,,,,,,,,,,,,,,,,Draw
,,,,,,,,,,,,,,,,,Draw
,,,,,,,,,,,,,,,,,Draw
,,,,,,,,,,,,,,,,,Draw
,,,,,,,,,,,,,,,,,Draw
,,,,,,,,,,,,,,,,,Draw
,,,,,,,,,,,,,,,,,Draw
,,,,,,,,,,,,,,,,,Draw
,,,,,,,,,,,,,,,,,Draw
,,,,,,,,,,,,,,,,,Draw
,,,,,,,,,,,,,,,,,Draw
,,,,,,,,,,,,,,,,,Draw
,,,,,,,,,,,,,,,,,Draw
,,,,,,,,,,,,,,,,,Draw
,,,,,,,,,,,,,,,,,Draw
,,,,,,,,,,,,,,,,,Draw
,,,,,,,,,,,,,,,,,Draw
,,,,,,,,,,,,,,,,,Draw
,,,,,,,,,,,,,,,,,Draw
,,,,,,,,,,,,,,,,,Draw
,,,,,,,,,,,,,,,,,Draw
,,,,,,,,,,,,,,,,,Draw
,,,,,,,,,,,,,,,,,Draw
,,,,,,,,,,,,,,,,,Draw
,,,,,,,,,,,,,,,,,Draw
,,,,,,,,,,,,,,,,,Draw
,,,,,,,,,,,,,,,,,Draw
,,,,,,,,,,,,,,,,,Draw
,,,,,,,,,,,,,,,,,Draw
,,,,,,,,,,,,,,,,,Draw
,,,,,,,,,,,,,,,,,Draw
,,,,,,,,,,,,,,,,,Draw
,,,,,,,,,,,,,,,,,Draw
,,,,,,,,,,,,,,,,,Draw
,,,,,,,,,,,,,,,,,Draw
,,,,,,,,,,,,,,,,,Draw
,,,,,,,,,,,,,,,,,Draw
,,,,,,,,,,,,,,,,,Draw
,,,,,,,,,,,,,,,,,Draw
,,,,,,,,,,,,,,,,,Draw
,,,,,,,,,,,,,,,,,Draw
,,,,,,,,,,,,,,,,,Draw
,,,,,,,,,,,,,,,,,Draw
,,,,,,,,,,,,,,,,,Draw
,,,,,,,,,,,,,,,,,Draw
,,,,,,,,,,,,,,,,,Draw
,,,,,,,,,,,,,,,,,Draw
,,,,,,,,,,,,,,,,,Draw
,,,,,,,,,,,,,,,,,Draw
,,,,,,,,,,,,,,,,,Draw
,,,,,,,,,,,,,,,,,Draw
,,,,,,,,,,,,,,,,,Draw
,,,,,,,,,,,,,,,,,Draw
,,,,,,,,,,,,,,,,,Draw
,,,,,,,,,,,,,,,,,Draw
,,,,,,,,,,,,,,,,,Draw
,,,,,,,,,,,,,,,,,Draw
,,,,,,,,,,,,,,,,,Draw
,,,,,,,,,,,,,,,,,Draw
,,,,,,,,,,,,,,,,,Draw
,,,,,,,,,,,,,,,,,Draw
,,,,,,,,,,,,,,,,,Draw
,,,,,,,,,,,,,,,,,Draw
,,,,,,,,,,,,,,,,,Draw
,,,,,,,,,,,,,,,,,Draw
,,,,,,,,,,,,,,,,,Draw
,,,,,,,,,,,,,,,,,Draw
,,,,,,,,,,,,,,,,,Draw
,,,,,,,,,,,,,,,,,Draw
,,,,,,,,,,,,,,,,,Draw
,,,,,,,,,,,,,,,,,Draw
,,,,,,,,,,,,,,,,,Draw
,,,,,,,,,,,,,,,,,Draw
,,,,,,,,,,,,,,,,,Draw
,,,,,,,,,,,,,,,,,Draw
,,,,,,,,,,,,,,,,,Draw
,,,,,,,,,,,,,,,,,Draw
,,,,,,,,,,,,,,,,,Draw
,,,,,,,,,,,,,,,,,Draw
,,,,,,,,,,,,,,,,,Draw
,,,,,,,,,,,,,,,,,Draw
,,,,,,,,,,,,,,,,,Draw
,,,,,,,,,,,,,,,,,Draw
,,,,,,,,,,,,,,,,,Draw
,,,,,,,,,,,,,,,,,Draw
,,,,,,,,,,,,,,,,,Draw
,,,,,,,,,,,,,,,,,Draw
,,,,,,,,,,,,,,,,,Draw
,,,,,,,,,,,,,,,,,Draw
,,,,,,,,,,,,,,,,,Draw
,,,,,,,,,,,,,,,,,Draw
,,,,,,,,,,,,,,,,,Draw
,,,,,,,,,,,,,,,,,Draw
,,,,,,,,,,,,,,,,,Draw
,,,,,,,,,,,,,,,,,Draw
,,,,,,,,,,,,,,,,,Draw
,,,,,,,,,,,,,,,,,Draw
,,,,,,,,,,,,,,,,,Draw
,,,,,,,,,,,,,,,,,Draw
,,,,,,,,,,,,,,,,,Draw
,,,,,,,,,,,,,,,,,Draw
,,,,,,,,,,,,,,,,,Draw
,,,,,,,,,,,,,,,,,Draw
,,,,,,,,,,,,,,,,,Draw
,,,,,,,,,,,,,,,,,Draw
,,,,,,,,,,,,,,,,,Draw
,,,,,,,,,,,,,,,,,Draw
,,,,,,,,,,,,,,,,,Draw
,,,,,,,,,,,,,,,,,Draw
,,,,,,,,,,,,,,,,,Draw
,,,,,,,,,,,,,,,,,Draw
,,,,,,,,,,,,,,,,,Draw
,,,,,,,,,,,,,,,,,Draw
,,,,,,,,,,,,,,,,,Draw
,,,,,,,,,,,,,,,,,Draw
,,,,,,,,,,,,,,,,,Draw
,,,,,,,,,,,,,,,,,Draw
,,,,,,,,,,,,,,,,,Draw
,,,,,,,,,,,,,,,,,Draw
,,,,,,,,,,,,,,,,,Draw
,,,,,,,,,,,,,,,,,Draw
,,,,,,,,,,,,,,,,,Draw
,,,,,,,,,,,,,,,,,Draw
,,,,,,,,,,,,,,,,,Draw
,,,,,,,,,,,,,,,,,Draw
,,,,,,,,,,,,,,,,,Draw
,,,,,,,,,,,,,,,,,Draw
,,,,,,,,,,,,,,,,,Draw
,,,,,,,,,,,,,,,,,Draw
,,,,,,,,,,,,,,,,,Draw
,,,,,,,,,,,,,,,,,Draw
,,,,,,,,,,,,,,,,,Draw
,,,,,,,,,,,,,,,,,Draw
,,,,,,,,,,,,,,,,,Draw
,,,,,,,,,,,,,,,,,Draw
,,,,,,,,,,,,,,,,,Draw
,,,,,,,,,,,,,,,,,Draw
,,,,,,,,,,,,,,,,,Draw
,,,,,,,,,,,,,,,,,Draw
,,,,,,,,,,,,,,,,,Draw
,,,,,,,,,,,,,,,,,Draw
,,,,,,,,,,,,,,,,,Draw
,,,,,,,,,,,,,,,,,Draw
,,,,,,,,,,,,,,,,,Draw
,,,,,,,,,,,,,,,,,Draw
,,,,,,,,,,,,,,,,,Draw
,,,,,,,,,,,,,,,,,Draw
,,,,,,,,,,,,,,,,,Draw
,,,,,,,,,,,,,,,,,Draw
,,,,,,,,,,,,,,,,,Draw
,,,,,,,,,,,,,,,,,Draw
,,,,,,,,,,,,,,,,,Draw
,,,,,,,,,,,,,,,,,Draw
,,,,,,,,,,,,,,,,,Draw
,,,,,,,,,,,,,,,,,Draw
,,,,,,,,,,,,,,,,,Draw
,,,,,,,,,,,,,,,,,Draw
,,,,,,,,,,,,,,,,,Draw
,,,,,,,,,,,,,,,,,Draw
,,,,,,,,,,,,,,,,,Draw
,,,,,,,,,,,,,,,,,Draw
,,,,,,,,,,,,,,,,,Draw
,,,,,,,,,,,,,,,,,Draw
,,,,,,,,,,,,,,,,,Draw
,,,,,,,,,,,,,,,,,Draw
,,,,,,,,,,,,,,,,,Draw
,,,,,,,,,,,,,,,,,Draw
,,,,,,,,,,,,,,,,,Draw
,,,,,,,,,,,,,,,,,Draw
,,,,,,,,,,,,,,,,,Draw
,,,,,,,,,,,,,,,,,Draw
,,,,,,,,,,,,,,,,,Draw
,,,,,,,,,,,,,,,,,Draw
,,,,,,,,,,,,,,,,,Draw
,,,,,,,,,,,,,,,,,Draw
,,,,,,,,,,,,,,,,,Draw
,,,,,,,,,,,,,,,,,Draw
,,,,,,,,,,,,,,,,,Draw
,,,,,,,,,,,,,,,,,Draw
,,,,,,,,,,,,,,,,,Draw
,,,,,,,,,,,,,,,,,Draw
,,,,,,,,,,,,,,,,,Draw
,,,,,,,,,,,,,,,,,Draw
,,,,,,,,,,,,,,,,,Draw
,,,,,,,,,,,,,,,,,Draw
,,,,,,,,,,,,,,,,,Draw
,,,,,,,,,,,,,,,,,Draw
,,,,,,,,,,,,,,,,,Draw
,,,,,,,,,,,,,,,,,Draw
,,,,,,,,,,,,,,,,,Draw
,,,,,,,,,,,,,,,,,Draw
,,,,,,,,,,,,,,,,,Draw
,,,,,,,,,,,,,,,,,Draw
,,,,,,,,,,,,,,,,,Draw
,,,,,,,,,,,,,,,,,Draw
,,,,,,,,,,,,,,,,,Draw
,,,,,,,,,,,,,,,,,Draw
,,,,,,,,,,,,,,,,,Draw
,,,,,,,,,,,,,,,,,Draw
,,,,,,,,,,,,,,,,,Draw
,,,,,,,,,,,,,,,,,Draw
,,,,,,,,,,,,,,,,,Draw
,,,,,,,,,,,,,,,,,Draw
,,,,,,,,,,,,,,,,,Draw
,,,,,,,,,,,,,,,,,Draw
,,,,,,,,,,,,,,,,,Draw
,,,,,,,,,,,,,,,,,Draw
,,,,,,,,,,,,,,,,,Draw
,,,,,,,,,,,,,,,,,Draw
,,,,,,,,,,,,,,,,,Draw
,,,,,,,,,,,,,,,,,Draw
,,,,,,,,,,,,,,,,,Draw
,,,,,,,,,,,,,,,,,Draw
,,,,,,,,,,,,,,,,,Draw
,,,,,,,,,,,,,,,,,Draw
,,,,,,,,,,,,,,,,,Draw
,,,,,,,,,,,,,,,,,Draw
,,,,,,,,,,,,,,,,,Draw
,,,,,,,,,,,,,,,,,Draw
,,,,,,,,,,,,,,,,,Draw
,,,,,,,,,,,,,,,,,Draw
,,,,,,,,,,,,,,,,,Draw
,,,,,,,,,,,,,,,,,Draw
,,,,,,,,,,,,,,,,,Draw
,,,,,,,,,,,,,,,,,Draw
,,,,,,,,,,,,,,,,,Draw
,,,,,,,,,,,,,,,,,Draw
,,,,,,,,,,,,,,,,,Draw
,,,,,,,,,,,,,,,,,Draw
,,,,,,,,,,,,,,,,,Draw
,,,,,,,,,,,,,,,,,Draw
,,,,,,,,,,,,,,,,,Draw
,,,,,,,,,,,,,,,,,Draw
,,,,,,,,,,,,,,,,,Draw
,,,,,,,,,,,,,,,,,Draw
,,,,,,,,,,,,,,,,,Draw
,,,,,,,,,,,,,,,,,Draw
,,,,,,,,,,,,,,,,,Draw
,,,,,,,,,,,,,,,,,Draw
,,,,,,,,,,,,,,,,,Draw
,,,,,,,,,,,,,,,,,Draw
,,,,,,,,,,,,,,,,,Draw
,,,,,,,,,,,,,,,,,Draw
,,,,,,,,,,,,,,,,,Draw
,,,,,,,,,,,,,,,,,Draw
,,,,,,,,,,,,,,,,,Draw
,,,,,,,,,,,,,,,,,Draw
,,,,,,,,,,,,,,,,,Draw
,,,,,,,,,,,,,,,,,Draw
,,,,,,,,,,,,,,,,,Draw
,,,,,,,,,,,,,,,,,Draw
,,,,,,,,,,,,,,,,,Draw
,,,,,,,,,,,,,,,,,Draw
,,,,,,,,,,,,,,,,,Draw
,,,,,,,,,,,,,,,,,Draw
,,,,,,,,,,,,,,,,,Draw
,,,,,,,,,,,,,,,,,Draw
,,,,,,,,,,,,,,,,,Draw
,,,,,,,,,,,,,,,,,Draw
,,,,,,,,,,,,,,,,,Draw
,,,,,,,,,,,,,,,,,Draw
,,,,,,,,,,,,,,,,,Draw
,,,,,,,,,,,,,,,,,Draw
,,,,,,,,,,,,,,,,,Draw
,,,,,,,,,,,,,,,,,Draw
,,,,,,,,,,,,,,,,,Draw
,,,,,,,,,,,,,,,,,Draw
,,,,,,,,,,,,,,,,,Draw
,,,,,,,,,,,,,,,,,Draw
,,,,,,,,,,,,,,,,,Draw
,,,,,,,,,,,,,,,,,Draw
,,,,,,,,,,,,,,,,,Draw
,,,,,,,,,,,,,,,,,Draw
,,,,,,,,,,,,,,,,,Draw
,,,,,,,,,,,,,,,,,Draw
,,,,,,,,,,,,,,,,,Draw
,,,,,,,,,,,,,,,,,Draw
,,,,,,,,,,,,,,,,,Draw
,,,,,,,,,,,,,,,,,Draw
,,,,,,,,,,,,,,,,,Draw
,,,,,,,,,,,,,,,,,Draw
,,,,,,,,,,,,,,,,,Draw
,,,,,,,,,,,,,,,,,Draw
,,,,,,,,,,,,,,,,,Draw
,,,,,,,,,,,,,,,,,Draw
,,,,,,,,,,,,,,,,,Draw
,,,,,,,,,,,,,,,,,Draw
,,,,,,,,,,,,,,,,,Draw
,,,,,,,,,,,,,,,,,Draw
,,,,,,,,,,,,,,,,,Draw
,,,,,,,,,,,,,,,,,Draw
,,,,,,,,,,,,,,,,,Draw
,,,,,,,,,,,,,,,,,Draw
,,,,,,,,,,,,,,,,,Draw
,,,,,,,,,,,,,,,,,Draw
,,,,,,,,,,,,,,,,,Draw
,,,,,,,,,,,,,,,,,Draw
,,,,,,,,,,,,,,,,,Draw
,,,,,,,,,,,,,,,,,Draw
,,,,,,,,,,,,,,,,,Draw
,,,,,,,,,,,,,,,,,Draw
,,,,,,,,,,,,,,,,,Draw
,,,,,,,,,,,,,,,,,Draw
,,,,,,,,,,,,,,,,,Draw
,,,,,,,,,,,,,,,,,Draw
,,,,,,,,,,,,,,,,,Draw
,,,,,,,,,,,,,,,,,Draw
,,,,,,,,,,,,,,,,,Draw
,,,,,,,,,,,,,,,,,Draw
,,,,,,,,,,,,,,,,,Draw
,,,,,,,,,,,,,,,,,Draw
,,,,,,,,,,,,,,,,,Draw
,,,,,,,,,,,,,,,,,Draw
,,,,,,,,,,,,,,,,,Draw
,,,,,,,,,,,,,,,,,Draw
,,,,,,,,,,,,,,,,,Draw
,,,,,,,,,,,,,,,,,Draw
,,,,,,,,,,,,,,,,,Draw
,,,,,,,,,,,,,,,,,Draw
,,,,,,,,,,,,,,,,,Draw
,,,,,,,,,,,,,,,,,Draw
,,,,,,,,,,,,,,,,,Draw
,,,,,,,,,,,,,,,,,Draw
,,,,,,,,,,,,,,,,,Draw
,,,,,,,,,,,,,,,,,Draw
,,,,,,,,,,,,,,,,,Draw
,,,,,,,,,,,,,,,,,Draw
,,,,,,,,,,,,,,,,,Draw
,,,,,,,,,,,,,,,,,Draw
,,,,,,,,,,,,,,,,,Draw
,,,,,,,,,,,,,,,,,Draw
,,,,,,,,,,,,,,,,,Draw
,,,,,,,,,,,,,,,,,Draw
,,,,,,,,,,,,,,,,,Draw
,,,,,,,,,,,,,,,,,Draw
,,,,,,,,,,,,,,,,,Draw
,,,,,,,,,,,,,,,,,Draw
,,,,,,,,,,,,,,,,,Draw
,,,,,,,,,,,,,,,,,Draw
,,,,,,,,,,,,,,,,,Draw
,,,,,,,,,,,,,,,,,Draw
,,,,,,,,,,,,,,,,,Draw
,,,,,,,,,,,,,,,,,Draw
,,,,,,,,,,,,,,,,,Draw
,,,,,,,,,,,,,,,,,Draw
,,,,,,,,,,,,,,,,,Draw
,,,,,,,,,,,,,,,,,Draw
,,,,,,,,,,,,,,,,,Draw
,,,,,,,,,,,,,,,,,Draw
,,,,,,,,,,,,,,,,,Draw
,,,,,,,,,,,,,,,,,Draw
,,,,,,,,,,,,,,,,,Draw
,,,,,,,,,,,,,,,,,Draw
,,,,,,,,,,,,,,,,,Draw
,,,,,,,,,,,,,,,,,Draw
,,,,,,,,,,,,,,,,,Draw
,,,,,,,,,,,,,,,,,Draw
,,,,,,,,,,,,,,,,,Draw
,,,,,,,,,,,,,,,,,Draw
,,,,,,,,,,,,,,,,,Draw
,,,,,,,,,,,,,,,,,Draw
,,,,,,,,,,,,,,,,,Draw
,,,,,,,,,,,,,,,,,Draw
,,,,,,,,,,,,,,,,,Draw
,,,,,,,,,,,,,,,,,Draw
,,,,,,,,,,,,,,,,,Draw
,,,,,,,,,,,,,,,,,Draw
,,,,,,,,,,,,,,,,,Draw
,,,,,,,,,,,,,,,,,Draw
,,,,,,,,,,,,,,,,,Draw
,,,,,,,,,,,,,,,,,Draw
,,,,,,,,,,,,,,,,,Draw
,,,,,,,,,,,,,,,,,Draw
,,,,,,,,,,,,,,,,,Draw
,,,,,,,,,,,,,,,,,Draw
,,,,,,,,,,,,,,,,,Draw
,,,,,,,,,,,,,,,,,Draw
,,,,,,,,,,,,,,,,,Draw
,,,,,,,,,,,,,,,,,Draw
,,,,,,,,,,,,,,,,,Draw
,,,,,,,,,,,,,,,,,Draw
,,,,,,,,,,,,,,,,,Draw
,,,,,,,,,,,,,,,,,Draw
,,,,,,,,,,,,,,,,,Draw
,,,,,,,,,,,,,,,,,Draw
,,,,,,,,,,,,,,,,,Draw
,,,,,,,,,,,,,,,,,Draw
,,,,,,,,,,,,,,,,,Draw
,,,,,,,,,,,,,,,,,Draw
,,,,,,,,,,,,,,,,,Draw
,,,,,,,,,,,,,,,,,Draw
,,,,,,,,,,,,,,,,,Draw
,,,,,,,,,,,,,,,,,Draw
,,,,,,,,,,,,,,,,,Draw
,,,,,,,,,,,,,,,,,Draw
,,,,,,,,,,,,,,,,,Draw
,,,,,,,,,,,,,,,,,Draw
,,,,,,,,,,,,,,,,,Draw
,,,,,,,,,,,,,,,,,Draw
,,,,,,,,,,,,,,,,,Draw
,,,,,,,,,,,,,,,,,Draw
,,,,,,,,,,,,,,,,,Draw
,,,,,,,,,,,,,,,,,Draw
,,,,,,,,,,,,,,,,,Draw
,,,,,,,,,,,,,,,,,Draw
,,,,,,,,,,,,,,,,,Draw
,,,,,,,,,,,,,,,,,Draw
,,,,,,,,,,,,,,,,,Draw
,,,,,,,,,,,,,,,,,Draw
,,,,,,,,,,,,,,,,,Draw
,,,,,,,,,,,,,,,,,Draw
,,,,,,,,,,,,,,,,,Draw
,,,,,,,,,,,,,,,,,Draw
,,,,,,,,,,,,,,,,,Draw
,,,,,,,,,,,,,,,,,Draw
,,,,,,,,,,,,,,,,,Draw
,,,,,,,,,,,,,,,,,Draw
,,,,,,,,,,,,,,,,,Draw
,,,,,,,,,,,,,,,,,Draw
,,,,,,,,,,,,,,,,,Draw
,,,,,,,,,,,,,,,,,Draw
,,,,,,,,,,,,,,,,,Draw
,,,,,,,,,,,,,,,,,Draw
,,,,,,,,,,,,,,,,,Draw
,,,,,,,,,,,,,,,,,Draw
,,,,,,,,,,,,,,,,,Draw
,,,,,,,,,,,,,,,,,Draw
,,,,,,,,,,,,,,,,,Draw
,,,,,,,,,,,,,,,,,Draw
,,,,,,,,,,,,,,,,,Draw
,,,,,,,,,,,,,,,,,Draw
,,,,,,,,,,,,,,,,,Draw
,,,,,,,,,,,,,,,,,Draw
,,,,,,,,,,,,,,,,,Draw
,,,,,,,,,,,,,,,,,Draw
,,,,,,,,,,,,,,,,,Draw
,,,,,,,,,,,,,,,,,Draw
,,,,,,,,,,,,,,,,,Draw
,,,,,,,,,,,,,,,,,Draw
,,,,,,,,,,,,,,,,,Draw
,,,,,,,,,,,,,,,,,Draw
,,,,,,,,,,,,,,,,,Draw
,,,,,,,,,,,,,,,,,Draw
,,,,,,,,,,,,,,,,,Draw
,,,,,,,,,,,,,,,,,Draw
,,,,,,,,,,,,,,,,,Draw
,,,,,,,,,,,,,,,,,Draw
,,,,,,,,,,,,,,,,,Draw
,,,,,,,,,,,,,,,,,Draw
,,,,,,,,,,,,,,,,,Draw
,,,,,,,,,,,,,,,,,Draw
,,,,,,,,,,,,,,,,,Draw
,,,,,,,,,,,,,,,,,Draw
,,,,,,,,,,,,,,,,,Draw
,,,,,,,,,,,,,,,,,Draw
,,,,,,,,,,,,,,,,,Draw
,,,,,,,,,,,,,,,,,Draw
,,,,,,,,,,,,,,,,,Draw
,,,,,,,,,,,,,,,,,Draw
,,,,,,,,,,,,,,,,,Draw
,,,,,,,,,,,,,,,,,Draw
,,,,,,,,,,,,,,,,,Draw
,,,,,,,,,,,,,,,,,Draw
,,,,,,,,,,,,,,,,,Draw
,,,,,,,,,,,,,,,,,Draw
,,,,,,,,,,,,,,,,,Draw
,,,,,,,,,,,,,,,,,Draw
,,,,,,,,,,,,,,,,,Draw
,,,,,,,,,,,,,,,,,Draw
,,,,,,,,,,,,,,,,,Draw
,,,,,,,,,,,,,,,,,Draw
,,,,,,,,,,,,,,,,,Draw
,,,,,,,,,,,,,,,,,Draw
,,,,,,,,,,,,,,,,,Draw
,,,,,,,,,,,,,,,,,Draw
,,,,,,,,,,,,,,,,,Draw
,,,,,,,,,,,,,,,,,Draw
,,,,,,,,,,,,,,,,,Draw
,,,,,,,,,,,,,,,,,Draw
,,,,,,,,,,,,,,,,,Draw
,,,,,,,,,,,,,,,,,Draw
,,,,,,,,,,,,,,,,,Draw
,,,,,,,,,,,,,,,,,Draw
,,,,,,,,,,,,,,,,,Draw
,,,,,,,,,,,,,,,,,Draw
,,,,,,,,,,,,,,,,,Draw
,,,,,,,,,,,,,,,,,Draw
,,,,,,,,,,,,,,,,,Draw
,,,,,,,,,,,,,,,,,Draw
,,,,,,,,,,,,,,,,,Draw
,,,,,,,,,,,,,,,,,Draw
,,,,,,,,,,,,,,,,,Draw
,,,,,,,,,,,,,,,,,Draw
,,,,,,,,,,,,,,,,,Draw
,,,,,,,,,,,,,,,,,Draw
,,,,,,,,,,,,,,,,,Draw
,,,,,,,,,,,,,,,,,Draw
,,,,,,,,,,,,,,,,,Draw
,,,,,,,,,,,,,,,,,Draw
,,,,,,,,,,,,,,,,,Draw
,,,,,,,,,,,,,,,,,Draw
,,,,,,,,,,,,,,,,,Draw
,,,,,,,,,,,,,,,,,Draw
,,,,,,,,,,,,,,,,,Draw
,,,,,,,,,,,,,,,,,Draw
,,,,,,,,,,,,,,,,,Draw
,,,,,,,,,,,,,,,,,Draw
,,,,,,,,,,,,,,,,,Draw
,,,,,,,,,,,,,,,,,Draw
,,,,,,,,,,,,,,,,,Draw
,,,,,,,,,,,,,,,,,Draw
,,,,,,,,,,,,,,,,,Draw
,,,,,,,,,,,,,,,,,Draw
,,,,,,,,,,,,,,,,,Draw
,,,,,,,,,,,,,,,,,Draw
,,,,,,,,,,,,,,,,,Draw
,,,,,,,,,,,,,,,,,Draw
,,,,,,,,,,,,,,,,,Draw
,,,,,,,,,,,,,,,,,Draw
,,,,,,,,,,,,,,,,,Draw
,,,,,,,,,,,,,,,,,Draw
,,,,,,,,,,,,,,,,,Draw
,,,,,,,,,,,,,,,,,Draw
,,,,,,,,,,,,,,,,,Draw
,,,,,,,,,,,,,,,,,Draw
,,,,,,,,,,,,,,,,,Draw
,,,,,,,,,,,,,,,,,Draw
,,,,,,,,,,,,,,,,,Draw
,,,,,,,,,,,,,,,,,Draw
,,,,,,,,,,,,,,,,,Draw
,,,,,,,,,,,,,,,,,Draw
,,,,,,,,,,,,,,,,,Draw
,,,,,,,,,,,,,,,,,Draw
,,,,,,,,,,,,,,,,,Draw
,,,,,,,,,,,,,,,,,Draw
,,,,,,,,,,,,,,,,,Draw
,,,,,,,,,,,,,,,,,Draw
,,,,,,,,,,,,,,,,,Draw
,,,,,,,,,,,,,,,,,Draw
,,,,,,,,,,,,,,,,,Draw
,,,,,,,,,,,,,,,,,Draw
,,,,,,,,,,,,,,,,,Draw
,,,,,,,,,,,,,,,,,Draw
,,,,,,,,,,,,,,,,,Draw
,,,,,,,,,,,,,,,,,Draw
,,,,,,,,,,,,,,,,,Draw
,,,,,,,,,,,,,,,,,Draw
,,,,,,,,,,,,,,,,,Draw
,,,,,,,,,,,,,,,,,Draw
,,,,,,,,,,,,,,,,,Draw
,,,,,,,,,,,,,,,,,Draw
,,,,,,,,,,,,,,,,,Draw
,,,,,,,,,,,,,,,,,Draw
,,,,,,,,,,,,,,,,,Draw
,,,,,,,,,,,,,,,,,Draw
,,,,,,,,,,,,,,,,,Draw
,,,,,,,,,,,,,,,,,Draw
,,,,,,,,,,,,,,,,,Draw
,,,,,,,,,,,,,,,,,Draw
,,,,,,,,,,,,,,,,,Draw
,,,,,,,,,,,,,,,,,Draw
,,,,,,,,,,,,,,,,,Draw
,,,,,,,,,,,,,,,,,Draw
,,,,,,,,,,,,,,,,,Draw
,,,,,,,,,,,,,,,,,Draw
,,,,,,,,,,,,,,,,,Draw
,,,,,,,,,,,,,,,,,Draw
,,,,,,,,,,,,,,,,,Draw
,,,,,,,,,,,,,,,,,Draw
,,,,,,,,,,,,,,,,,Draw
,,,,,,,,,,,,,,,,,Draw
,,,,,,,,,,,,,,,,,Draw
,,,,,,,,,,,,,,,,,Draw
,,,,,,,,,,,,,,,,,Draw
,,,,,,,,,,,,,,,,,Draw
,,,,,,,,,,,,,,,,,Draw
,,,,,,,,,,,,,,,,,Draw
,,,,,,,,,,,,,,,,,Draw
,,,,,,,,,,,,,,,,,Draw
,,,,,,,,,,,,,,,,,Draw
,,,,,,,,,,,,,,,,,Draw
,,,,,,,,,,,,,,,,,Draw
,,,,,,,,,,,,,,,,,Draw
,,,,,,,,,,,,,,,,,Draw
,,,,,,,,,,,,,,,,,Draw
,,,,,,,,,,,,,,,,,Draw
,,,,,,,,,,,,,,,,,Draw
,,,,,,,,,,,,,,,,,Draw
,,,,,,,,,,,,,,,,,Draw
,,,,,,,,,,,,,,,,,Draw
,,,,,,,,,,,,,,,,,Draw
,,,,,,,,,,,,,,,,,Draw
,,,,,,,,,,,,,,,,,Draw
,,,,,,,,,,,,,,,,,Draw
,,,,,,,,,,,,,,,,,Draw
,,,,,,,,,,,,,,,,,Draw
,,,,,,,,,,,,,,,,,Draw
,,,,,,,,,,,,,,,,,Draw
,,,,,,,,,,,,,,,,,Draw
,,,,,,,,,,,,,,,,,Draw
,,,,,,,,,,,,,,,,,Draw
,,,,,,,,,,,,,,,,,Draw
,,,,,,,,,,,,,,,,,Draw
,,,,,,,,,,,,,,,,,Draw
,,,,,,,,,,,,,,,,,Draw
,,,,,,,,,,,,,,,,,Draw
,,,,,,,,,,,,,,,,,Draw
,,,,,,,,,,,,,,,,,Draw
,,,,,,,,,,,,,,,,,Draw
,,,,,,,,,,,,,,,,,Draw
,,,,,,,,,,,,,,,,,Draw
,,,,,,,,,,,,,,,,,Draw
,,,,,,,,,,,,,,,,,Draw
,,,,,,,,,,,,,,,,,Draw
,,,,,,,,,,,,,,,,,Draw
,,,,,,,,,,,,,,,,,Draw
,,,,,,,,,,,,,,,,,Draw
,,,,,,,,,,,,,,,,,Draw
,,,,,,,,,,,,,,,,,Draw
,,,,,,,,,,,,,,,,,Draw
,,,,,,,,,,,,,,,,,Draw
,,,,,,,,,,,,,,,,,Draw
,,,,,,,,,,,,,,,,,Draw
,,,,,,,,,,,,,,,,,Draw
,,,,,,,,,,,,,,,,,Draw
,,,,,,,,,,,,,,,,,Draw
,,,,,,,,,,,,,,,,,Draw
,,,,,,,,,,,,,,,,,Draw
,,,,,,,,,,,,,,,,,Draw
,,,,,,,,,,,,,,,,,Draw
,,,,,,,,,,,,,,,,,Draw
,,,,,,,,,,,,,,,,,Draw
,,,,,,,,,,,,,,,,,Draw
,,,,,,,,,,,,,,,,,Draw
,,,,,,,,,,,,,,,,,Draw
,,,,,,,,,,,,,,,,,Draw
,,,,,,,,,,,,,,,,,Draw
,,,,,,,,,,,,,,,,,Draw
,,,,,,,,,,,,,,,,,Draw
,,,,,,,,,,,,,,,,,Draw
,,,,,,,,,,,,,,,,,Draw
,,,,,,,,,,,,,,,,,Draw
,,,,,,,,,,,,,,,,,Draw
,,,,,,,,,,,,,,,,,Draw
,,,,,,,,,,,,,,,,,Draw
,,,,,,,,,,,,,,,,,Draw
,,,,,,,,,,,,,,,,,Draw
,,,,,,,,,,,,,,,,,Draw
,,,,,,,,,,,,,,,,,Draw
,,,,,,,,,,,,,,,,,Draw
,,,,,,,,,,,,,,,,,Draw
,,,,,,,,,,,,,,,,,Draw
,,,,,,,,,,,,,,,,,Draw
,,,,,,,,,,,,,,,,,Draw
,,,,,,,,,,,,,,,,,Draw
,,,,,,,,,,,,,,,,,Draw
,,,,,,,,,,,,,,,,,Draw
,,,,,,,,,,,,,,,,,Draw
,,,,,,,,,,,,,,,,,Draw
,,,,,,,,,,,,,,,,,Draw
,,,,,,,,,,,,,,,,,Draw
,,,,,,,,,,,,,,,,,Draw
,,,,,,,,,,,,,,,,,Draw
,,,,,,,,,,,,,,,,,Draw
,,,,,,,,,,,,,,,,,Draw
,,,,,,,,,,,,,,,,,Draw
,,,,,,,,,,,,,,,,,Draw
,,,,,,,,,,,,,,,,,Draw
,,,,,,,,,,,,,,,,,Draw
,,,,,,,,,,,,,,,,,Draw
,,,,,,,,,,,,,,,,,Draw
,,,,,,,,,,,,,,,,,Draw
,,,,,,,,,,,,,,,,,Draw
,,,,,,,,,,,,,,,,,Draw
,,,,,,,,,,,,,,,,,Draw
,,,,,,,,,,,,,,,,,Draw
,,,,,,,,,,,,,,,,,Draw
,,,,,,,,,,,,,,,,,Draw
,,,,,,,,,,,,,,,,,Draw
,,,,,,,,,,,,,,,,,Draw
,,,,,,,,,,,,,,,,,Draw
,,,,,,,,,,,,,,,,,Draw
,,,,,,,,,,,,,,,,,Draw
,,,,,,,,,,,,,,,,,Draw
,,,,,,,,,,,,,,,,,Draw
,,,,,,,,,,,,,,,,,Draw
,,,,,,,,,,,,,,,,,Draw
,,,,,,,,,,,,,,,,,Draw
,,,,,,,,,,,,,,,,,Draw
,,,,,,,,,,,,,,,,,Draw
,,,,,,,,,,,,,,,,,Draw
,,,,,,,,,,,,,,,,,Draw
,,,,,,,,,,,,,,,,,Draw
,,,,,,,,,,,,,,,,,Draw
,,,,,,,,,,,,,,,,,Draw
,,,,,,,,,,,,,,,,,Draw
,,,,,,,,,,,,,,,,,Draw
,,,,,,,,,,,,,,,,,Draw
,,,,,,,,,,,,,,,,,Draw
,,,,,,,,,,,,,,,,,Draw
,,,,,,,,,,,,,,,,,Draw
,,,,,,,,,,,,,,,,,Draw
,,,,,,,,,,,,,,,,,Draw
,,,,,,,,,,,,,,,,,Draw
,,,,,,,,,,,,,,,,,Draw
,,,,,,,,,,,,,,,,,Draw
,,,,,,,,,,,,,,,,,Draw
,,,,,,,,,,,,,,,,,Draw
,,,,,,,,,,,,,,,,,Draw
,,,,,,,,,,,,,,,,,Draw
,,,,,,,,,,,,,,,,,Draw
,,,,,,,,,,,,,,,,,Draw
,,,,,,,,,,,,,,,,,Draw
,,,,,,,,,,,,,,,,,Draw
,,,,,,,,,,,,,,,,,Draw
,,,,,,,,,,,,,,,,,Draw
,,,,,,,,,,,,,,,,,Draw
,,,,,,,,,,,,,,,,,Draw
,,,,,,,,,,,,,,,,,Draw
,,,,,,,,,,,,,,,,,Draw
,,,,,,,,,,,,,,,,,Draw
,,,,,,,,,,,,,,,,,Draw
,,,,,,,,,,,,,,,,,Draw
,,,,,,,,,,,,,,,,,Draw
,,,,,,,,,,,,,,,,,Draw
,,,,,,,,,,,,,,,,,Draw
,,,,,,,,,,,,,,,,,Draw
,,,,,,,,,,,,,,,,,Draw
,,,,,,,,,,,,,,,,,Draw
,,,,,,,,,,,,,,,,,Draw
,,,,,,,,,,,,,,,,,Draw
,,,,,,,,,,,,,,,,,Draw
,,,,,,,,,,,,,,,,,Draw
,,,,,,,,,,,,,,,,,Draw
,,,,,,,,,,,,,,,,,Draw
,,,,,,,,,,,,,,,,,Draw
,,,,,,,,,,,,,,,,,Draw
,,,,,,,,,,,,,,,,,Draw
,,,,,,,,,,,,,,,,,Draw
,,,,,,,,,,,,,,,,,Draw
,,,,,,,,,,,,,,,,,Draw
,,,,,,,,,,,,,,,,,Draw
,,,,,,,,,,,,,,,,,Draw
,,,,,,,,,,,,,,,,,Draw
,,,,,,,,,,,,,,,,,Draw
,,,,,,,,,,,,,,,,,Draw
,,,,,,,,,,,,,,,,,Draw
,,,,,,,,,,,,,,,,,Draw
,,,,,,,,,,,,,,,,,Draw
,,,,,,,,,,,,,,,,,Draw
,,,,,,,,,,,,,,,,,Draw
,,,,,,,,,,,,,,,,,Draw
,,,,,,,,,,,,,,,,,Draw
,,,,,,,,,,,,,,,,,Draw
,,,,,,,,,,,,,,,,,Draw
,,,,,,,,,,,,,,,,,Draw
,,,,,,,,,,,,,,,,,Draw
,,,,,,,,,,,,,,,,,Draw
,,,,,,,,,,,,,,,,,Draw
,,,,,,,,,,,,,,,,,Draw
,,,,,,,,,,,,,,,,,Draw
,,,,,,,,,,,,,,,,,Draw
,,,,,,,,,,,,,,,,,Draw
,,,,,,,,,,,,,,,,,Draw
,,,,,,,,,,,,,,,,,Draw
,,,,,,,,,,,,,,,,,Draw
,,,,,,,,,,,,,,,,,Draw
,,,,,,,,,,,,,,,,,Draw
,,,,,,,,,,,,,,,,,Draw
,,,,,,,,,,,,,,,,,Draw
,,,,,,,,,,,,,,,,,Draw
,,,,,,,,,,,,,,,,,Draw
,,,,,,,,,,,,,,,,,Draw
,,,,,,,,,,,,,,,,,Draw
,,,,,,,,,,,,,,,,,Draw
,,,,,,,,,,,,,,,,,Draw
,,,,,,,,,,,,,,,,,Draw
,,,,,,,,,,,,,,,,,Draw
,,,,,,,,,,,,,,,,,Draw
,,,,,,,,,,,,,,,,,Draw
,,,,,,,,,,,,,,,,,Draw
,,,,,,,,,,,,,,,,,Draw
,,,,,,,,,,,,,,,,,Draw
,,,,,,,,,,,,,,,,,Draw
,,,,,,,,,,,,,,,,,Draw
,,,,,,,,,,,,,,,,,Draw
,,,,,,,,,,,,,,,,,Draw
,,,,,,,,,,,,,,,,,Draw
,,,,,,,,,,,,,,,,,Draw
,,,,,,,,,,,,,,,,,Draw
,,,,,,,,,,,,,,,,,Draw
,,,,,,,,,,,,,,,,,Draw
,,,,,,,,,,,,,,,,,Draw
,,,,,,,,,,,,,,,,,Draw
,,,,,,,,,,,,,,,,,Draw
,,,,,,,,,,,,,,,,,Draw
,,,,,,,,,,,,,,,,,Draw
,,,,,,,,,,,,,,,,,Draw
,,,,,,,,,,,,,,,,,Draw
,,,,,,,,,,,,,,,,,Draw
,,,,,,,,,,,,,,,,,Draw
,,,,,,,,,,,,,,,,,Draw
,,,,,,,,,,,,,,,,,Draw
,,,,,,,,,,,,,,,,,Draw
,,,,,,,,,,,,,,,,,Draw
,,,,,,,,,,,,,,,,,Draw
,,,,,,,,,,,,,,,,,Draw
,,,,,,,,,,,,,,,,,Draw
,,,,,,,,,,,,,,,,,Draw
,,,,,,,,,,,,,,,,,Draw
,,,,,,,,,,,,,,,,,Draw
,,,,,,,,,,,,,,,,,Draw
,,,,,,,,,,,,,,,,,Draw
,,,,,,,,,,,,,,,,,Draw
,,,,,,,,,,,,,,,,,Draw
,,,,,,,,,,,,,,,,,Draw
,,,,,,,,,,,,,,,,,Draw
,,,,,,,,,,,,,,,,,Draw
,,,,,,,,,,,,,,,,,Draw
,,,,,,,,,,,,,,,,,Draw
,,,,,,,,,,,,,,,,,Draw
,,,,,,,,,,,,,,,,,Draw
,,,,,,,,,,,,,,,,,Draw
,,,,,,,,,,,,,,,,,Draw
,,,,,,,,,,,,,,,,,Draw
,,,,,,,,,,,,,,,,,Draw
,,,,,,,,,,,,,,,,,Draw
,,,,,,,,,,,,,,,,,Draw
,,,,,,,,,,,,,,,,,Draw
,,,,,,,,,,,,,,,,,Draw
,,,,,,,,,,,,,,,,,Draw
,,,,,,,,,,,,,,,,,Draw
,,,,,,,,,,,,,,,,,Draw
,,,,,,,,,,,,,,,,,Draw
,,,,,,,,,,,,,,,,,Draw
,,,,,,,,,,,,,,,,,Draw
,,,,,,,,,,,,,,,,,Draw
,,,,,,,,,,,,,,,,,Draw
,,,,,,,,,,,,,,,,,Draw
,,,,,,,,,,,,,,,,,Draw
,,,,,,,,,,,,,,,,,Draw
,,,,,,,,,,,,,,,,,Draw
,,,,,,,,,,,,,,,,,Draw
,,,,,,,,,,,,,,,,,Draw
,,,,,,,,,,,,,,,,,Draw
,,,,,,,,,,,,,,,,,Draw
,,,,,,,,,,,,,,,,,Draw
,,,,,,,,,,,,,,,,,Draw
,,,,,,,,,,,,,,,,,Draw
,,,,,,,,,,,,,,,,,Draw
,,,,,,,,,,,,,,,,,Draw
,,,,,,,,,,,,,,,,,Draw
,,,,,,,,,,,,,,,,,Draw
,,,,,,,,,,,,,,,,,Draw
,,,,,,,,,,,,,,,,,Draw
,,,,,,,,,,,,,,,,,Draw
,,,,,,,,,,,,,,,,,Draw
,,,,,,,,,,,,,,,,,Draw
,,,,,,,,,,,,,,,,,Draw
,,,,,,,,,,,,,,,,,Draw
,,,,,,,,,,,,,,,,,Draw
,,,,,,,,,,,,,,,,,Draw
,,,,,,,,,,,,,,,,,Draw
,,,,,,,,,,,,,,,,,Draw
,,,,,,,,,,,,,,,,,Draw
,,,,,,,,,,,,,,,,,Draw
,,,,,,,,,,,,,,,,,Draw
,,,,,,,,,,,,,,,,,Draw
,,,,,,,,,,,,,,,,,Draw
,,,,,,,,,,,,,,,,,Draw
,,,,,,,,,,,,,,,,,Draw
,,,,,,,,,,,,,,,,,Draw
,,,,,,,,,,,,,,,,,Draw
,,,,,,,,,,,,,,,,,Draw
,,,,,,,,,,,,,,,,,Draw
,,,,,,,,,,,,,,,,,Draw
,,,,,,,,,,,,,,,,,Draw
,,,,,,,,,,,,,,,,,Draw
,,,,,,,,,,,,,,,,,Draw
,,,,,,,,,,,,,,,,,Draw
,,,,,,,,,,,,,,,,,Draw
,,,,,,,,,,,,,,,,,Draw
,,,,,,,,,,,,,,,,,Draw
,,,,,,,,,,,,,,,,,Draw
,,,,,,,,,,,,,,,,,Draw
,,,,,,,,,,,,,,,,,Draw
,,,,,,,,,,,,,,,,,Draw
,,,,,,,,,,,,,,,,,Draw
,,,,,,,,,,,,,,,,,Draw
,,,,,,,,,,,,,,,,,Draw
,,,,,,,,,,,,,,,,,Draw
,,,,,,,,,,,,,,,,,Draw
,,,,,,,,,,,,,,,,,Draw
,,,,,,,,,,,,,,,,,Draw
,,,,,,,,,,,,,,,,,Draw
,,,,,,,,,,,,,,,,,Draw
,,,,,,,,,,,,,,,,,Draw
,,,,,,,,,,,,,,,,,Draw
,,,,,,,,,,,,,,,,,Draw
,,,,,,,,,,,,,,,,,Draw
,,,,,,,,,,,,,,,,,Draw
,,,,,,,,,,,,,,,,,Draw
,,,,,,,,,,,,,,,,,Draw
,,,,,,,,,,,,,,,,,Draw
,,,,,,,,,,,,,,,,,Draw
,,,,,,,,,,,,,,,,,Draw
,,,,,,,,,,,,,,,,,Draw
,,,,,,,,,,,,,,,,,Draw
,,,,,,,,,,,,,,,,,Draw
,,,,,,,,,,,,,,,,,Draw
,,,,,,,,,,,,,,,,,Draw
,,,,,,,,,,,,,,,,,Draw
,,,,,,,,,,,,,,,,,Draw
,,,,,,,,,,,,,,,,,Draw
,,,,,,,,,,,,,,,,,Draw
,,,,,,,,,,,,,,,,,Draw
,,,,,,,,,,,,,,,,,Draw
,,,,,,,,,,,,,,,,,Draw
,,,,,,,,,,,,,,,,,Draw
,,,,,,,,,,,,,,,,,Draw
,,,,,,,,,,,,,,,,,Draw
,,,,,,,,,,,,,,,,,Draw
,,,,,,,,,,,,,,,,,Draw
,,,,,,,,,,,,,,,,,Draw
,,,,,,,,,,,,,,,,,Draw
,,,,,,,,,,,,,,,,,Draw
,,,,,,,,,,,,,,,,,Draw
,,,,,,,,,,,,,,,,,Draw
,,,,,,,,,,,,,,,,,Draw
,,,,,,,,,,,,,,,,,Draw
,,,,,,,,,,,,,,,,,Draw
,,,,,,,,,,,,,,,,,Draw
,,,,,,,,,,,,,,,,,Draw
,,,,,,,,,,,,,,,,,Draw
,,,,,,,,,,,,,,,,,Draw
,,,,,,,,,,,,,,,,,Draw
,,,,,,,,,,,,,,,,,Draw
,,,,,,,,,,,,,,,,,Draw
,,,,,,,,,,,,,,,,,Draw
,,,,,,,,,,,,,,,,,Draw
,,,,,,,,,,,,,,,,,Draw
,,,,,,,,,,,,,,,,,Draw
,,,,,,,,,,,,,,,,,Draw
,,,,,,,,,,,,,,,,,Draw
,,,,,,,,,,,,,,,,,Draw
,,,,,,,,,,,,,,,,,Draw
,,,,,,,,,,,,,,,,,Draw
,,,,,,,,,,,,,,,,,Draw
,,,,,,,,,,,,,,,,,Draw
,,,,,,,,,,,,,,,,,Draw
,,,,,,,,,,,,,,,,,Draw
,,,,,,,,,,,,,,,,,Draw
,,,,,,,,,,,,,,,,,Draw
,,,,,,,,,,,,,,,,,Draw
,,,,,,,,,,,,,,,,,Draw
,,,,,,,,,,,,,,,,,Draw
,,,,,,,,,,,,,,,,,Draw
,,,,,,,,,,,,,,,,,Draw
,,,,,,,,,,,,,,,,,Draw
,,,,,,,,,,,,,,,,,Draw
,,,,,,,,,,,,,,,,,Draw
,,,,,,,,,,,,,,,,,Draw
,,,,,,,,,,,,,,,,,Draw
,,,,,,,,,,,,,,,,,Draw
,,,,,,,,,,,,,,,,,Draw
,,,,,,,,,,,,,,,,,Draw
,,,,,,,,,,,,,,,,,Draw
,,,,,,,,,,,,,,,,,Draw
,,,,,,,,,,,,,,,,,Draw
,,,,,,,,,,,,,,,,,Draw
,,,,,,,,,,,,,,,,,Draw
,,,,,,,,,,,,,,,,,Draw
,,,,,,,,,,,,,,,,,Draw
,,,,,,,,,,,,,,,,,Draw
,,,,,,,,,,,,,,,,,Draw
,,,,,,,,,,,,,,,,,Draw
,,,,,,,,,,,,,,,,,Draw
,,,,,,,,,,,,,,,,,Draw
,,,,,,,,,,,,,,,,,Draw
,,,,,,,,,,,,,,,,,Draw
,,,,,,,,,,,,,,,,,Draw
,,,,,,,,,,,,,,,,,Draw
,,,,,,,,,,,,,,,,,Draw
,,,,,,,,,,,,,,,,,Draw
,,,,,,,,,,,,,,,,,Draw
,,,,,,,,,,,,,,,,,Draw
,,,,,,,,,,,,,,,,,Draw
,,,,,,,,,,,,,,,,,Draw
,,,,,,,,,,,,,,,,,Draw
,,,,,,,,,,,,,,,,,Draw
,,,,,,,,,,,,,,,,,Draw
,,,,,,,,,,,,,,,,,Draw
,,,,,,,,,,,,,,,,,Draw
,,,,,,,,,,,,,,,,,Draw
,,,,,,,,,,,,,,,,,Draw
,,,,,,,,,,,,,,,,,Draw
,,,,,,,,,,,,,,,,,Draw
,,,,,,,,,,,,,,,,,Draw
,,,,,,,,,,,,,,,,,Draw
,,,,,,,,,,,,,,,,,Draw
,,,,,,,,,,,,,,,,,Draw
,,,,,,,,,,,,,,,,,Draw
,,,,,,,,,,,,,,,,,Draw
,,,,,,,,,,,,,,,,,Draw
,,,,,,,,,,,,,,,,,Draw
,,,,,,,,,,,,,,,,,Draw
,,,,,,,,,,,,,,,,,Draw
,,,,,,,,,,,,,,,,,Draw
,,,,,,,,,,,,,,,,,Draw
,,,,,,,,,,,,,,,,,Draw
,,,,,,,,,,,,,,,,,Draw
,,,,,,,,,,,,,,,,,Draw
,,,,,,,,,,,,,,,,,Draw
,,,,,,,,,,,,,,,,,Draw
,,,,,,,,,,,,,,,,,Draw
,,,,,,,,,,,,,,,,,Draw
,,,,,,,,,,,,,,,,,Draw
,,,,,,,,,,,,,,,,,Draw
,,,,,,,,,,,,,,,,,Draw
,,,,,,,,,,,,,,,,,Draw
,,,,,,,,,,,,,,,,,Draw
,,,,,,,,,,,,,,,,,Draw
,,,,,,,,,,,,,,,,,Draw
,,,,,,,,,,,,,,,,,Draw
,,,,,,,,,,,,,,,,,Draw
,,,,,,,,,,,,,,,,,Draw
,,,,,,,,,,,,,,,,,Draw
,,,,,,,,,,,,,,,,,Draw
,,,,,,,,,,,,,,,,,Draw
,,,,,,,,,,,,,,,,,Draw
,,,,,,,,,,,,,,,,,Draw
,,,,,,,,,,,,,,,,,Draw
,,,,,,,,,,,,,,,,,Draw
,,,,,,,,,,,,,,,,,Draw
,,,,,,,,,,,,,,,,,Draw
,,,,,,,,,,,,,,,,,Draw
,,,,,,,,,,,,,,,,,Draw
,,,,,,,,,,,,,,,,,Draw
,,,,,,,,,,,,,,,,,Draw
,,,,,,,,,,,,,,,,,Draw
,,,,,,,,,,,,,,,,,Draw
,,,,,,,,,,,,,,,,,Draw
,,,,,,,,,,,,,,,,,Draw
,,,,,,,,,,,,,,,,,Draw
,,,,,,,,,,,,,,,,,Draw
,,,,,,,,,,,,,,,,,Draw
,,,,,,,,,,,,,,,,,Draw
,,,,,,,,,,,,,,,,,Draw
,,,,,,,,,,,,,,,,,Draw
,,,,,,,,,,,,,,,,,Draw
,,,,,,,,,,,,,,,,,Draw
,,,,,,,,,,,,,,,,,Draw
,,,,,,,,,,,,,,,,,Draw
,,,,,,,,,,,,,,,,,Draw
,,,,,,,,,,,,,,,,,Draw
,,,,,,,,,,,,,,,,,Draw
,,,,,,,,,,,,,,,,,Draw
,,,,,,,,,,,,,,,,,Draw
,,,,,,,,,,,,,,,,,Draw
,,,,,,,,,,,,,,,,,Draw
,,,,,,,,,,,,,,,,,Draw
,,,,,,,,,,,,,,,,,Draw
,,,,,,,,,,,,,,,,,Draw
,,,,,,,,,,,,,,,,,Draw
,,,,,,,,,,,,,,,,,Draw
,,,,,,,,,,,,,,,,,Draw
,,,,,,,,,,,,,,,,,Draw
,,,,,,,,,,,,,,,,,Draw
,,,,,,,,,,,,,,,,,Draw
,,,,,,,,,,,,,,,,,Draw
,,,,,,,,,,,,,,,,,Draw
,,,,,,,,,,,,,,,,,Draw
,,,,,,,,,,,,,,,,,Draw
,,,,,,,,,,,,,,,,,Draw
,,,,,,,,,,,,,,,,,Draw
,,,,,,,,,,,,,,,,,Draw
,,,,,,,,,,,,,,,,,Draw
,,,,,,,,,,,,,,,,,Draw
,,,,,,,,,,,,,,,,,Draw
,,,,,,,,,,,,,,,,,Draw
,,,,,,,,,,,,,,,,,Draw
,,,,,,,,,,,,,,,,,Draw
,,,,,,,,,,,,,,,,,Draw
,,,,,,,,,,,,,,,,,Draw
,,,,,,,,,,,,,,,,,Draw
,,,,,,,,,,,,,,,,,Draw
,,,,,,,,,,,,,,,,,Draw
,,,,,,,,,,,,,,,,,Draw
,,,,,,,,,,,,,,,,,Draw
,,,,,,,,,,,,,,,,,Draw
,,,,,,,,,,,,,,,,,Draw
,,,,,,,,,,,,,,,,,Draw
,,,,,,,,,,,,,,,,,Draw
,,,,,,,,,,,,,,,,,Draw
,,,,,,,,,,,,,,,,,Draw
,,,,,,,,,,,,,,,,,Draw
,,,,,,,,,,,,,,,,,Draw
,,,,,,,,,,,,,,,,,Draw
,,,,,,,,,,,,,,,,,Draw
,,,,,,,,,,,,,,,,,Draw
,,,,,,,,,,,,,,,,,Draw
,,,,,,,,,,,,,,,,,Draw
,,,,,,,,,,,,,,,,,Draw
,,,,,,,,,,,,,,,,,Draw
,,,,,,,,,,,,,,,,,Draw
,,,,,,,,,,,,,,,,,Draw
,,,,,,,,,,,,,,,,,Draw
,,,,,,,,,,,,,,,,,Draw
,,,,,,,,,,,,,,,,,Draw
,,,,,,,,,,,,,,,,,Draw
,,,,,,,,,,,,,,,,,Draw
,,,,,,,,,,,,,,,,,Draw
,,,,,,,,,,,,,,,,,Draw
,,,,,,,,,,,,,,,,,Draw
,,,,,,,,,,,,,,,,,Draw
,,,,,,,,,,,,,,,,,Draw
,,,,,,,,,,,,,,,,,Draw
,,,,,,,,,,,,,,,,,Draw
,,,,,,,,,,,,,,,,,Draw
,,,,,,,,,,,,,,,,,Draw
,,,,,,,,,,,,,,,,,Draw
,,,,,,,,,,,,,,,,,Draw
,,,,,,,,,,,,,,,,,Draw
,,,,,,,,,,,,,,,,,Draw
,,,,,,,,,,,,,,,,,Draw
,,,,,,,,,,,,,,,,,Draw
,,,,,,,,,,,,,,,,,Draw
,,,,,,,,,,,,,,,,,Draw
,,,,,,,,,,,,,,,,,Draw
,,,,,,,,,,,,,,,,,Draw
,,,,,,,,,,,,,,,,,Draw
,,,,,,,,,,,,,,,,,Draw
,,,,,,,,,,,,,,,,,Draw
,,,,,,,,,,,,,,,,,Draw
,,,,,,,,,,,,,,,,,Draw
,,,,,,,,,,,,,,,,,Draw
,,,,,,,,,,,,,,,,,Draw
,,,,,,,,,,,,,,,,,Draw
,,,,,,,,,,,,,,,,,Draw
,,,,,,,,,,,,,,,,,Draw
,,,,,,,,,,,,,,,,,Draw
,,,,,,,,,,,,,,,,,Draw
,,,,,,,,,,,,,,,,,Draw
,,,,,,,,,,,,,,,,,Draw
,,,,,,,,,,,,,,,,,Draw
,,,,,,,,,,,,,,,,,Draw
,,,,,,,,,,,,,,,,,Draw
,,,,,,,,,,,,,,,,,Draw
,,,,,,,,,,,,,,,,,Draw
,,,,,,,,,,,,,,,,,Draw
,,,,,,,,,,,,,,,,,Draw
,,,,,,,,,,,,,,,,,Draw
,,,,,,,,,,,,,,,,,Draw
,,,,,,,,,,,,,,,,,Draw
,,,,,,,,,,,,,,,,,Draw
,,,,,,,,,,,,,,,,,Draw
,,,,,,,,,,,,,,,,,Draw
,,,,,,,,,,,,,,,,,Draw
,,,,,,,,,,,,,,,,,Draw
,,,,,,,,,,,,,,,,,Draw
,,,,,,,,,,,,,,,,,Draw
,,,,,,,,,,,,,,,,,Draw
,,,,,,,,,,,,,,,,,Draw
,,,,,,,,,,,,,,,,,Draw
,,,,,,,,,,,,,,,,,Draw
,,,,,,,,,,,,,,,,,Draw
,,,,,,,,,,,,,,,,,Draw
,,,,,,,,,,,,,,,,,Draw
,,,,,,,,,,,,,,,,,Draw
,,,,,,,,,,,,,,,,,Draw
,,,,,,,,,,,,,,,,,Draw
,,,,,,,,,,,,,,,,,Draw
,,,,,,,,,,,,,,,,,Draw
,,,,,,,,,,,,,,,,,Draw
,,,,,,,,,,,,,,,,,Draw
,,,,,,,,,,,,,,,,,Draw
,,,,,,,,,,,,,,,,,Draw
,,,,,,,,,,,,,,,,,Draw
,,,,,,,,,,,,,,,,,Draw
,,,,,,,,,,,,,,,,,Draw
,,,,,,,,,,,,,,,,,Draw
,,,,,,,,,,,,,,,,,Draw
,,,,,,,,,,,,,,,,,Draw
,,,,,,,,,,,,,,,,,Draw
,,,,,,,,,,,,,,,,,Draw
,,,,,,,,,,,,,,,,,Draw
,,,,,,,,,,,,,,,,,Draw
,,,,,,,,,,,,,,,,,Draw
,,,,,,,,,,,,,,,,,Draw
,,,,,,,,,,,,,,,,,Draw
,,,,,,,,,,,,,,,,,Draw
,,,,,,,,,,,,,,,,,Draw
,,,,,,,,,,,,,,,,,Draw
,,,,,,,,,,,,,,,,,Draw
,,,,,,,,,,,,,,,,,Draw
,,,,,,,,,,,,,,,,,Draw
,,,,,,,,,,,,,,,,,Draw
,,,,,,,,,,,,,,,,,Draw
,,,,,,,,,,,,,,,,,Draw
,,,,,,,,,,,,,,,,,Draw
,,,,,,,,,,,,,,,,,Draw
,,,,,,,,,,,,,,,,,Draw
,,,,,,,,,,,,,,,,,Draw
,,,,,,,,,,,,,,,,,Draw
,,,,,,,,,,,,,,,,,Draw
,,,,,,,,,,,,,,,,,Draw
,,,,,,,,,,,,,,,,,Draw
,,,,,,,,,,,,,,,,,Draw
,,,,,,,,,,,,,,,,,Draw
,,,,,,,,,,,,,,,,,Draw
,,,,,,,,,,,,,,,,,Draw
,,,,,,,,,,,,,,,,,Draw
,,,,,,,,,,,,,,,,,Draw
,,,,,,,,,,,,,,,,,Draw
,,,,,,,,,,,,,,,,,Draw
,,,,,,,,,,,,,,,,,Draw
,,,,,,,,,,,,,,,,,Draw
,,,,,,,,,,,,,,,,,Draw
,,,,,,,,,,,,,,,,,Draw
,,,,,,,,,,,,,,,,,Draw
,,,,,,,,,,,,,,,,,Draw
,,,,,,,,,,,,,,,,,Draw
,,,,,,,,,,,,,,,,,Draw
,,,,,,,,,,,,,,,,,Draw
,,,,,,,,,,,,,,,,,Draw
,,,,,,,,,,,,,,,,,Draw
,,,,,,,,,,,,,,,,,Draw
,,,,,,,,,,,,,,,,,Draw
,,,,,,,,,,,,,,,,,Draw
,,,,,,,,,,,,,,,,,Draw
,,,,,,,,,,,,,,,,,Draw
,,,,,,,,,,,,,,,,,Draw
,,,,,,,,,,,,,,,,,Draw
,,,,,,,,,,,,,,,,,Draw
,,,,,,,,,,,,,,,,,Draw
,,,,,,,,,,,,,,,,,Draw
,,,,,,,,,,,,,,,,,Draw
,,,,,,,,,,,,,,,,,Draw
,,,,,,,,,,,,,,,,,Draw
,,,,,,,,,,,,,,,,,Draw
,,,,,,,,,,,,,,,,,Draw
,,,,,,,,,,,,,,,,,Draw
,,,,,,,,,,,,,,,,,Draw
,,,,,,,,,,,,,,,,,Draw
,,,,,,,,,,,,,,,,,Draw
,,,,,,,,,,,,,,,,,Draw
,,,,,,,,,,,,,,,,,Draw
,,,,,,,,,,,,,,,,,Draw
,,,,,,,,,,,,,,,,,Draw
,,,,,,,,,,,,,,,,,Draw
,,,,,,,,,,,,,,,,,Draw
,,,,,,,,,,,,,,,,,Draw
,,,,,,,,,,,,,,,,,Draw
,,,,,,,,,,,,,,,,,Draw
,,,,,,,,,,,,,,,,,Draw
,,,,,,,,,,,,,,,,,Draw
,,,,,,,,,,,,,,,,,Draw
,,,,,,,,,,,,,,,,,Draw
,,,,,,,,,,,,,,,,,Draw
,,,,,,,,,,,,,,,,,Draw
,,,,,,,,,,,,,,,,,Draw
,,,,,,,,,,,,,,,,,Draw
,,,,,,,,,,,,,,,,,Draw
,,,,,,,,,,,,,,,,,Draw
,,,,,,,,,,,,,,,,,Draw
,,,,,,,,,,,,,,,,,Draw
,,,,,,,,,,,,,,,,,Draw
,,,,,,,,,,,,,,,,,Draw
,,,,,,,,,,,,,,,,,Draw
,,,,,,,,,,,,,,,,,Draw
,,,,,,,,,,,,,,,,,Draw
,,,,,,,,,,,,,,,,,Draw
,,,,,,,,,,,,,,,,,Draw
,,,,,,,,,,,,,,,,,Draw
,,,,,,,,,,,,,,,,,Draw
,,,,,,,,,,,,,,,,,Draw
,,,,,,,,,,,,,,,,,Draw
,,,,,,,,,,,,,,,,,Draw
,,,,,,,,,,,,,,,,,Draw
,,,,,,,,,,,,,,,,,Draw
,,,,,,,,,,,,,,,,,Draw
,,,,,,,,,,,,,,,,,Draw
,,,,,,,,,,,,,,,,,Draw
,,,,,,,,,,,,,,,,,Draw
,,,,,,,,,,,,,,,,,Draw
,,,,,,,,,,,,,,,,,Draw
,,,,,,,,,,,,,,,,,Draw
,,,,,,,,,,,,,,,,,Draw
,,,,,,,,,,,,,,,,,Draw
,,,,,,,,,,,,,,,,,Draw
,,,,,,,,,,,,,,,,,Draw
,,,,,,,,,,,,,,,,,Draw
,,,,,,,,,,,,,,,,,Draw
,,,,,,,,,,,,,,,,,Draw
,,,,,,,,,,,,,,,,,Draw
,,,,,,,,,,,,,,,,,Draw
,,,,,,,,,,,,,,,,,Draw
,,,,,,,,,,,,,,,,,Draw
,,,,,,,,,,,,,,,,,Draw
,,,,,,,,,,,,,,,,,Draw
,,,,,,,,,,,,,,,,,Draw
,,,,,,,,,,,,,,,,,Draw
,,,,,,,,,,,,,,,,,Draw
,,,,,,,,,,,,,,,,,Draw
,,,,,,,,,,,,,,,,,Draw
,,,,,,,,,,,,,,,,,Draw
,,,,,,,,,,,,,,,,,Draw
,,,,,,,,,,,,,,,,,Draw
,,,,,,,,,,,,,,,,,Draw
,,,,,,,,,,,,,,,,,Draw
,,,,,,,,,,,,,,,,,Draw
,,,,,,,,,,,,,,,,,Draw
,,,,,,,,,,,,,,,,,Draw
,,,,,,,,,,,,,,,,,Draw
,,,,,,,,,,,,,,,,,Draw
,,,,,,,,,,,,,,,,,Draw
,,,,,,,,,,,,,,,,,Draw
,,,,,,,,,,,,,,,,,Draw
,,,,,,,,,,,,,,,,,Draw
,,,,,,,,,,,,,,,,,Draw
,,,,,,,,,,,,,,,,,Draw
,,,,,,,,,,,,,,,,,Draw
,,,,,,,,,,,,,,,,,Draw
,,,,,,,,,,,,,,,,,Draw
,,,,,,,,,,,,,,,,,Draw
,,,,,,,,,,,,,,,,,Draw
,,,,,,,,,,,,,,,,,Draw
,,,,,,,,,,,,,,,,,Draw
,,,,,,,,,,,,,,,,,Draw
,,,,,,,,,,,,,,,,,Draw
,,,,,,,,,,,,,,,,,Draw
,,,,,,,,,,,,,,,,,Draw
,,,,,,,,,,,,,,,,,Draw
,,,,,,,,,,,,,,,,,Draw
,,,,,,,,,,,,,,,,,Draw
,,,,,,,,,,,,,,,,,Draw
,,,,,,,,,,,,,,,,,Draw
,,,,,,,,,,,,,,,,,Draw
,,,,,,,,,,,,,,,,,Draw
,,,,,,,,,,,,,,,,,Draw
,,,,,,,,,,,,,,,,,Draw
,,,,,,,,,,,,,,,,,Draw
,,,,,,,,,,,,,,,,,Draw
,,,,,,,,,,,,,,,,,Draw
,,,,,,,,,,,,,,,,,Draw
,,,,,,,,,,,,,,,,,Draw
,,,,,,,,,,,,,,,,,Draw
,,,,,,,,,,,,,,,,,Draw
,,,,,,,,,,,,,,,,,Draw
,,,,,,,,,,,,,,,,,Draw
,,,,,,,,,,,,,,,,,Draw
,,,,,,,,,,,,,,,,,Draw
,,,,,,,,,,,,,,,,,Draw
,,,,,,,,,,,,,,,,,Draw
,,,,,,,,,,,,,,,,,Draw
,,,,,,,,,,,,,,,,,Draw
,,,,,,,,,,,,,,,,,Draw
,,,,,,,,,,,,,,,,,Draw
,,,,,,,,,,,,,,,,,Draw
,,,,,,,,,,,,,,,,,Draw
,,,,,,,,,,,,,,,,,Draw
,,,,,,,,,,,,,,,,,Draw
,,,,,,,,,,,,,,,,,Draw
,,,,,,,,,,,,,,,,,Draw
,,,,,,,,,,,,,,,,,Draw
,,,,,,,,,,,,,,,,,Draw
,,,,,,,,,,,,,,,,,Draw
,,,,,,,,,,,,,,,,,Draw
,,,,,,,,,,,,,,,,,Draw
,,,,,,,,,,,,,,,,,Draw
,,,,,,,,,,,,,,,,,Draw
,,,,,,,,,,,,,,,,,Draw
,,,,,,,,,,,,,,,,,Draw
,,,,,,,,,,,,,,,,,Draw
,,,,,,,,,,,,,,,,,Draw
,,,,,,,,,,,,,,,,,Draw
,,,,,,,,,,,,,,,,,Draw
,,,,,,,,,,,,,,,,,Draw
,,,,,,,,,,,,,,,,,Draw
,,,,,,,,,,,,,,,,,Draw
,,,,,,,,,,,,,,,,,Draw
,,,,,,,,,,,,,,,,,Draw
,,,,,,,,,,,,,,,,,Draw
,,,,,,,,,,,,,,,,,Draw
,,,,,,,,,,,,,,,,,Draw
,,,,,,,,,,,,,,,,,Draw
,,,,,,,,,,,,,,,,,Draw
,,,,,,,,,,,,,,,,,Draw
,,,,,,,,,,,,,,,,,Draw
,,,,,,,,,,,,,,,,,Draw
,,,,,,,,,,,,,,,,,Draw
,,,,,,,,,,,,,,,,,Draw
,,,,,,,,,,,,,,,,,Draw
,,,,,,,,,,,,,,,,,Draw
,,,,,,,,,,,,,,,,,Draw
,,,,,,,,,,,,,,,,,Draw
,,,,,,,,,,,,,,,,,Draw
,,,,,,,,,,,,,,,,,Draw
,,,,,,,,,,,,,,,,,Draw
,,,,,,,,,,,,,,,,,Draw
,,,,,,,,,,,,,,,,,Draw
,,,,,,,,,,,,,,,,,Draw
,,,,,,,,,,,,,,,,,Draw
,,,,,,,,,,,,,,,,,Draw
,,,,,,,,,,,,,,,,,Draw
,,,,,,,,,,,,,,,,,Draw
,,,,,,,,,,,,,,,,,Draw
,,,,,,,,,,,,,,,,,Draw
,,,,,,,,,,,,,,,,,Draw
,,,,,,,,,,,,,,,,,Draw
,,,,,,,,,,,,,,,,,Draw
,,,,,,,,,,,,,,,,,Draw
,,,,,,,,,,,,,,,,,Draw
,,,,,,,,,,,,,,,,,Draw
,,,,,,,,,,,,,,,,,Draw
,,,,,,,,,,,,,,,,,Draw
,,,,,,,,,,,,,,,,,Draw
,,,,,,,,,,,,,,,,,Draw
,,,,,,,,,,,,,,,,,Draw
,,,,,,,,,,,,,,,,,Draw
,,,,,,,,,,,,,,,,,Draw
,,,,,,,,,,,,,,,,,Draw
,,,,,,,,,,,,,,,,,Draw
,,,,,,,,,,,,,,,,,Draw
,,,,,,,,,,,,,,,,,Draw
,,,,,,,,,,,,,,,,,Draw
,,,,,,,,,,,,,,,,,Draw
,,,,,,,,,,,,,,,,,Draw
,,,,,,,,,,,,,,,,,Draw
,,,,,,,,,,,,,,,,,Draw
,,,,,,,,,,,,,,,,,Draw
,,,,,,,,,,,,,,,,,Draw
,,,,,,,,,,,,,,,,,Draw
,,,,,,,,,,,,,,,,,Draw
,,,,,,,,,,,,,,,,,Draw
,,,,,,,,,,,,,,,,,Draw
,,,,,,,,,,,,,,,,,Draw
,,,,,,,,,,,,,,,,,Draw
,,,,,,,,,,,,,,,,,Draw
,,,,,,,,,,,,,,,,,Draw
,,,,,,,,,,,,,,,,,Draw
,,,,,,,,,,,,,,,,,Draw
,,,,,,,,,,,,,,,,,Draw
,,,,,,,,,,,,,,,,,Draw
,,,,,,,,,,,,,,,,,Draw
,,,,,,,,,,,,,,,,,Draw
,,,,,,,,,,,,,,,,,Draw
,,,,,,,,,,,,,,,,,Draw
,,,,,,,,,,,,,,,,,Draw
,,,,,,,,,,,,,,,,,Draw
,,,,,,,,,,,,,,,,,Draw
,,,,,,,,,,,,,,,,,Draw
,,,,,,,,,,,,,,,,,Draw
,,,,,,,,,,,,,,,,,Draw
,,,,,,,,,,,,,,,,,Draw
,,,,,,,,,,,,,,,,,Draw
,,,,,,,,,,,,,,,,,Draw
,,,,,,,,,,,,,,,,,Draw
,,,,,,,,,,,,,,,,,Draw
,,,,,,,,,,,,,,,,,Draw
,,,,,,,,,,,,,,,,,Draw
,,,,,,,,,,,,,,,,,Draw
,,,,,,,,,,,,,,,,,Draw
,,,,,,,,,,,,,,,,,Draw
,,,,,,,,,,,,,,,,,Draw
,,,,,,,,,,,,,,,,,Draw
,,,,,,,,,,,,,,,,,Draw
,,,,,,,,,,,,,,,,,Draw
,,,,,,,,,,,,,,,,,Draw
,,,,,,,,,,,,,,,,,Draw
,,,,,,,,,,,,,,,,,Draw
,,,,,,,,,,,,,,,,,Draw
,,,,,,,,,,,,,,,,,Draw
,,,,,,,,,,,,,,,,,Draw
,,,,,,,,,,,,,,,,,Draw
,,,,,,,,,,,,,,,,,Draw
,,,,,,,,,,,,,,,,,Draw
,,,,,,,,,,,,,,,,,Draw
,,,,,,,,,,,,,,,,,Draw
,,,,,,,,,,,,,,,,,Draw
,,,,,,,,,,,,,,,,,Draw
,,,,,,,,,,,,,,,,,Draw
,,,,,,,,,,,,,,,,,Draw
,,,,,,,,,,,,,,,,,Draw
,,,,,,,,,,,,,,,,,Draw
,,,,,,,,,,,,,,,,,Draw
,,,,,,,,,,,,,,,,,Draw
,,,,,,,,,,,,,,,,,Draw
,,,,,,,,,,,,,,,,,Draw
,,,,,,,,,,,,,,,,,Draw
,,,,,,,,,,,,,,,,,Draw
,,,,,,,,,,,,,,,,,Draw
,,,,,,,,,,,,,,,,,Draw
,,,,,,,,,,,,,,,,,Draw
,,,,,,,,,,,,,,,,,Draw
,,,,,,,,,,,,,,,,,Draw
,,,,,,,,,,,,,,,,,Draw
,,,,,,,,,,,,,,,,,Draw
,,,,,,,,,,,,,,,,,Draw
,,,,,,,,,,,,,,,,,Draw
,,,,,,,,,,,,,,,,,Draw
,,,,,,,,,,,,,,,,,Draw
,,,,,,,,,,,,,,,,,Draw
,,,,,,,,,,,,,,,,,Draw
,,,,,,,,,,,,,,,,,Draw
,,,,,,,,,,,,,,,,,Draw
,,,,,,,,,,,,,,,,,Draw
,,,,,,,,,,,,,,,,,Draw
,,,,,,,,,,,,,,,,,Draw
,,,,,,,,,,,,,,,,,Draw
,,,,,,,,,,,,,,,,,Draw
,,,,,,,,,,,,,,,,,Draw
,,,,,,,,,,,,,,,,,Draw
,,,,,,,,,,,,,,,,,Draw
,,,,,,,,,,,,,,,,,Draw
,,,,,,,,,,,,,,,,,Draw
,,,,,,,,,,,,,,,,,Draw
,,,,,,,,,,,,,,,,,Draw
,,,,,,,,,,,,,,,,,Draw
,,,,,,,,,,,,,,,,,Draw
,,,,,,,,,,,,,,,,,Draw
,,,,,,,,,,,,,,,,,Draw
,,,,,,,,,,,,,,,,,Draw
,,,,,,,,,,,,,,,,,Draw
,,,,,,,,,,,,,,,,,Draw
,,,,,,,,,,,,,,,,,Draw
,,,,,,,,,,,,,,,,,Draw
,,,,,,,,,,,,,,,,,Draw
,,,,,,,,,,,,,,,,,Draw
,,,,,,,,,,,,,,,,,Draw
,,,,,,,,,,,,,,,,,Draw
,,,,,,,,,,,,,,,,,Draw
,,,,,,,,,,,,,,,,,Draw
,,,,,,,,,,,,,,,,,Draw
,,,,,,,,,,,,,,,,,Draw
,,,,,,,,,,,,,,,,,Draw
,,,,,,,,,,,,,,,,,Draw
,,,,,,,,,,,,,,,,,Draw
,,,,,,,,,,,,,,,,,Draw
,,,,,,,,,,,,,,,,,Draw
,,,,,,,,,,,,,,,,,Draw
,,,,,,,,,,,,,,,,,Draw
,,,,,,,,,,,,,,,,,Draw
,,,,,,,,,,,,,,,,,Draw
,,,,,,,,,,,,,,,,,Draw
,,,,,,,,,,,,,,,,,Draw
,,,,,,,,,,,,,,,,,Draw
,,,,,,,,,,,,,,,,,Draw
,,,,,,,,,,,,,,,,,Draw
,,,,,,,,,,,,,,,,,Draw
,,,,,,,,,,,,,,,,,Draw
,,,,,,,,,,,,,,,,,Draw
,,,,,,,,,,,,,,,,,Draw
,,,,,,,,,,,,,,,,,Draw
,,,,,,,,,,,,,,,,,Draw
,,,,,,,,,,,,,,,,,Draw
,,,,,,,,,,,,,,,,,Draw
,,,,,,,,,,,,,,,,,Draw
,,,,,,,,,,,,,,,,,Draw
,,,,,,,,,,,,,,,,,Draw
,,,,,,,,,,,,,,,,,Draw
,,,,,,,,,,,,,,,,,Draw
,,,,,,,,,,,,,,,,,Draw
,,,,,,,,,,,,,,,,,Draw
,,,,,,,,,,,,,,,,,Draw
,,,,,,,,,,,,,,,,,Draw
,,,,,,,,,,,,,,,,,Draw
,,,,,,,,,,,,,,,,,Draw
,,,,,,,,,,,,,,,,,Draw
,,,,,,,,,,,,,,,,,Draw
,,,,,,,,,,,,,,,,,Draw
,,,,,,,,,,,,,,,,,Draw
,,,,,,,,,,,,,,,,,Draw
,,,,,,,,,,,,,,,,,Draw
,,,,,,,,,,,,,,,,,Draw
,,,,,,,,,,,,,,,,,Draw
,,,,,,,,,,,,,,,,,Draw
,,,,,,,,,,,,,,,,,Draw
,,,,,,,,,,,,,,,,,Draw
,,,,,,,,,,,,,,,,,Draw
,,,,,,,,,,,,,,,,,Draw
,,,,,,,,,,,,,,,,,Draw
,,,,,,,,,,,,,,,,,Draw
,,,,,,,,,,,,,,,,,Draw
,,,,,,,,,,,,,,,,,Draw
,,,,,,,,,,,,,,,,,Draw
,,,,,,,,,,,,,,,,,Draw
,,,,,,,,,,,,,,,,,Draw
,,,,,,,,,,,,,,,,,Draw
,,,,,,,,,,,,,,,,,Draw
,,,,,,,,,,,,,,,,,Draw
,,,,,,,,,,,,,,,,,Draw
,,,,,,,,,,,,,,,,,Draw
,,,,,,,,,,,,,,,,,Draw
,,,,,,,,,,,,,,,,,Draw
,,,,,,,,,,,,,,,,,Draw
,,,,,,,,,,,,,,,,,Draw
,,,,,,,,,,,,,,,,,Draw
,,,,,,,,,,,,,,,,,Draw
,,,,,,,,,,,,,,,,,Draw
,,,,,,,,,,,,,,,,,Draw
,,,,,,,,,,,,,,,,,Draw
,,,,,,,,,,,,,,,,,Draw
,,,,,,,,,,,,,,,,,Draw
,,,,,,,,,,,,,,,,,Draw
,,,,,,,,,,,,,,,,,Draw
,,,,,,,,,,,,,,,,,Draw
,,,,,,,,,,,,,,,,,Draw
,,,,,,,,,,,,,,,,,Draw
,,,,,,,,,,,,,,,,,Draw
,,,,,,,,,,,,,,,,,Draw
,,,,,,,,,,,,,,,,,Draw
,,,,,,,,,,,,,,,,,Draw
,,,,,,,,,,,,,,,,,Draw
,,,,,,,,,,,,,,,,,Draw
,,,,,,,,,,,,,,,,,Draw
,,,,,,,,,,,,,,,,,Draw
,,,,,,,,,,,,,,,,,Draw
,,,,,,,,,,,,,,,,,Draw
,,,,,,,,,,,,,,,,,Draw
,,,,,,,,,,,,,,,,,Draw
,,,,,,,,,,,,,,,,,Draw
,,,,,,,,,,,,,,,,,Draw
,,,,,,,,,,,,,,,,,Draw
,,,,,,,,,,,,,,,,,Draw
,,,,,,,,,,,,,,,,,Draw
,,,,,,,,,,,,,,,,,Draw
,,,,,,,,,,,,,,,,,Draw
,,,,,,,,,,,,,,,,,Draw
,,,,,,,,,,,,,,,,,Draw
,,,,,,,,,,,,,,,,,Draw
,,,,,,,,,,,,,,,,,Draw
,,,,,,,,,,,,,,,,,Draw
,,,,,,,,,,,,,,,,,Draw
,,,,,,,,,,,,,,,,,Draw
,,,,,,,,,,,,,,,,,Draw
,,,,,,,,,,,,,,,,,Draw
,,,,,,,,,,,,,,,,,Draw
,,,,,,,,,,,,,,,,,Draw
,,,,,,,,,,,,,,,,,Draw
,,,,,,,,,,,,,,,,,Draw
,,,,,,,,,,,,,,,,,Draw
,,,,,,,,,,,,,,,,,Draw
,,,,,,,,,,,,,,,,,Draw
,,,,,,,,,,,,,,,,,Draw
,,,,,,,,,,,,,,,,,Draw
,,,,,,,,,,,,,,,,,Draw
,,,,,,,,,,,,,,,,,Draw
,,,,,,,,,,,,,,,,,Draw
,,,,,,,,,,,,,,,,,Draw
,,,,,,,,,,,,,,,,,Draw
,,,,,,,,,,,,,,,,,Draw
,,,,,,,,,,,,,,,,,Draw
,,,,,,,,,,,,,,,,,Draw
,,,,,,,,,,,,,,,,,Draw
,,,,,,,,,,,,,,,,,Draw
,,,,,,,,,,,,,,,,,Draw
,,,,,,,,,,,,,,,,,Draw
,,,,,,,,,,,,,,,,,Draw
,,,,,,,,,,,,,,,,,Draw
,,,,,,,,,,,,,,,,,Draw
,,,,,,,,,,,,,,,,,Draw
,,,,,,,,,,,,,,,,,Draw
,,,,,,,,,,,,,,,,,Draw
,,,,,,,,,,,,,,,,,Draw
,,,,,,,,,,,,,,,,,Draw
,,,,,,,,,,,,,,,,,Draw
,,,,,,,,,,,,,,,,,Draw
,,,,,,,,,,,,,,,,,Draw
,,,,,,,,,,,,,,,,,Draw
,,,,,,,,,,,,,,,,,Draw
,,,,,,,,,,,,,,,,,Draw
,,,,,,,,,,,,,,,,,Draw
,,,,,,,,,,,,,,,,,Draw
,,,,,,,,,,,,,,,,,Draw
,,,,,,,,,,,,,,,,,Draw
,,,,,,,,,,,,,,,,,Draw
,,,,,,,,,,,,,,,,,Draw
,,,,,,,,,,,,,,,,,Draw
,,,,,,,,,,,,,,,,,Draw
,,,,,,,,,,,,,,,,,Draw
,,,,,,,,,,,,,,,,,Draw
,,,,,,,,,,,,,,,,,Draw
,,,,,,,,,,,,,,,,,Draw
,,,,,,,,,,,,,,,,,Draw
,,,,,,,,,,,,,,,,,Draw
,,,,,,,,,,,,,,,,,Draw
,,,,,,,,,,,,,,,,,Draw
,,,,,,,,,,,,,,,,,Draw
,,,,,,,,,,,,,,,,,Draw
,,,,,,,,,,,,,,,,,Draw
,,,,,,,,,,,,,,,,,Draw
,,,,,,,,,,,,,,,,,Draw
,,,,,,,,,,,,,,,,,Draw
,,,,,,,,,,,,,,,,,Draw
,,,,,,,,,,,,,,,,,Draw
,,,,,,,,,,,,,,,,,Draw
,,,,,,,,,,,,,,,,,Draw
,,,,,,,,,,,,,,,,,Draw
,,,,,,,,,,,,,,,,,Draw
,,,,,,,,,,,,,,,,,Draw
,,,,,,,,,,,,,,,,,Draw
,,,,,,,,,,,,,,,,,Draw
,,,,,,,,,,,,,,,,,Draw
,,,,,,,,,,,,,,,,,Draw
,,,,,,,,,,,,,,,,,Draw
,,,,,,,,,,,,,,,,,Draw
,,,,,,,,,,,,,,,,,Draw
,,,,,,,,,,,,,,,,,Draw
,,,,,,,,,,,,,,,,,Draw
,,,,,,,,,,,,,,,,,Draw
,,,,,,,,,,,,,,,,,Draw
,,,,,,,,,,,,,,,,,Draw
,,,,,,,,,,,,,,,,,Draw
,,,,,,,,,,,,,,,,,Draw
,,,,,,,,,,,,,,,,,Draw
,,,,,,,,,,,,,,,,,Draw
,,,,,,,,,,,,,,,,,Draw
,,,,,,,,,,,,,,,,,Draw
,,,,,,,,,,,,,,,,,Draw
,,,,,,,,,,,,,,,,,Draw
,,,,,,,,,,,,,,,,,Draw
,,,,,,,,,,,,,,,,,Draw
,,,,,,,,,,,,,,,,,Draw
,,,,,,,,,,,,,,,,,Draw
,,,,,,,,,,,,,,,,,Draw
,,,,,,,,,,,,,,,,,Draw
,,,,,,,,,,,,,,,,,Draw
,,,,,,,,,,,,,,,,,Draw
,,,,,,,,,,,,,,,,,Draw
,,,,,,,,,,,,,,,,,Draw
,,,,,,,,,,,,,,,,,Draw
,,,,,,,,,,,,,,,,,Draw
,,,,,,,,,,,,,,,,,Draw
,,,,,,,,,,,,,,,,,Draw
,,,,,,,,,,,,,,,,,Draw
,,,,,,,,,,,,,,,,,Draw
,,,,,,,,,,,,,,,,,Draw
,,,,,,,,,,,,,,,,,Draw
,,,,,,,,,,,,,,,,,Draw
,,,,,,,,,,,,,,,,,Draw
,,,,,,,,,,,,,,,,,Draw
,,,,,,,,,,,,,,,,,Draw
,,,,,,,,,,,,,,,,,Draw
,,,,,,,,,,,,,,,,,Draw
,,,,,,,,,,,,,,,,,Draw
,,,,,,,,,,,,,,,,,Draw
,,,,,,,,,,,,,,,,,Draw
,,,,,,,,,,,,,,,,,Draw
,,,,,,,,,,,,,,,,,Draw
,,,,,,,,,,,,,,,,,Draw
,,,,,,,,,,,,,,,,,Draw
,,,,,,,,,,,,,,,,,Draw
,,,,,,,,,,,,,,,,,Draw
,,,,,,,,,,,,,,,,,Draw
,,,,,,,,,,,,,,,,,Draw
,,,,,,,,,,,,,,,,,Draw
,,,,,,,,,,,,,,,,,Draw
,,,,,,,,,,,,,,,,,Draw
,,,,,,,,,,,,,,,,,Draw
,,,,,,,,,,,,,,,,,Draw
,,,,,,,,,,,,,,,,,Draw
,,,,,,,,,,,,,,,,,Draw
,,,,,,,,,,,,,,,,,Draw
,,,,,,,,,,,,,,,,,Draw
,,,,,,,,,,,,,,,,,Draw
,,,,,,,,,,,,,,,,,Draw
,,,,,,,,,,,,,,,,,Draw
,,,,,,,,,,,,,,,,,Draw
,,,,,,,,,,,,,,,,,Draw
,,,,,,,,,,,,,,,,,Draw
,,,,,,,,,,,,,,,,,Draw
,,,,,,,,,,,,,,,,,Draw
,,,,,,,,,,,,,,,,,Draw
,,,,,,,,,,,,,,,,,Draw
,,,,,,,,,,,,,,,,,Draw
,,,,,,,,,,,,,,,,,Draw
,,,,,,,,,,,,,,,,,Draw
,,,,,,,,,,,,,,,,,Draw
,,,,,,,,,,,,,,,,,Draw
,,,,,,,,,,,,,,,,,Draw
,,,,,,,,,,,,,,,,,Draw
,,,,,,,,,,,,,,,,,Draw
,,,,,,,,,,,,,,,,,Draw
,,,,,,,,,,,,,,,,,Draw
,,,,,,,,,,,,,,,,,Draw
,,,,,,,,,,,,,,,,,Draw
,,,,,,,,,,,,,,,,,Draw
,,,,,,,,,,,,,,,,,Draw
,,,,,,,,,,,,,,,,,Draw
,,,,,,,,,,,,,,,,,Draw
,,,,,,,,,,,,,,,,,Draw
,,,,,,,,,,,,,,,,,Draw
,,,,,,,,,,,,,,,,,Draw
,,,,,,,,,,,,,,,,,Draw
,,,,,,,,,,,,,,,,,Draw
,,,,,,,,,,,,,,,,,Draw
,,,,,,,,,,,,,,,,,Draw
,,,,,,,,,,,,,,,,,Draw
,,,,,,,,,,,,,,,,,Draw
,,,,,,,,,,,,,,,,,Draw
,,,,,,,,,,,,,,,,,Draw
,,,,,,,,,,,,,,,,,Draw
,,,,,,,,,,,,,,,,,Draw
,,,,,,,,,,,,,,,,,Draw
,,,,,,,,,,,,,,,,,Draw
,,,,,,,,,,,,,,,,,Draw
,,,,,,,,,,,,,,,,,Draw
,,,,,,,,,,,,,,,,,Draw
,,,,,,,,,,,,,,,,,Draw
,,,,,,,,,,,,,,,,,Draw
,,,,,,,,,,,,,,,,,Draw
,,,,,,,,,,,,,,,,,Draw
,,,,,,,,,,,,,,,,,Draw
,,,,,,,,,,,,,,,,,Draw
,,,,,,,,,,,,,,,,,Draw
,,,,,,,,,,,,,,,,,Draw
,,,,,,,,,,,,,,,,,Draw
,,,,,,,,,,,,,,,,,Draw
,,,,,,,,,,,,,,,,,Draw
,,,,,,,,,,,,,,,,,Draw
,,,,,,,,,,,,,,,,,Draw
,,,,,,,,,,,,,,,,,Draw
,,,,,,,,,,,,,,,,,Draw
,,,,,,,,,,,,,,,,,Draw
,,,,,,,,,,,,,,,,,Draw
,,,,,,,,,,,,,,,,,Draw
,,,,,,,,,,,,,,,,,Draw
,,,,,,,,,,,,,,,,,Draw
,,,,,,,,,,,,,,,,,Draw
,,,,,,,,,,,,,,,,,Draw
,,,,,,,,,,,,,,,,,Draw
,,,,,,,,,,,,,,,,,Draw
,,,,,,,,,,,,,,,,,Draw
,,,,,,,,,,,,,,,,,Draw
,,,,,,,,,,,,,,,,,Draw
,,,,,,,,,,,,,,,,,Draw
,,,,,,,,,,,,,,,,,Draw
,,,,,,,,,,,,,,,,,Draw
,,,,,,,,,,,,,,,,,Draw
,,,,,,,,,,,,,,,,,Draw
,,,,,,,,,,,,,,,,,Draw
,,,,,,,,,,,,,,,,,Draw
,,,,,,,,,,,,,,,,,Draw
,,,,,,,,,,,,,,,,,Draw
,,,,,,,,,,,,,,,,,Draw
,,,,,,,,,,,,,,,,,Draw
,,,,,,,,,,,,,,,,,Draw
,,,,,,,,,,,,,,,,,Draw
,,,,,,,,,,,,,,,,,Draw
,,,,,,,,,,,,,,,,,Draw
,,,,,,,,,,,,,,,,,Draw
,,,,,,,,,,,,,,,,,Draw
,,,,,,,,,,,,,,,,,Draw
,,,,,,,,,,,,,,,,,Draw
,,,,,,,,,,,,,,,,,Draw
,,,,,,,,,,,,,,,,,Draw
,,,,,,,,,,,,,,,,,Draw
,,,,,,,,,,,,,,,,,Draw
,,,,,,,,,,,,,,,,,Draw
,,,,,,,,,,,,,,,,,Draw
,,,,,,,,,,,,,,,,,Draw
,,,,,,,,,,,,,,,,,Draw
,,,,,,,,,,,,,,,,,Draw
,,,,,,,,,,,,,,,,,Draw
,,,,,,,,,,,,,,,,,Draw
,,,,,,,,,,,,,,,,,Draw
,,,,,,,,,,,,,,,,,Draw
,,,,,,,,,,,,,,,,,Draw
,,,,,,,,,,,,,,,,,Draw
,,,,,,,,,,,,,,,,,Draw
,,,,,,,,,,,,,,,,,Draw
,,,,,,,,,,,,,,,,,Draw
,,,,,,,,,,,,,,,,,Draw
,,,,,,,,,,,,,,,,,Draw
,,,,,,,,,,,,,,,,,Draw
,,,,,,,,,,,,,,,,,Draw
,,,,,,,,,,,,,,,,,Draw
,,,,,,,,,,,,,,,,,Draw
,,,,,,,,,,,,,,,,,Draw
,,,,,,,,,,,,,,,,,Draw
,,,,,,,,,,,,,,,,,Draw
,,,,,,,,,,,,,,,,,Draw
,,,,,,,,,,,,,,,,,Draw
,,,,,,,,,,,,,,,,,Draw
,,,,,,,,,,,,,,,,,Draw
,,,,,,,,,,,,,,,,,Draw
,,,,,,,,,,,,,,,,,Draw
,,,,,,,,,,,,,,,,,Draw
,,,,,,,,,,,,,,,,,Draw
,,,,,,,,,,,,,,,,,Draw
,,,,,,,,,,,,,,,,,Draw
,,,,,,,,,,,,,,,,,Draw
,,,,,,,,,,,,,,,,,Draw
,,,,,,,,,,,,,,,,,Draw
,,,,,,,,,,,,,,,,,Draw
,,,,,,,,,,,,,,,,,Draw
,,,,,,,,,,,,,,,,,Draw
,,,,,,,,,,,,,,,,,Draw
,,,,,,,,,,,,,,,,,Draw
,,,,,,,,,,,,,,,,,Draw
,,,,,,,,,,,,,,,,,Draw
,,,,,,,,,,,,,,,,,Draw
,,,,,,,,,,,,,,,,,Draw
,,,,,,,,,,,,,,,,,Draw
,,,,,,,,,,,,,,,,,Draw
,,,,,,,,,,,,,,,,,Draw
,,,,,,,,,,,,,,,,,Draw
,,,,,,,,,,,,,,,,,Draw
,,,,,,,,,,,,,,,,,Draw
,,,,,,,,,,,,,,,,,Draw
,,,,,,,,,,,,,,,,,Draw
,,,,,,,,,,,,,,,,,Draw
,,,,,,,,,,,,,,,,,Draw
,,,,,,,,,,,,,,,,,Draw
,,,,,,,,,,,,,,,,,Draw
,,,,,,,,,,,,,,,,,Draw
,,,,,,,,,,,,,,,,,Draw
,,,,,,,,,,,,,,,,,Draw
,,,,,,,,,,,,,,,,,Draw
,,,,,,,,,,,,,,,,,Draw
,,,,,,,,,,,,,,,,,Draw
,,,,,,,,,,,,,,,,,Draw
,,,,,,,,,,,,,,,,,Draw
,,,,,,,,,,,,,,,,,Draw
,,,,,,,,,,,,,,,,,Draw
,,,,,,,,,,,,,,,,,Draw
,,,,,,,,,,,,,,,,,Draw
,,,,,,,,,,,,,,,,,Draw
,,,,,,,,,,,,,,,,,Draw
,,,,,,,,,,,,,,,,,Draw
,,,,,,,,,,,,,,,,,Draw
,,,,,,,,,,,,,,,,,Draw
,,,,,,,,,,,,,,,,,Draw
,,,,,,,,,,,,,,,,,Draw
,,,,,,,,,,,,,,,,,Draw
,,,,,,,,,,,,,,,,,Draw
,,,,,,,,,,,,,,,,,Draw
,,,,,,,,,,,,,,,,,Draw
,,,,,,,,,,,,,,,,,Draw
,,,,,,,,,,,,,,,,,Draw
,,,,,,,,,,,,,,,,,Draw
,,,,,,,,,,,,,,,,,Draw
,,,,,,,,,,,,,,,,,Draw
,,,,,,,,,,,,,,,,,Draw
,,,,,,,,,,,,,,,,,Draw
,,,,,,,,,,,,,,,,,Draw
,,,,,,,,,,,,,,,,,Draw
,,,,,,,,,,,,,,,,,Draw
,,,,,,,,,,,,,,,,,Draw
,,,,,,,,,,,,,,,,,Draw
,,,,,,,,,,,,,,,,,Draw
,,,,,,,,,,,,,,,,,Draw
,,,,,,,,,,,,,,,,,Draw
,,,,,,,,,,,,,,,,,Draw
,,,,,,,,,,,,,,,,,Draw
,,,,,,,,,,,,,,,,,Draw
,,,,,,,,,,,,,,,,,Draw
,,,,,,,,,,,,,,,,,Draw
,,,,,,,,,,,,,,,,,Draw
,,,,,,,,,,,,,,,,,Draw
,,,,,,,,,,,,,,,,,Draw
,,,,,,,,,,,,,,,,,Draw
,,,,,,,,,,,,,,,,,Draw
,,,,,,,,,,,,,,,,,Draw
,,,,,,,,,,,,,,,,,Draw
,,,,,,,,,,,,,,,,,Draw
,,,,,,,,,,,,,,,,,Draw
,,,,,,,,,,,,,,,,,Draw
,,,,,,,,,,,,,,,,,Draw
,,,,,,,,,,,,,,,,,Draw
,,,,,,,,,,,,,,,,,Draw
,,,,,,,,,,,,,,,,,Draw
,,,,,,,,,,,,,,,,,Draw
,,,,,,,,,,,,,,,,,Draw
,,,,,,,,,,,,,,,,,Draw
,,,,,,,,,,,,,,,,,Draw
,,,,,,,,,,,,,,,,,Draw
,,,,,,,,,,,,,,,,,Draw
,,,,,,,,,,,,,,,,,Draw
,,,,,,,,,,,,,,,,,Draw
,,,,,,,,,,,,,,,,,Draw
,,,,,,,,,,,,,,,,,Draw
,,,,,,,,,,,,,,,,,Draw
,,,,,,,,,,,,,,,,,Draw
,,,,,,,,,,,,,,,,,Draw
,,,,,,,,,,,,,,,,,Draw
,,,,,,,,,,,,,,,,,Draw
,,,,,,,,,,,,,,,,,Draw
,,,,,,,,,,,,,,,,,Draw
,,,,,,,,,,,,,,,,,Draw
,,,,,,,,,,,,,,,,,Draw
,,,,,,,,,,,,,,,,,Draw
,,,,,,,,,,,,,,,,,Draw
,,,,,,,,,,,,,,,,,Draw
,,,,,,,,,,,,,,,,,Draw
,,,,,,,,,,,,,,,,,Draw
,,,,,,,,,,,,,,,,,Draw
,,,,,,,,,,,,,,,,,Draw
,,,,,,,,,,,,,,,,,Draw
,,,,,,,,,,,,,,,,,Draw
,,,,,,,,,,,,,,,,,Draw
,,,,,,,,,,,,,,,,,Draw
,,,,,,,,,,,,,,,,,Draw
,,,,,,,,,,,,,,,,,Draw
,,,,,,,,,,,,,,,,,Draw
,,,,,,,,,,,,,,,,,Draw
,,,,,,,,,,,,,,,,,Draw
,,,,,,,,,,,,,,,,,Draw
,,,,,,,,,,,,,,,,,Draw
,,,,,,,,,,,,,,,,,Draw
,,,,,,,,,,,,,,,,,Draw
,,,,,,,,,,,,,,,,,Draw
,,,,,,,,,,,,,,,,,Draw
,,,,,,,,,,,,,,,,,Draw
,,,,,,,,,,,,,,,,,Draw
,,,,,,,,,,,,,,,,,Draw
,,,,,,,,,,,,,,,,,Draw
,,,,,,,,,,,,,,,,,Draw
,,,,,,,,,,,,,,,,,Draw
,,,,,,,,,,,,,,,,,Draw
,,,,,,,,,,,,,,,,,Draw
,,,,,,,,,,,,,,,,,Draw
,,,,,,,,,,,,,,,,,Draw
,,,,,,,,,,,,,,,,,Draw
,,,,,,,,,,,,,,,,,Draw
,,,,,,,,,,,,,,,,,Draw
,,,,,,,,,,,,,,,,,Draw
,,,,,,,,,,,,,,,,,Draw
,,,,,,,,,,,,,,,,,Draw
,,,,,,,,,,,,,,,,,Draw
,,,,,,,,,,,,,,,,,Draw
,,,,,,,,,,,,,,,,,Draw
,,,,,,,,,,,,,,,,,Draw
,,,,,,,,,,,,,,,,,Draw
,,,,,,,,,,,,,,,,,Draw
,,,,,,,,,,,,,,,,,Draw
,,,,,,,,,,,,,,,,,Draw
,,,,,,,,,,,,,,,,,Draw
,,,,,,,,,,,,,,,,,Draw
,,,,,,,,,,,,,,,,,Draw
,,,,,,,,,,,,,,,,,Draw
,,,,,,,,,,,,,,,,,Draw
,,,,,,,,,,,,,,,,,Draw
,,,,,,,,,,,,,,,,,Draw
,,,,,,,,,,,,,,,,,Draw
,,,,,,,,,,,,,,,,,Draw
,,,,,,,,,,,,,,,,,Draw
,,,,,,,,,,,,,,,,,Draw
,,,,,,,,,,,,,,,,,Draw
,,,,,,,,,,,,,,,,,Draw
,,,,,,,,,,,,,,,,,Draw
,,,,,,,,,,,,,,,,,Draw
,,,,,,,,,,,,,,,,,Draw
,,,,,,,,,,,,,,,,,Draw
,,,,,,,,,,,,,,,,,Draw
,,,,,,,,,,,,,,,,,Draw
,,,,,,,,,,,,,,,,,Draw
,,,,,,,,,,,,,,,,,Draw
,,,,,,,,,,,,,,,,,Draw
,,,,,,,,,,,,,,,,,Draw
,,,,,,,,,,,,,,,,,Draw
,,,,,,,,,,,,,,,,,Draw
,,,,,,,,,,,,,,,,,Draw
,,,,,,,,,,,,,,,,,Draw
,,,,,,,,,,,,,,,,,Draw
,,,,,,,,,,,,,,,,,Draw
,,,,,,,,,,,,,,,,,Draw
,,,,,,,,,,,,,,,,,Draw
,,,,,,,,,,,,,,,,,Draw
,,,,,,,,,,,,,,,,,Draw
,,,,,,,,,,,,,,,,,Draw
,,,,,,,,,,,,,,,,,Draw
,,,,,,,,,,,,,,,,,Draw
,,,,,,,,,,,,,,,,,Draw
,,,,,,,,,,,,,,,,,Draw
,,,,,,,,,,,,,,,,,Draw
,,,,,,,,,,,,,,,,,Draw
,,,,,,,,,,,,,,,,,Draw
,,,,,,,,,,,,,,,,,Draw
,,,,,,,,,,,,,,,,,Draw
,,,,,,,,,,,,,,,,,Draw
,,,,,,,,,,,,,,,,,Draw
,,,,,,,,,,,,,,,,,Draw
,,,,,,,,,,,,,,,,,Draw
,,,,,,,,,,,,,,,,,Draw
,,,,,,,,,,,,,,,,,Draw
,,,,,,,,,,,,,,,,,Draw
,,,,,,,,,,,,,,,,,Draw
,,,,,,,,,,,,,,,,,Draw
,,,,,,,,,,,,,,,,,Draw
,,,,,,,,,,,,,,,,,Draw
,,,,,,,,,,,,,,,,,Draw
,,,,,,,,,,,,,,,,,Draw
,,,,,,,,,,,,,,,,,Draw
,,,,,,,,,,,,,,,,,Draw
,,,,,,,,,,,,,,,,,Draw
,,,,,,,,,,,,,,,,,Draw
,,,,,,,,,,,,,,,,,Draw
,,,,,,,,,,,,,,,,,Draw
,,,,,,,,,,,,,,,,,Draw
,,,,,,,,,,,,,,,,,Draw
,,,,,,,,,,,,,,,,,Draw
,,,,,,,,,,,,,,,,,Draw
,,,,,,,,,,,,,,,,,Draw
,,,,,,,,,,,,,,,,,Draw
,,,,,,,,,,,,,,,,,Draw
,,,,,,,,,,,,,,,,,Draw
,,,,,,,,,,,,,,,,,Draw
,,,,,,,,,,,,,,,,,Draw
,,,,,,,,,,,,,,,,,Draw
,,,,,,,,,,,,,,,,,Draw
,,,,,,,,,,,,,,,,,Draw
,,,,,,,,,,,,,,,,,Draw
,,,,,,,,,,,,,,,,,Draw
,,,,,,,,,,,,,,,,,Draw
,,,,,,,,,,,,,,,,,Draw
,,,,,,,,,,,,,,,,,Draw
,,,,,,,,,,,,,,,,,Draw
,,,,,,,,,,,,,,,,,Draw
,,,,,,,,,,,,,,,,,Draw
,,,,,,,,,,,,,,,,,Draw
,,,,,,,,,,,,,,,,,Draw
,,,,,,,,,,,,,,,,,Draw
,,,,,,,,,,,,,,,,,Draw
,,,,,,,,,,,,,,,,,Draw
,,,,,,,,,,,,,,,,,Draw
,,,,,,,,,,,,,,,,,Draw
,,,,,,,,,,,,,,,,,Draw
,,,,,,,,,,,,,,,,,Draw
,,,,,,,,,,,,,,,,,Draw
,,,,,,,,,,,,,,,,,Draw
,,,,,,,,,,,,,,,,,Draw
,,,,,,,,,,,,,,,,,Draw
,,,,,,,,,,,,,,,,,Draw
,,,,,,,,,,,,,,,,,Draw
,,,,,,,,,,,,,,,,,Draw
,,,,,,,,,,,,,,,,,Draw
,,,,,,,,,,,,,,,,,Draw
,,,,,,,,,,,,,,,,,Draw
,,,,,,,,,,,,,,,,,Draw
,,,,,,,,,,,,,,,,,Draw
,,,,,,,,,,,,,,,,,Draw
,,,,,,,,,,,,,,,,,Draw
,,,,,,,,,,,,,,,,,Draw
,,,,,,,,,,,,,,,,,Draw
,,,,,,,,,,,,,,,,,Draw
,,,,,,,,,,,,,,,,,Draw
,,,,,,,,,,,,,,,,,Draw
,,,,,,,,,,,,,,,,,Draw
,,,,,,,,,,,,,,,,,Draw
,,,,,,,,,,,,,,,,,Draw
,,,,,,,,,,,,,,,,,Draw
,,,,,,,,,,,,,,,,,Draw
,,,,,,,,,,,,,,,,,Draw
,,,,,,,,,,,,,,,,,Draw
,,,,,,,,,,,,,,,,,Draw
,,,,,,,,,,,,,,,,,Draw
,,,,,,,,,,,,,,,,,Draw
,,,,,,,,,,,,,,,,,Draw
,,,,,,,,,,,,,,,,,Draw
,,,,,,,,,,,,,,,,,Draw
,,,,,,,,,,,,,,,,,Draw
,,,,,,,,,,,,,,,,,Draw
,,,,,,,,,,,,,,,,,Draw
,,,,,,,,,,,,,,,,,Draw
,,,,,,,,,,,,,,,,,Draw
,,,,,,,,,,,,,,,,,Draw
,,,,,,,,,,,,,,,,,Draw
,,,,,,,,,,,,,,,,,Draw
,,,,,,,,,,,,,,,,,Draw
,,,,,,,,,,,,,,,,,Draw
,,,,,,,,,,,,,,,,,Draw
,,,,,,,,,,,,,,,,,Draw
,,,,,,,,,,,,,,,,,Draw
,,,,,,,,,,,,,,,,,Draw
,,,,,,,,,,,,,,,,,Draw
,,,,,,,,,,,,,,,,,Draw
,,,,,,,,,,,,,,,,,Draw
,,,,,,,,,,,,,,,,,Draw
,,,,,,,,,,,,,,,,,Draw
,,,,,,,,,,,,,,,,,Draw
,,,,,,,,,,,,,,,,,Draw
,,,,,,,,,,,,,,,,,Draw
,,,,,,,,,,,,,,,,,Draw
,,,,,,,,,,,,,,,,,Draw
,,,,,,,,,,,,,,,,,Draw
,,,,,,,,,,,,,,,,,Draw
,,,,,,,,,,,,,,,,,Draw
,,,,,,,,,,,,,,,,,Draw
,,,,,,,,,,,,,,,,,Draw
,,,,,,,,,,,,,,,,,Draw
,,,,,,,,,,,,,,,,,Draw
,,,,,,,,,,,,,,,,,Draw
,,,,,,,,,,,,,,,,,Draw
,,,,,,,,,,,,,,,,,Draw
,,,,,,,,,,,,,,,,,Draw
,,,,,,,,,,,,,,,,,Draw
,,,,,,,,,,,,,,,,,Draw
,,,,,,,,,,,,,,,,,Draw
,,,,,,,,,,,,,,,,,Draw
,,,,,,,,,,,,,,,,,Draw
,,,,,,,,,,,,,,,,,Draw
,,,,,,,,,,,,,,,,,Draw
,,,,,,,,,,,,,,,,,Draw
,,,,,,,,,,,,,,,,,Draw
,,,,,,,,,,,,,,,,,Draw
,,,,,,,,,,,,,,,,,Draw
,,,,,,,,,,,,,,,,,Draw
,,,,,,,,,,,,,,,,,Draw
,,,,,,,,,,,,,,,,,Draw
,,,,,,,,,,,,,,,,,Draw
,,,,,,,,,,,,,,,,,Draw
,,,,,,,,,,,,,,,,,Draw
,,,,,,,,,,,,,,,,,Draw
,,,,,,,,,,,,,,,,,Draw
,,,,,,,,,,,,,,,,,Draw
,,,,,,,,,,,,,,,,,Draw
,,,,,,,,,,,,,,,,,Draw
,,,,,,,,,,,,,,,,,Draw
,,,,,,,,,,,,,,,,,Draw
,,,,,,,,,,,,,,,,,Draw
,,,,,,,,,,,,,,,,,Draw
,,,,,,,,,,,,,,,,,Draw
,,,,,,,,,,,,,,,,,Draw
,,,,,,,,,,,,,,,,,Draw
,,,,,,,,,,,,,,,,,Draw
,,,,,,,,,,,,,,,,,Draw
,,,,,,,,,,,,,,,,,Draw
,,,,,,,,,,,,,,,,,Draw
,,,,,,,,,,,,,,,,,Draw
,,,,,,,,,,,,,,,,,Draw
,,,,,,,,,,,,,,,,,Draw
,,,,,,,,,,,,,,,,,Draw
,,,,,,,,,,,,,,,,,Draw
,,,,,,,,,,,,,,,,,Draw
,,,,,,,,,,,,,,,,,Draw
,,,,,,,,,,,,,,,,,Draw
,,,,,,,,,,,,,,,,,Draw
,,,,,,,,,,,,,,,,,Draw
,,,,,,,,,,,,,,,,,Draw
,,,,,,,,,,,,,,,,,Draw
,,,,,,,,,,,,,,,,,Draw
,,,,,,,,,,,,,,,,,Draw
,,,,,,,,,,,,,,,,,Draw
,,,,,,,,,,,,,,,,,Draw
,,,,,,,,,,,,,,,,,Draw
,,,,,,,,,,,,,,,,,Draw
,,,,,,,,,,,,,,,,,Draw
,,,,,,,,,,,,,,,,,Draw
,,,,,,,,,,,,,,,,,Draw
,,,,,,,,,,,,,,,,,Draw
,,,,,,,,,,,,,,,,,Draw
,,,,,,,,,,,,,,,,,Draw
,,,,,,,,,,,,,,,,,Draw
,,,,,,,,,,,,,,,,,Draw
,,,,,,,,,,,,,,,,,Draw
,,,,,,,,,,,,,,,,,Draw
,,,,,,,,,,,,,,,,,Draw
,,,,,,,,,,,,,,,,,Draw
,,,,,,,,,,,,,,,,,Draw
,,,,,,,,,,,,,,,,,Draw
,,,,,,,,,,,,,,,,,Draw
,,,,,,,,,,,,,,,,,Draw
,,,,,,,,,,,,,,,,,Draw
,,,,,,,,,,,,,,,,,Draw
,,,,,,,,,,,,,,,,,Draw
,,,,,,,,,,,,,,,,,Draw
,,,,,,,,,,,,,,,,,Draw
,,,,,,,,,,,,,,,,,Draw
,,,,,,,,,,,,,,,,,Draw
,,,,,,,,,,,,,,,,,Draw
,,,,,,,,,,,,,,,,,Draw
,,,,,,,,,,,,,,,,,Draw
,,,,,,,,,,,,,,,,,Draw
,,,,,,,,,,,,,,,,,Draw
,,,,,,,,,,,,,,,,,Draw
,,,,,,,,,,,,,,,,,Draw
,,,,,,,,,,,,,,,,,Draw
,,,,,,,,,,,,,,,,,Draw
,,,,,,,,,,,,,,,,,Draw
,,,,,,,,,,,,,,,,,Draw
,,,,,,,,,,,,,,,,,Draw
,,,,,,,,,,,,,,,,,Draw
,,,,,,,,,,,,,,,,,Draw
,,,,,,,,,,,,,,,,,Draw
,,,,,,,,,,,,,,,,,Draw
,,,,,,,,,,,,,,,,,Draw
,,,,,,,,,,,,,,,,,Draw
,,,,,,,,,,,,,,,,,Draw
,,,,,,,,,,,,,,,,,Draw
,,,,,,,,,,,,,,,,,Draw
,,,,,,,,,,,,,,,,,Draw
,,,,,,,,,,,,,,,,,Draw
,,,,,,,,,,,,,,,,,Draw
,,,,,,,,,,,,,,,,,Draw
,,,,,,,,,,,,,,,,,Draw
,,,,,,,,,,,,,,,,,Draw
,,,,,,,,,,,,,,,,,Draw
,,,,,,,,,,,,,,,,,Draw
,,,,,,,,,,,,,,,,,Draw
,,,,,,,,,,,,,,,,,Draw
,,,,,,,,,,,,,,,,,Draw
,,,,,,,,,,,,,,,,,Draw
,,,,,,,,,,,,,,,,,Draw
,,,,,,,,,,,,,,,,,Draw
,,,,,,,,,,,,,,,,,Draw
,,,,,,,,,,,,,,,,,Draw
,,,,,,,,,,,,,,,,,Draw
,,,,,,,,,,,,,,,,,Draw
,,,,,,,,,,,,,,,,,Draw
,,,,,,,,,,,,,,,,,Draw
,,,,,,,,,,,,,,,,,Draw
,,,,,,,,,,,,,,,,,Draw
,,,,,,,,,,,,,,,,,Draw
,,,,,,,,,,,,,,,,,Draw
,,,,,,,,,,,,,,,,,Draw
,,,,,,,,,,,,,,,,,Draw
,,,,,,,,,,,,,,,,,Draw
,,,,,,,,,,,,,,,,,Draw
,,,,,,,,,,,,,,,,,Draw
,,,,,,,,,,,,,,,,,Draw
,,,,,,,,,,,,,,,,,Draw
,,,,,,,,,,,,,,,,,Draw
,,,,,,,,,,,,,,,,,Draw
,,,,,,,,,,,,,,,,,Draw
,,,,,,,,,,,,,,,,,Draw
,,,,,,,,,,,,,,,,,Draw
,,,,,,,,,,,,,,,,,Draw
,,,,,,,,,,,,,,,,,Draw
,,,,,,,,,,,,,,,,,Draw
,,,,,,,,,,,,,,,,,Draw
,,,,,,,,,,,,,,,,,Draw
,,,,,,,,,,,,,,,,,Draw
,,,,,,,,,,,,,,,,,Draw
,,,,,,,,,,,,,,,,,Draw
,,,,,,,,,,,,,,,,,Draw
,,,,,,,,,,,,,,,,,Draw
,,,,,,,,,,,,,,,,,Draw
,,,,,,,,,,,,,,,,,Draw
,,,,,,,,,,,,,,,,,Draw
,,,,,,,,,,,,,,,,,Draw
,,,,,,,,,,,,,,,,,Draw
,,,,,,,,,,,,,,,,,Draw
,,,,,,,,,,,,,,,,,Draw
,,,,,,,,,,,,,,,,,Draw
,,,,,,,,,,,,,,,,,Draw
,,,,,,,,,,,,,,,,,Draw
,,,,,,,,,,,,,,,,,Draw
,,,,,,,,,,,,,,,,,Draw
,,,,,,,,,,,,,,,,,Draw
,,,,,,,,,,,,,,,,,Draw
,,,,,,,,,,,,,,,,,Draw
,,,,,,,,,,,,,,,,,Draw
,,,,,,,,,,,,,,,,,Draw
,,,,,,,,,,,,,,,,,Draw
,,,,,,,,,,,,,,,,,Draw
,,,,,,,,,,,,,,,,,Draw
,,,,,,,,,,,,,,,,,Draw
,,,,,,,,,,,,,,,,,Draw
,,,,,,,,,,,,,,,,,Draw
,,,,,,,,,,,,,,,,,Draw
,,,,,,,,,,,,,,,,,Draw
,,,,,,,,,,,,,,,,,Draw
,,,,,,,,,,,,,,,,,Draw
,,,,,,,,,,,,,,,,,Draw
,,,,,,,,,,,,,,,,,Draw
,,,,,,,,,,,,,,,,,Draw
,,,,,,,,,,,,,,,,,Draw
,,,,,,,,,,,,,,,,,Draw
,,,,,,,,,,,,,,,,,Draw
,,,,,,,,,,,,,,,,,Draw
,,,,,,,,,,,,,,,,,Draw
,,,,,,,,,,,,,,,,,Draw
,,,,,,,,,,,,,,,,,Draw
,,,,,,,,,,,,,,,,,Draw
,,,,,,,,,,,,,,,,,Draw
,,,,,,,,,,,,,,,,,Draw
,,,,,,,,,,,,,,,,,Draw
,,,,,,,,,,,,,,,,,Draw
,,,,,,,,,,,,,,,,,Draw
,,,,,,,,,,,,,,,,,Draw
,,,,,,,,,,,,,,,,,Draw
,,,,,,,,,,,,,,,,,Draw
,,,,,,,,,,,,,,,,,Draw
,,,,,,,,,,,,,,,,,Draw
,,,,,,,,,,,,,,,,,Draw
,,,,,,,,,,,,,,,,,Draw
,,,,,,,,,,,,,,,,,Draw
,,,,,,,,,,,,,,,,,Draw
,,,,,,,,,,,,,,,,,Draw
,,,,,,,,,,,,,,,,,Draw
,,,,,,,,,,,,,,,,,Draw
,,,,,,,,,,,,,,,,,Draw
,,,,,,,,,,,,,,,,,Draw
,,,,,,,,,,,,,,,,,Draw
,,,,,,,,,,,,,,,,,Draw
,,,,,,,,,,,,,,,,,Draw
,,,,,,,,,,,,,,,,,Draw
,,,,,,,,,,,,,,,,,Draw
,,,,,,,,,,,,,,,,,Draw
,,,,,,,,,,,,,,,,,Draw
,,,,,,,,,,,,,,,,,Draw
,,,,,,,,,,,,,,,,,Draw
,,,,,,,,,,,,,,,,,Draw
,,,,,,,,,,,,,,,,,Draw
,,,,,,,,,,,,,,,,,Draw
,,,,,,,,,,,,,,,,,Draw
,,,,,,,,,,,,,,,,,Draw
,,,,,,,,,,,,,,,,,Draw
,,,,,,,,,,,,,,,,,Draw
,,,,,,,,,,,,,,,,,Draw
,,,,,,,,,,,,,,,,,Draw
,,,,,,,,,,,,,,,,,Draw
,,,,,,,,,,,,,,,,,Draw
,,,,,,,,,,,,,,,,,Draw
,,,,,,,,,,,,,,,,,Draw
,,,,,,,,,,,,,,,,,Draw
,,,,,,,,,,,,,,,,,Draw
,,,,,,,,,,,,,,,,,Draw
,,,,,,,,,,,,,,,,,Draw
,,,,,,,,,,,,,,,,,Draw
,,,,,,,,,,,,,,,,,Draw
,,,,,,,,,,,,,,,,,Draw
,,,,,,,,,,,,,,,,,Draw
,,,,,,,,,,,,,,,,,Draw
,,,,,,,,,,,,,,,,,Draw
,,,,,,,,,,,,,,,,,Draw
,,,,,,,,,,,,,,,,,Draw
,,,,,,,,,,,,,,,,,Draw
,,,,,,,,,,,,,,,,,Draw
,,,,,,,,,,,,,,,,,Draw
,,,,,,,,,,,,,,,,,Draw
,,,,,,,,,,,,,,,,,Draw
,,,,,,,,,,,,,,,,,Draw
,,,,,,,,,,,,,,,,,Draw
,,,,,,,,,,,,,,,,,Draw
,,,,,,,,,,,,,,,,,Draw
,,,,,,,,,,,,,,,,,Draw
,,,,,,,,,,,,,,,,,Draw
,,,,,,,,,,,,,,,,,Draw
,,,,,,,,,,,,,,,,,Draw
,,,,,,,,,,,,,,,,,Draw
,,,,,,,,,,,,,,,,,Draw
,,,,,,,,,,,,,,,,,Draw
,,,,,,,,,,,,,,,,,Draw
,,,,,,,,,,,,,,,,,Draw
,,,,,,,,,,,,,,,,,Draw
,,,,,,,,,,,,,,,,,Draw
,,,,,,,,,,,,,,,,,Draw
,,,,,,,,,,,,,,,,,Draw
,,,,,,,,,,,,,,,,,Draw
,,,,,,,,,,,,,,,,,Draw
,,,,,,,,,,,,,,,,,Draw
,,,,,,,,,,,,,,,,,Draw
,,,,,,,,,,,,,,,,,Draw
,,,,,,,,,,,,,,,,,Draw
,,,,,,,,,,,,,,,,,Draw
,,,,,,,,,,,,,,,,,Draw
,,,,,,,,,,,,,,,,,Draw
,,,,,,,,,,,,,,,,,Draw
,,,,,,,,,,,,,,,,,Draw
,,,,,,,,,,,,,,,,,Draw
,,,,,,,,,,,,,,,,,Draw
,,,,,,,,,,,,,,,,,Draw
,,,,,,,,,,,,,,,,,Draw
,,,,,,,,,,,,,,,,,Draw
,,,,,,,,,,,,,,,,,Draw
,,,,,,,,,,,,,,,,,Draw
,,,,,,,,,,,,,,,,,Draw
,,,,,,,,,,,,,,,,,Draw
,,,,,,,,,,,,,,,,,Draw
,,,,,,,,,,,,,,,,,Draw
,,,,,,,,,,,,,,,,,Draw
,,,,,,,,,,,,,,,,,Draw
,,,,,,,,,,,,,,,,,Draw
,,,,,,,,,,,,,,,,,Draw
,,,,,,,,,,,,,,,,,Draw
,,,,,,,,,,,,,,,,,Draw
,,,,,,,,,,,,,,,,,Draw
,,,,,,,,,,,,,,,,,Draw
,,,,,,,,,,,,,,,,,Draw
,,,,,,,,,,,,,,,,,Draw
,,,,,,,,,,,,,,,,,Draw
,,,,,,,,,,,,,,,,,Draw
,,,,,,,,,,,,,,,,,Draw
,,,,,,,,,,,,,,,,,Draw
,,,,,,,,,,,,,,,,,Draw
,,,,,,,,,,,,,,,,,Draw
,,,,,,,,,,,,,,,,,Draw
,,,,,,,,,,,,,,,,,Draw
,,,,,,,,,,,,,,,,,Draw
,,,,,,,,,,,,,,,,,Draw
,,,,,,,,,,,,,,,,,Draw
,,,,,,,,,,,,,,,,,Draw
,,,,,,,,,,,,,,,,,Draw
,,,,,,,,,,,,,,,,,Draw
,,,,,,,,,,,,,,,,,Draw
,,,,,,,,,,,,,,,,,Draw
,,,,,,,,,,,,,,,,,Draw
,,,,,,,,,,,,,,,,,Draw
,,,,,,,,,,,,,,,,,Draw
,,,,,,,,,,,,,,,,,Draw
,,,,,,,,,,,,,,,,,Draw
,,,,,,,,,,,,,,,,,Draw
,,,,,,,,,,,,,,,,,Draw
,,,,,,,,,,,,,,,,,Draw
,,,,,,,,,,,,,,,,,Draw
,,,,,,,,,,,,,,,,,Draw
,,,,,,,,,,,,,,,,,Draw
,,,,,,,,,,,,,,,,,Draw
,,,,,,,,,,,,,,,,,Draw
,,,,,,,,,,,,,,,,,Draw
,,,,,,,,,,,,,,,,,Draw
,,,,,,,,,,,,,,,,,Draw
,,,,,,,,,,,,,,,,,Draw
,,,,,,,,,,,,,,,,,Draw
,,,,,,,,,,,,,,,,,Draw
,,,,,,,,,,,,,,,,,Draw
,,,,,,,,,,,,,,,,,Draw
,,,,,,,,,,,,,,,,,Draw
,,,,,,,,,,,,,,,,,Draw
,,,,,,,,,,,,,,,,,Draw
,,,,,,,,,,,,,,,,,Draw
,,,,,,,,,,,,,,,,,Draw
,,,,,,,,,,,,,,,,,Draw
,,,,,,,,,,,,,,,,,Draw
,,,,,,,,,,,,,,,,,Draw
,,,,,,,,,,,,,,,,,Draw
,,,,,,,,,,,,,,,,,Draw
,,,,,,,,,,,,,,,,,Draw
,,,,,,,,,,,,,,,,,Draw
,,,,,,,,,,,,,,,,,Draw
,,,,,,,,,,,,,,,,,Draw
,,,,,,,,,,,,,,,,,Draw
,,,,,,,,,,,,,,,,,Draw
,,,,,,,,,,,,,,,,,Draw
,,,,,,,,,,,,,,,,,Draw
,,,,,,,,,,,,,,,,,Draw
,,,,,,,,,,,,,,,,,Draw
,,,,,,,,,,,,,,,,,Draw
,,,,,,,,,,,,,,,,,Draw
,,,,,,,,,,,,,,,,,Draw
,,,,,,,,,,,,,,,,,Draw
,,,,,,,,,,,,,,,,,Draw
,,,,,,,,,,,,,,,,,Draw
,,,,,,,,,,,,,,,,,Draw
,,,,,,,,,,,,,,,,,Draw
,,,,,,,,,,,,,,,,,Draw
,,,,,,,,,,,,,,,,,Draw
,,,,,,,,,,,,,,,,,Draw
,,,,,,,,,,,,,,,,,Draw
,,,,,,,,,,,,,,,,,Draw
,,,,,,,,,,,,,,,,,Draw
,,,,,,,,,,,,,,,,,Draw
,,,,,,,,,,,,,,,,,Draw
,,,,,,,,,,,,,,,,,Draw
,,,,,,,,,,,,,,,,,Draw
,,,,,,,,,,,,,,,,,Draw
,,,,,,,,,,,,,,,,,Draw
,,,,,,,,,,,,,,,,,Draw
,,,,,,,,,,,,,,,,,Draw
,,,,,,,,,,,,,,,,,Draw
,,,,,,,,,,,,,,,,,Draw
,,,,,,,,,,,,,,,,,Draw
,,,,,,,,,,,,,,,,,Draw
,,,,,,,,,,,,,,,,,Draw
,,,,,,,,,,,,,,,,,Draw
,,,,,,,,,,,,,,,,,Draw
,,,,,,,,,,,,,,,,,Draw
,,,,,,,,,,,,,,,,,Draw
,,,,,,,,,,,,,,,,,Draw
,,,,,,,,,,,,,,,,,Draw
,,,,,,,,,,,,,,,,,Draw
,,,,,,,,,,,,,,,,,Draw
,,,,,,,,,,,,,,,,,Draw
,,,,,,,,,,,,,,,,,Draw
,,,,,,,,,,,,,,,,,Draw
,,,,,,,,,,,,,,,,,Draw
,,,,,,,,,,,,,,,,,Draw
,,,,,,,,,,,,,,,,,Draw
,,,,,,,,,,,,,,,,,Draw
,,,,,,,,,,,,,,,,,Draw
,,,,,,,,,,,,,,,,,Draw
,,,,,,,,,,,,,,,,,Draw
,,,,,,,,,,,,,,,,,Draw
,,,,,,,,,,,,,,,,,Draw
,,,,,,,,,,,,,,,,,Draw
,,,,,,,,,,,,,,,,,Draw
,,,,,,,,,,,,,,,,,Draw
,,,,,,,,,,,,,,,,,Draw
,,,,,,,,,,,,,,,,,Draw
,,,,,,,,,,,,,,,,,Draw
,,,,,,,,,,,,,,,,,Draw
,,,,,,,,,,,,,,,,,Draw
,,,,,,,,,,,,,,,,,Draw
,,,,,,,,,,,,,,,,,Draw
,,,,,,,,,,,,,,,,,Draw
,,,,,,,,,,,,,,,,,Draw
,,,,,,,,,,,,,,,,,Draw
,,,,,,,,,,,,,,,,,Draw
,,,,,,,,,,,,,,,,,Draw
,,,,,,,,,,,,,,,,,Draw
,,,,,,,,,,,,,,,,,Draw
,,,,,,,,,,,,,,,,,Draw
,,,,,,,,,,,,,,,,,Draw
,,,,,,,,,,,,,,,,,Draw
,,,,,,,,,,,,,,,,,Draw
,,,,,,,,,,,,,,,,,Draw
,,,,,,,,,,,,,,,,,Draw
,,,,,,,,,,,,,,,,,Draw
,,,,,,,,,,,,,,,,,Draw
,,,,,,,,,,,,,,,,,Draw
,,,,,,,,,,,,,,,,,Draw
,,,,,,,,,,,,,,,,,Draw
,,,,,,,,,,,,,,,,,Draw
,,,,,,,,,,,,,,,,,Draw
,,,,,,,,,,,,,,,,,Draw
,,,,,,,,,,,,,,,,,Draw
,,,,,,,,,,,,,,,,,Draw
,,,,,,,,,,,,,,,,,Draw
,,,,,,,,,,,,,,,,,Draw
,,,,,,,,,,,,,,,,,Draw
,,,,,,,,,,,,,,,,,Draw
,,,,,,,,,,,,,,,,,Draw
,,,,,,,,,,,,,,,,,Draw
,,,,,,,,,,,,,,,,,Draw
,,,,,,,,,,,,,,,,,Draw
,,,,,,,,,,,,,,,,,Draw
,,,,,,,,,,,,,,,,,Draw
,,,,,,,,,,,,,,,,,Draw
,,,,,,,,,,,,,,,,,Draw
,,,,,,,,,,,,,,,,,Draw
,,,,,,,,,,,,,,,,,Draw
,,,,,,,,,,,,,,,,,Draw
,,,,,,,,,,,,,,,,,Draw
,,,,,,,,,,,,,,,,,Draw
,,,,,,,,,,,,,,,,,Draw
,,,,,,,,,,,,,,,,,Draw
,,,,,,,,,,,,,,,,,Draw
,,,,,,,,,,,,,,,,,Draw
,,,,,,,,,,,,,,,,,Draw
,,,,,,,,,,,,,,,,,Draw
,,,,,,,,,,,,,,,,,Draw
,,,,,,,,,,,,,,,,,Draw
,,,,,,,,,,,,,,,,,Draw
,,,,,,,,,,,,,,,,,Draw
,,,,,,,,,,,,,,,,,Draw
,,,,,,,,,,,,,,,,,Draw
,,,,,,,,,,,,,,,,,Draw
,,,,,,,,,,,,,,,,,Draw
,,,,,,,,,,,,,,,,,Draw
,,,,,,,,,,,,,,,,,Draw
,,,,,,,,,,,,,,,,,Draw
,,,,,,,,,,,,,,,,,Draw
,,,,,,,,,,,,,,,,,Draw
,,,,,,,,,,,,,,,,,Draw
,,,,,,,,,,,,,,,,,Draw
,,,,,,,,,,,,,,,,,Draw
,,,,,,,,,,,,,,,,,Draw
,,,,,,,,,,,,,,,,,Draw
,,,,,,,,,,,,,,,,,Draw
,,,,,,,,,,,,,,,,,Draw
,,,,,,,,,,,,,,,,,Draw
,,,,,,,,,,,,,,,,,Draw
,,,,,,,,,,,,,,,,,Draw
,,,,,,,,,,,,,,,,,Draw
,,,,,,,,,,,,,,,,,Draw
,,,,,,,,,,,,,,,,,Draw
,,,,,,,,,,,,,,,,,Draw
,,,,,,,,,,,,,,,,,Draw
,,,,,,,,,,,,,,,,,Draw
,,,,,,,,,,,,,,,,,Draw
,,,,,,,,,,,,,,,,,Draw
,,,,,,,,,,,,,,,,,Draw
,,,,,,,,,,,,,,,,,Draw
,,,,,,,,,,,,,,,,,Draw
,,,,,,,,,,,,,,,,,Draw
,,,,,,,,,,,,,,,,,Draw
,,,,,,,,,,,,,,,,,Draw
,,,,,,,,,,,,,,,,,Draw
,,,,,,,,,,,,,,,,,Draw
,,,,,,,,,,,,,,,,,Draw
,,,,,,,,,,,,,,,,,Draw
,,,,,,,,,,,,,,,,,Draw
,,,,,,,,,,,,,,,,,Draw
,,,,,,,,,,,,,,,,,Draw
,,,,,,,,,,,,,,,,,Draw
,,,,,,,,,,,,,,,,,Draw
,,,,,,,,,,,,,,,,,Draw
,,,,,,,,,,,,,,,,,Draw
,,,,,,,,,,,,,,,,,Draw
,,,,,,,,,,,,,,,,,Draw
,,,,,,,,,,,,,,,,,Draw
,,,,,,,,,,,,,,,,,Draw
,,,,,,,,,,,,,,,,,Draw
,,,,,,,,,,,,,,,,,Draw
,,,,,,,,,,,,,,,,,Draw
,,,,,,,,,,,,,,,,,Draw
,,,,,,,,,,,,,,,,,Draw
,,,,,,,,,,,,,,,,,Draw
,,,,,,,,,,,,,,,,,Draw
,,,,,,,,,,,,,,,,,Draw
,,,,,,,,,,,,,,,,,Draw
,,,,,,,,,,,,,,,,,Draw
,,,,,,,,,,,,,,,,,Draw
,,,,,,,,,,,,,,,,,Draw
,,,,,,,,,,,,,,,,,Draw
,,,,,,,,,,,,,,,,,Draw
,,,,,,,,,,,,,,,,,Draw
,,,,,,,,,,,,,,,,,Draw
,,,,,,,,,,,,,,,,,Draw
,,,,,,,,,,,,,,,,,Draw
,,,,,,,,,,,,,,,,,Draw
,,,,,,,,,,,,,,,,,Draw
,,,,,,,,,,,,,,,,,Draw
,,,,,,,,,,,,,,,,,Draw
,,,,,,,,,,,,,,,,,Draw
,,,,,,,,,,,,,,,,,Draw
,,,,,,,,,,,,,,,,,Draw
,,,,,,,,,,,,,,,,,Draw
,,,,,,,,,,,,,,,,,Draw
,,,,,,,,,,,,,,,,,Draw
,,,,,,,,,,,,,,,,,Draw
,,,,,,,,,,,,,,,,,Draw
,,,,,,,,,,,,,,,,,Draw
,,,,,,,,,,,,,,,,,Draw
,,,,,,,,,,,,,,,,,Draw
,,,,,,,,,,,,,,,,,Draw
,,,,,,,,,,,,,,,,,Draw
,,,,,,,,,,,,,,,,,Draw
,,,,,,,,,,,,,,,,,Draw
,,,,,,,,,,,,,,,,,Draw
,,,,,,,,,,,,,,,,,Draw
,,,,,,,,,,,,,,,,,Draw
,,,,,,,,,,,,,,,,,Draw
,,,,,,,,,,,,,,,,,Draw
,,,,,,,,,,,,,,,,,Draw
,,,,,,,,,,,,,,,,,Draw
,,,,,,,,,,,,,,,,,Draw
,,,,,,,,,,,,,,,,,Draw
,,,,,,,,,,,,,,,,,Draw
,,,,,,,,,,,,,,,,,Draw
,,,,,,,,,,,,,,,,,Draw
,,,,,,,,,,,,,,,,,Draw
,,,,,,,,,,,,,,,,,Draw
,,,,,,,,,,,,,,,,,Draw
,,,,,,,,,,,,,,,,,Draw
,,,,,,,,,,,,,,,,,Draw
,,,,,,,,,,,,,,,,,Draw
,,,,,,,,,,,,,,,,,Draw
,,,,,,,,,,,,,,,,,Draw
,,,,,,,,,,,,,,,,,Draw
,,,,,,,,,,,,,,,,,Draw
,,,,,,,,,,,,,,,,,Draw
,,,,,,,,,,,,,,,,,Draw
,,,,,,,,,,,,,,,,,Draw
,,,,,,,,,,,,,,,,,Draw
,,,,,,,,,,,,,,,,,Draw
,,,,,,,,,,,,,,,,,Draw
,,,,,,,,,,,,,,,,,Draw
,,,,,,,,,,,,,,,,,Draw
,,,,,,,,,,,,,,,,,Draw
,,,,,,,,,,,,,,,,,Draw
,,,,,,,,,,,,,,,,,Draw
,,,,,,,,,,,,,,,,,Draw
,,,,,,,,,,,,,,,,,Draw
,,,,,,,,,,,,,,,,,Draw
,,,,,,,,,,,,,,,,,Draw
,,,,,,,,,,,,,,,,,Draw
,,,,,,,,,,,,,,,,,Draw
,,,,,,,,,,,,,,,,,Draw
,,,,,,,,,,,,,,,,,Draw
,,,,,,,,,,,,,,,,,Draw
,,,,,,,,,,,,,,,,,Draw
,,,,,,,,,,,,,,,,,Draw
,,,,,,,,,,,,,,,,,Draw
,,,,,,,,,,,,,,,,,Draw
,,,,,,,,,,,,,,,,,Draw
,,,,,,,,,,,,,,,,,Draw
,,,,,,,,,,,,,,,,,Draw
,,,,,,,,,,,,,,,,,Draw
,,,,,,,,,,,,,,,,,Draw
,,,,,,,,,,,,,,,,,Draw
,,,,,,,,,,,,,,,,,Draw
,,,,,,,,,,,,,,,,,Draw
,,,,,,,,,,,,,,,,,Draw
,,,,,,,,,,,,,,,,,Draw
,,,,,,,,,,,,,,,,,Draw
,,,,,,,,,,,,,,,,,Draw
,,,,,,,,,,,,,,,,,Draw
,,,,,,,,,,,,,,,,,Draw
,,,,,,,,,,,,,,,,,Draw
,,,,,,,,,,,,,,,,,Draw
,,,,,,,,,,,,,,,,,Draw
,,,,,,,,,,,,,,,,,Draw
,,,,,,,,,,,,,,,,,Draw
,,,,,,,,,,,,,,,,,Draw
,,,,,,,,,,,,,,,,,Draw
,,,,,,,,,,,,,,,,,Draw
,,,,,,,,,,,,,,,,,Draw
,,,,,,,,,,,,,,,,,Draw
,,,,,,,,,,,,,,,,,Draw
,,,,,,,,,,,,,,,,,Draw
,,,,,,,,,,,,,,,,,Draw
,,,,,,,,,,,,,,,,,Draw
,,,,,,,,,,,,,,,,,Draw
,,,,,,,,,,,,,,,,,Draw
,,,,,,,,,,,,,,,,,Draw
,,,,,,,,,,,,,,,,,Draw
,,,,,,,,,,,,,,,,,Draw
,,,,,,,,,,,,,,,,,Draw
,,,,,,,,,,,,,,,,,Draw
,,,,,,,,,,,,,,,,,Draw
,,,,,,,,,,,,,,,,,Draw
,,,,,,,,,,,,,,,,,Draw
,,,,,,,,,,,,,,,,,Draw
,,,,,,,,,,,,,,,,,Draw
,,,,,,,,,,,,,,,,,Draw
,,,,,,,,,,,,,,,,,Draw
,,,,,,,,,,,,,,,,,Draw
,,,,,,,,,,,,,,,,,Draw
,,,,,,,,,,,,,,,,,Draw
,,,,,,,,,,,,,,,,,Draw
,,,,,,,,,,,,,,,,,Draw
,,,,,,,,,,,,,,,,,Draw
,,,,,,,,,,,,,,,,,Draw
,,,,,,,,,,,,,,,,,Draw
,,,,,,,,,,,,,,,,,Draw
,,,,,,,,,,,,,,,,,Draw
,,,,,,,,,,,,,,,,,Draw
,,,,,,,,,,,,,,,,,Draw
,,,,,,,,,,,,,,,,,Draw
,,,,,,,,,,,,,,,,,Draw
,,,,,,,,,,,,,,,,,Draw
,,,,,,,,,,,,,,,,,Draw
,,,,,,,,,,,,,,,,,Draw
,,,,,,,,,,,,,,,,,Draw
,,,,,,,,,,,,,,,,,Draw
,,,,,,,,,,,,,,,,,Draw
,,,,,,,,,,,,,,,,,Draw
,,,,,,,,,,,,,,,,,Draw
,,,,,,,,,,,,,,,,,Draw
,,,,,,,,,,,,,,,,,Draw
,,,,,,,,,,,,,,,,,Draw
,,,,,,,,,,,,,,,,,Draw
,,,,,,,,,,,,,,,,,Draw
,,,,,,,,,,,,,,,,,Draw
,,,,,,,,,,,,,,,,,Draw
,,,,,,,,,,,,,,,,,Draw
,,,,,,,,,,,,,,,,,Draw
,,,,,,,,,,,,,,,,,Draw
,,,,,,,,,,,,,,,,,Draw
,,,,,,,,,,,,,,,,,Draw
,,,,,,,,,,,,,,,,,Draw
,,,,,,,,,,,,,,,,,Draw
,,,,,,,,,,,,,,,,,Draw
,,,,,,,,,,,,,,,,,Draw
,,,,,,,,,,,,,,,,,Draw
,,,,,,,,,,,,,,,,,Draw
,,,,,,,,,,,,,,,,,Draw
,,,,,,,,,,,,,,,,,Draw
,,,,,,,,,,,,,,,,,Draw
,,,,,,,,,,,,,,,,,Draw
,,,,,,,,,,,,,,,,,Draw
,,,,,,,,,,,,,,,,,Draw
,,,,,,,,,,,,,,,,,Draw
,,,,,,,,,,,,,,,,,Draw
,,,,,,,,,,,,,,,,,Draw
,,,,,,,,,,,,,,,,,Draw
,,,,,,,,,,,,,,,,,Draw
,,,,,,,,,,,,,,,,,Draw
,,,,,,,,,,,,,,,,,Draw
,,,,,,,,,,,,,,,,,Draw
,,,,,,,,,,,,,,,,,Draw
,,,,,,,,,,,,,,,,,Draw
,,,,,,,,,,,,,,,,,Draw
,,,,,,,,,,,,,,,,,Draw
,,,,,,,,,,,,,,,,,Draw
,,,,,,,,,,,,,,,,,Draw
,,,,,,,,,,,,,,,,,Draw
,,,,,,,,,,,,,,,,,Draw
,,,,,,,,,,,,,,,,,Draw
,,,,,,,,,,,,,,,,,Draw
,,,,,,,,,,,,,,,,,Draw
,,,,,,,,,,,,,,,,,Draw
,,,,,,,,,,,,,,,,,Draw
,,,,,,,,,,,,,,,,,Draw
,,,,,,,,,,,,,,,,,Draw
,,,,,,,,,,,,,,,,,Draw
,,,,,,,,,,,,,,,,,Draw
,,,,,,,,,,,,,,,,,Draw
,,,,,,,,,,,,,,,,,Draw
,,,,,,,,,,,,,,,,,Draw
,,,,,,,,,,,,,,,,,Draw
,,,,,,,,,,,,,,,,,Draw
,,,,,,,,,,,,,,,,,Draw
,,,,,,,,,,,,,,,,,Draw
,,,,,,,,,,,,,,,,,Draw
,,,,,,,,,,,,,,,,,Draw
,,,,,,,,,,,,,,,,,Draw
,,,,,,,,,,,,,,,,,Draw
,,,,,,,,,,,,,,,,,Draw
,,,,,,,,,,,,,,,,,Draw
,,,,,,,,,,,,,,,,,Draw
,,,,,,,,,,,,,,,,,Draw
,,,,,,,,,,,,,,,,,Draw
,,,,,,,,,,,,,,,,,Draw
,,,,,,,,,,,,,,,,,Draw
,,,,,,,,,,,,,,,,,Draw
,,,,,,,,,,,,,,,,,Draw
,,,,,,,,,,,,,,,,,Draw
,,,,,,,,,,,,,,,,,Draw
,,,,,,,,,,,,,,,,,Draw
,,,,,,,,,,,,,,,,,Draw
,,,,,,,,,,,,,,,,,Draw
,,,,,,,,,,,,,,,,,Draw
,,,,,,,,,,,,,,,,,Draw
,,,,,,,,,,,,,,,,,Draw
,,,,,,,,,,,,,,,,,Draw
,,,,,,,,,,,,,,,,,Draw
,,,,,,,,,,,,,,,,,Draw
,,,,,,,,,,,,,,,,,Draw
,,,,,,,,,,,,,,,,,Draw
,,,,,,,,,,,,,,,,,Draw
,,,,,,,,,,,,,,,,,Draw
,,,,,,,,,,,,,,,,,Draw
,,,,,,,,,,,,,,,,,Draw
,,,,,,,,,,,,,,,,,Draw
,,,,,,,,,,,,,,,,,Draw
,,,,,,,,,,,,,,,,,Draw
,,,,,,,,,,,,,,,,,Draw
,,,,,,,,,,,,,,,,,Draw
,,,,,,,,,,,,,,,,,Draw
,,,,,,,,,,,,,,,,,Draw
,,,,,,,,,,,,,,,,,Draw
,,,,,,,,,,,,,,,,,Draw
,,,,,,,,,,,,,,,,,Draw
,,,,,,,,,,,,,,,,,Draw
,,,,,,,,,,,,,,,,,Draw
,,,,,,,,,,,,,,,,,Draw
,,,,,,,,,,,,,,,,,Draw
,,,,,,,,,,,,,,,,,Draw
,,,,,,,,,,,,,,,,,Draw
,,,,,,,,,,,,,,,,,Draw
,,,,,,,,,,,,,,,,,Draw
,,,,,,,,,,,,,,,,,Draw
,,,,,,,,,,,,,,,,,Draw
,,,,,,,,,,,,,,,,,Draw
,,,,,,,,,,,,,,,,,Draw
,,,,,,,,,,,,,,,,,Draw
,,,,,,,,,,,,,,,,,Draw
,,,,,,,,,,,,,,,,,Draw
,,,,,,,,,,,,,,,,,Draw
,,,,,,,,,,,,,,,,,Draw
,,,,,,,,,,,,,,,,,Draw
,,,,,,,,,,,,,,,,,Draw
,,,,,,,,,,,,,,,,,Draw
,,,,,,,,,,,,,,,,,Draw
,,,,,,,,,,,,,,,,,Draw
,,,,,,,,,,,,,,,,,Draw
,,,,,,,,,,,,,,,,,Draw
,,,,,,,,,,,,,,,,,Draw
,,,,,,,,,,,,,,,,,Draw
,,,,,,,,,,,,,,,,,Draw
,,,,,,,,,,,,,,,,,Draw
,,,,,,,,,,,,,,,,,Draw
,,,,,,,,,,,,,,,,,Draw
,,,,,,,,,,,,,,,,,Draw
,,,,,,,,,,,,,,,,,Draw
,,,,,,,,,,,,,,,,,Draw
,,,,,,,,,,,,,,,,,Draw
,,,,,,,,,,,,,,,,,Draw
,,,,,,,,,,,,,,,,,Draw
,,,,,,,,,,,,,,,,,Draw
,,,,,,,,,,,,,,,,,Draw
,,,,,,,,,,,,,,,,,Draw
,,,,,,,,,,,,,,,,,Draw
,,,,,,,,,,,,,,,,,Draw
,,,,,,,,,,,,,,,,,Draw
,,,,,,,,,,,,,,,,,Draw
,,,,,,,,,,,,,,,,,Draw
,,,,,,,,,,,,,,,,,Draw
,,,,,,,,,,,,,,,,,Draw
,,,,,,,,,,,,,,,,,Draw
,,,,,,,,,,,,,,,,,Draw
,,,,,,,,,,,,,,,,,Draw
,,,,,,,,,,,,,,,,,Draw
,,,,,,,,,,,,,,,,,Draw
,,,,,,,,,,,,,,,,,Draw
,,,,,,,,,,,,,,,,,Draw
,,,,,,,,,,,,,,,,,Draw
,,,,,,,,,,,,,,,,,Draw
,,,,,,,,,,,,,,,,,Draw
,,,,,,,,,,,,,,,,,Draw
,,,,,,,,,,,,,,,,,Draw
,,,,,,,,,,,,,,,,,Draw
,,,,,,,,,,,,,,,,,Draw
,,,,,,,,,,,,,,,,,Draw
,,,,,,,,,,,,,,,,,Draw
,,,,,,,,,,,,,,,,,Draw
,,,,,,,,,,,,,,,,,Draw
,,,,,,,,,,,,,,,,,Draw
,,,,,,,,,,,,,,,,,Draw
,,,,,,,,,,,,,,,,,Draw
,,,,,,,,,,,,,,,,,Draw
,,,,,,,,,,,,,,,,,Draw
,,,,,,,,,,,,,,,,,Draw
,,,,,,,,,,,,,,,,,Draw
,,,,,,,,,,,,,,,,,Draw
,,,,,,,,,,,,,,,,,Draw
,,,,,,,,,,,,,,,,,Draw
,,,,,,,,,,,,,,,,,Draw
,,,,,,,,,,,,,,,,,Draw
,,,,,,,,,,,,,,,,,Draw
,,,,,,,,,,,,,,,,,Draw
,,,,,,,,,,,,,,,,,Draw
,,,,,,,,,,,,,,,,,Draw
,,,,,,,,,,,,,,,,,Draw
,,,,,,,,,,,,,,,,,Draw
,,,,,,,,,,,,,,,,,Draw
,,,,,,,,,,,,,,,,,Draw
,,,,,,,,,,,,,,,,,Draw
,,,,,,,,,,,,,,,,,Draw
,,,,,,,,,,,,,,,,,Draw
,,,,,,,,,,,,,,,,,Draw
,,,,,,,,,,,,,,,,,Draw
,,,,,,,,,,,,,,,,,Draw
,,,,,,,,,,,,,,,,,Draw
,,,,,,,,,,,,,,,,,Draw
,,,,,,,,,,,,,,,,,Draw
,,,,,,,,,,,,,,,,,Draw
,,,,,,,,,,,,,,,,,Draw
,,,,,,,,,,,,,,,,,Draw
,,,,,,,,,,,,,,,,,Draw
,,,,,,,,,,,,,,,,,Draw
,,,,,,,,,,,,,,,,,Draw
,,,,,,,,,,,,,,,,,Draw
,,,,,,,,,,,,,,,,,Draw
,,,,,,,,,,,,,,,,,Draw
,,,,,,,,,,,,,,,,,Draw
,,,,,,,,,,,,,,,,,Draw
,,,,,,,,,,,,,,,,,Draw
,,,,,,,,,,,,,,,,,Draw
,,,,,,,,,,,,,,,,,Draw
,,,,,,,,,,,,,,,,,Draw
,,,,,,,,,,,,,,,,,Draw
,,,,,,,,,,,,,,,,,Draw
,,,,,,,,,,,,,,,,,Draw
,,,,,,,,,,,,,,,,,Draw
,,,,,,,,,,,,,,,,,Draw
,,,,,,,,,,,,,,,,,Draw
,,,,,,,,,,,,,,,,,Draw
,,,,,,,,,,,,,,,,,Draw
,,,,,,,,,,,,,,,,,Draw
,,,,,,,,,,,,,,,,,Draw
,,,,,,,,,,,,,,,,,Draw
,,,,,,,,,,,,,,,,,Draw
,,,,,,,,,,,,,,,,,Draw
,,,,,,,,,,,,,,,,,Draw
,,,,,,,,,,,,,,,,,Draw
,,,,,,,,,,,,,,,,,Draw
,,,,,,,,,,,,,,,,,Draw
,,,,,,,,,,,,,,,,,Draw
,,,,,,,,,,,,,,,,,Draw
,,,,,,,,,,,,,,,,,Draw
,,,,,,,,,,,,,,,,,Draw
,,,,,,,,,,,,,,,,,Draw
,,,,,,,,,,,,,,,,,Draw
,,,,,,,,,,,,,,,,,Draw
,,,,,,,,,,,,,,,,,Draw
,,,,,,,,,,,,,,,,,Draw
,,,,,,,,,,,,,,,,,Draw
,,,,,,,,,,,,,,,,,Draw
,,,,,,,,,,,,,,,,,Draw
,,,,,,,,,,,,,,,,,Draw
,,,,,,,,,,,,,,,,,Draw
,,,,,,,,,,,,,,,,,Draw
,,,,,,,,,,,,,,,,,Draw
,,,,,,,,,,,,,,,,,Draw
,,,,,,,,,,,,,,,,,Draw
,,,,,,,,,,,,,,,,,Draw
,,,,,,,,,,,,,,,,,Draw
,,,,,,,,,,,,,,,,,Draw
,,,,,,,,,,,,,,,,,Draw
,,,,,,,,,,,,,,,,,Draw
,,,,,,,,,,,,,,,,,Draw
,,,,,,,,,,,,,,,,,Draw
,,,,,,,,,,,,,,,,,Draw
,,,,,,,,,,,,,,,,,Draw
,,,,,,,,,,,,,,,,,Draw
,,,,,,,,,,,,,,,,,Draw
,,,,,,,,,,,,,,,,,Draw
,,,,,,,,,,,,,,,,,Draw
,,,,,,,,,,,,,,,,,Draw
,,,,,,,,,,,,,,,,,Draw
,,,,,,,,,,,,,,,,,Draw
,,,,,,,,,,,,,,,,,Draw
,,,,,,,,,,,,,,,,,Draw
,,,,,,,,,,,,,,,,,Draw
,,,,,,,,,,,,,,,,,Draw
,,,,,,,,,,,,,,,,,Draw
,,,,,,,,,,,,,,,,,Draw
,,,,,,,,,,,,,,,,,Draw
,,,,,,,,,,,,,,,,,Draw
,,,,,,,,,,,,,,,,,Draw
,,,,,,,,,,,,,,,,,Draw
,,,,,,,,,,,,,,,,,Draw
,,,,,,,,,,,,,,,,,Draw
,,,,,,,,,,,,,,,,,Draw
,,,,,,,,,,,,,,,,,Draw
,,,,,,,,,,,,,,,,,Draw
,,,,,,,,,,,,,,,,,Draw
,,,,,,,,,,,,,,,,,Draw
,,,,,,,,,,,,,,,,,Draw
,,,,,,,,,,,,,,,,,Draw
,,,,,,,,,,,,,,,,,Draw
,,,,,,,,,,,,,,,,,Draw
,,,,,,,,,,,,,,,,,Draw
,,,,,,,,,,,,,,,,,Draw
,,,,,,,,,,,,,,,,,Draw
,,,,,,,,,,,,,,,,,Draw
,,,,,,,,,,,,,,,,,Draw
,,,,,,,,,,,,,,,,,Draw
,,,,,,,,,,,,,,,,,Draw
,,,,,,,,,,,,,,,,,Draw
,,,,,,,,,,,,,,,,,Draw
,,,,,,,,,,,,,,,,,Draw
,,,,,,,,,,,,,,,,,Draw
,,,,,,,,,,,,,,,,,Draw
,,,,,,,,,,,,,,,,,Draw
,,,,,,,,,,,,,,,,,Draw
,,,,,,,,,,,,,,,,,Draw
,,,,,,,,,,,,,,,,,Draw
,,,,,,,,,,,,,,,,,Draw
,,,,,,,,,,,,,,,,,Draw
,,,,,,,,,,,,,,,,,Draw
,,,,,,,,,,,,,,,,,Draw
,,,,,,,,,,,,,,,,,Draw
,,,,,,,,,,,,,,,,,Draw
,,,,,,,,,,,,,,,,,Draw
,,,,,,,,,,,,,,,,,Draw
,,,,,,,,,,,,,,,,,Draw
,,,,,,,,,,,,,,,,,Draw
,,,,,,,,,,,,,,,,,Draw
,,,,,,,,,,,,,,,,,Draw
,,,,,,,,,,,,,,,,,Draw
,,,,,,,,,,,,,,,,,Draw
,,,,,,,,,,,,,,,,,Draw
,,,,,,,,,,,,,,,,,Draw
,,,,,,,,,,,,,,,,,Draw
,,,,,,,,,,,,,,,,,Draw
,,,,,,,,,,,,,,,,,Draw
,,,,,,,,,,,,,,,,,Draw
,,,,,,,,,,,,,,,,,Draw
,,,,,,,,,,,,,,,,,Draw
,,,,,,,,,,,,,,,,,Draw
,,,,,,,,,,,,,,,,,Draw
,,,,,,,,,,,,,,,,,Draw
,,,,,,,,,,,,,,,,,Draw
,,,,,,,,,,,,,,,,,Draw
,,,,,,,,,,,,,,,,,Draw
,,,,,,,,,,,,,,,,,Draw
,,,,,,,,,,,,,,,,,Draw
,,,,,,,,,,,,,,,,,Draw
,,,,,,,,,,,,,,,,,Draw
,,,,,,,,,,,,,,,,,Draw
,,,,,,,,,,,,,,,,,Draw
,,,,,,,,,,,,,,,,,Draw
,,,,,,,,,,,,,,,,,Draw
,,,,,,,,,,,,,,,,,Draw
,,,,,,,,,,,,,,,,,Draw
,,,,,,,,,,,,,,,,,Draw
,,,,,,,,,,,,,,,,,Draw
,,,,,,,,,,,,,,,,,Draw
,,,,,,,,,,,,,,,,,Draw
,,,,,,,,,,,,,,,,,Draw
,,,,,,,,,,,,,,,,,Draw
,,,,,,,,,,,,,,,,,Draw
,,,,,,,,,,,,,,,,,Draw
,,,,,,,,,,,,,,,,,Draw
,,,,,,,,,,,,,,,,,Draw
,,,,,,,,,,,,,,,,,Draw
,,,,,,,,,,,,,,,,,Draw
,,,,,,,,,,,,,,,,,Draw
,,,,,,,,,,,,,,,,,Draw
,,,,,,,,,,,,,,,,,Draw
,,,,,,,,,,,,,,,,,Draw
,,,,,,,,,,,,,,,,,Draw
,,,,,,,,,,,,,,,,,Draw
,,,,,,,,,,,,,,,,,Draw
,,,,,,,,,,,,,,,,,Draw
,,,,,,,,,,,,,,,,,Draw
,,,,,,,,,,,,,,,,,Draw
,,,,,,,,,,,,,,,,,Draw
,,,,,,,,,,,,,,,,,Draw
,,,,,,,,,,,,,,,,,Draw
,,,,,,,,,,,,,,,,,Draw
,,,,,,,,,,,,,,,,,Draw
,,,,,,,,,,,,,,,,,Draw
,,,,,,,,,,,,,,,,,Draw
,,,,,,,,,,,,,,,,,Draw
,,,,,,,,,,,,,,,,,Draw
,,,,,,,,,,,,,,,,,Draw
,,,,,,,,,,,,,,,,,Draw
,,,,,,,,,,,,,,,,,Draw
,,,,,,,,,,,,,,,,,Draw
,,,,,,,,,,,,,,,,,Draw
,,,,,,,,,,,,,,,,,Draw
,,,,,,,,,,,,,,,,,Draw
,,,,,,,,,,,,,,,,,Draw
,,,,,,,,,,,,,,,,,Draw
,,,,,,,,,,,,,,,,,Draw
,,,,,,,,,,,,,,,,,Draw
,,,,,,,,,,,,,,,,,Draw
,,,,,,,,,,,,,,,,,Draw
,,,,,,,,,,,,,,,,,Draw
,,,,,,,,,,,,,,,,,Draw
,,,,,,,,,,,,,,,,,Draw
,,,,,,,,,,,,,,,,,Draw
,,,,,,,,,,,,,,,,,Draw
,,,,,,,,,,,,,,,,,Draw
,,,,,,,,,,,,,,,,,Draw
,,,,,,,,,,,,,,,,,Draw
,,,,,,,,,,,,,,,,,Draw
,,,,,,,,,,,,,,,,,Draw
,,,,,,,,,,,,,,,,,Draw
,,,,,,,,,,,,,,,,,Draw
,,,,,,,,,,,,,,,,,Draw
,,,,,,,,,,,,,,,,,Draw
,,,,,,,,,,,,,,,,,Draw
,,,,,,,,,,,,,,,,,Draw
,,,,,,,,,,,,,,,,,Draw
,,,,,,,,,,,,,,,,,Draw
,,,,,,,,,,,,,,,,,Draw
,,,,,,,,,,,,,,,,,Draw
,,,,,,,,,,,,,,,,,Draw
,,,,,,,,,,,,,,,,,Draw
,,,,,,,,,,,,,,,,,Draw
,,,,,,,,,,,,,,,,,Draw
,,,,,,,,,,,,,,,,,Draw
,,,,,,,,,,,,,,,,,Draw
,,,,,,,,,,,,,,,,,Draw
,,,,,,,,,,,,,,,,,Draw
,,,,,,,,,,,,,,,,,Draw
,,,,,,,,,,,,,,,,,Draw
,,,,,,,,,,,,,,,,,Draw
,,,,,,,,,,,,,,,,,Draw
,,,,,,,,,,,,,,,,,Draw
,,,,,,,,,,,,,,,,,Draw
,,,,,,,,,,,,,,,,,Draw
,,,,,,,,,,,,,,,,,Draw
,,,,,,,,,,,,,,,,,Draw
,,,,,,,,,,,,,,,,,Draw
,,,,,,,,,,,,,,,,,Draw
,,,,,,,,,,,,,,,,,Draw
,,,,,,,,,,,,,,,,,Draw
,,,,,,,,,,,,,,,,,Draw
,,,,,,,,,,,,,,,,,Draw
,,,,,,,,,,,,,,,,,Draw
,,,,,,,,,,,,,,,,,Draw
,,,,,,,,,,,,,,,,,Draw
,,,,,,,,,,,,,,,,,Draw
,,,,,,,,,,,,,,,,,Draw
,,,,,,,,,,,,,,,,,Draw
,,,,,,,,,,,,,,,,,Draw
,,,,,,,,,,,,,,,,,Draw
,,,,,,,,,,,,,,,,,Draw
,,,,,,,,,,,,,,,,,Draw
,,,,,,,,,,,,,,,,,Draw
,,,,,,,,,,,,,,,,,Draw
,,,,,,,,,,,,,,,,,Draw
,,,,,,,,,,,,,,,,,Draw
,,,,,,,,,,,,,,,,,Draw
,,,,,,,,,,,,,,,,,Draw
,,,,,,,,,,,,,,,,,Draw
,,,,,,,,,,,,,,,,,Draw
,,,,,,,,,,,,,,,,,Draw
,,,,,,,,,,,,,,,,,Draw
,,,,,,,,,,,,,,,,,Draw
,,,,,,,,,,,,,,,,,Draw
,,,,,,,,,,,,,,,,,Draw
,,,,,,,,,,,,,,,,,Draw
,,,,,,,,,,,,,,,,,Draw
,,,,,,,,,,,,,,,,,Draw
,,,,,,,,,,,,,,,,,Draw
,,,,,,,,,,,,,,,,,Draw
,,,,,,,,,,,,,,,,,Draw
,,,,,,,,,,,,,,,,,Draw
,,,,,,,,,,,,,,,,,Draw
,,,,,,,,,,,,,,,,,Draw
,,,,,,,,,,,,,,,,,Draw
,,,,,,,,,,,,,,,,,Draw
,,,,,,,,,,,,,,,,,Draw
,,,,,,,,,,,,,,,,,Draw
,,,,,,,,,,,,,,,,,Draw
,,,,,,,,,,,,,,,,,Draw
,,,,,,,,,,,,,,,,,Draw
,,,,,,,,,,,,,,,,,Draw
,,,,,,,,,,,,,,,,,Draw
,,,,,,,,,,,,,,,,,Draw
,,,,,,,,,,,,,,,,,Draw
,,,,,,,,,,,,,,,,,Draw
,,,,,,,,,,,,,,,,,Draw
,,,,,,,,,,,,,,,,,Draw
,,,,,,,,,,,,,,,,,Draw
,,,,,,,,,,,,,,,,,Draw
,,,,,,,,,,,,,,,,,Draw
,,,,,,,,,,,,,,,,,Draw
,,,,,,,,,,,,,,,,,Draw
,,,,,,,,,,,,,,,,,Draw
,,,,,,,,,,,,,,,,,Draw
,,,,,,,,,,,,,,,,,Draw
,,,,,,,,,,,,,,,,,Draw
,,,,,,,,,,,,,,,,,Draw
,,,,,,,,,,,,,,,,,Draw
,,,,,,,,,,,,,,,,,Draw
,,,,,,,,,,,,,,,,,Draw
,,,,,,,,,,,,,,,,,Draw
,,,,,,,,,,,,,,,,,Draw
,,,,,,,,,,,,,,,,,Draw
,,,,,,,,,,,,,,,,,Draw
,,,,,,,,,,,,,,,,,Draw
,,,,,,,,,,,,,,,,,Draw
,,,,,,,,,,,,,,,,,Draw
,,,,,,,,,,,,,,,,,Draw
,,,,,,,,,,,,,,,,,Draw
,,,,,,,,,,,,,,,,,Draw
,,,,,,,,,,,,,,,,,Draw
,,,,,,,,,,,,,,,,,Draw
,,,,,,,,,,,,,,,,,Draw
,,,,,,,,,,,,,,,,,Draw
,,,,,,,,,,,,,,,,,Draw
,,,,,,,,,,,,,,,,,Draw
,,,,,,,,,,,,,,,,,Draw
,,,,,,,,,,,,,,,,,Draw
,,,,,,,,,,,,,,,,,Draw
,,,,,,,,,,,,,,,,,Draw
,,,,,,,,,,,,,,,,,Draw
,,,,,,,,,,,,,,,,,Draw
,,,,,,,,,,,,,,,,,Draw
,,,,,,,,,,,,,,,,,Draw
,,,,,,,,,,,,,,,,,Draw
,,,,,,,,,,,,,,,,,Draw
,,,,,,,,,,,,,,,,,Draw
,,,,,,,,,,,,,,,,,Draw
,,,,,,,,,,,,,,,,,Draw
,,,,,,,,,,,,,,,,,Draw
,,,,,,,,,,,,,,,,,Draw
,,,,,,,,,,,,,,,,,Draw
,,,,,,,,,,,,,,,,,Draw
,,,,,,,,,,,,,,,,,Draw
,,,,,,,,,,,,,,,,,Draw
,,,,,,,,,,,,,,,,,Draw
,,,,,,,,,,,,,,,,,Draw
,,,,,,,,,,,,,,,,,Draw
,,,,,,,,,,,,,,,,,Draw
,,,,,,,,,,,,,,,,,Draw
,,,,,,,,,,,,,,,,,Draw
,,,,,,,,,,,,,,,,,Draw
,,,,,,,,,,,,,,,,,Draw
,,,,,,,,,,,,,,,,,Draw
,,,,,,,,,,,,,,,,,Draw
,,,,,,,,,,,,,,,,,Draw
,,,,,,,,,,,,,,,,,Draw
,,,,,,,,,,,,,,,,,Draw
,,,,,,,,,,,,,,,,,Draw
,,,,,,,,,,,,,,,,,Draw
,,,,,,,,,,,,,,,,,Draw
,,,,,,,,,,,,,,,,,Draw
,,,,,,,,,,,,,,,,,Draw
,,,,,,,,,,,,,,,,,Draw
,,,,,,,,,,,,,,,,,Draw
,,,,,,,,,,,,,,,,,Draw
,,,,,,,,,,,,,,,,,Draw
,,,,,,,,,,,,,,,,,Draw
,,,,,,,,,,,,,,,,,Draw
,,,,,,,,,,,,,,,,,Draw
,,,,,,,,,,,,,,,,,Draw
,,,,,,,,,,,,,,,,,Draw
,,,,,,,,,,,,,,,,,Draw
,,,,,,,,,,,,,,,,,Draw
,,,,,,,,,,,,,,,,,Draw
,,,,,,,,,,,,,,,,,Draw
,,,,,,,,,,,,,,,,,Draw
,,,,,,,,,,,,,,,,,Draw
,,,,,,,,,,,,,,,,,Draw
,,,,,,,,,,,,,,,,,Draw
,,,,,,,,,,,,,,,,,Draw
,,,,,,,,,,,,,,,,,Draw
,,,,,,,,,,,,,,,,,Draw
,,,,,,,,,,,,,,,,,Draw
,,,,,,,,,,,,,,,,,Draw
,,,,,,,,,,,,,,,,,Draw
,,,,,,,,,,,,,,,,,Draw
,,,,,,,,,,,,,,,,,Draw
,,,,,,,,,,,,,,,,,Draw
,,,,,,,,,,,,,,,,,Draw
,,,,,,,,,,,,,,,,,Draw
,,,,,,,,,,,,,,,,,Draw
,,,,,,,,,,,,,,,,,Draw
,,,,,,,,,,,,,,,,,Draw
,,,,,,,,,,,,,,,,,Draw
,,,,,,,,,,,,,,,,,Draw
,,,,,,,,,,,,,,,,,Draw
,,,,,,,,,,,,,,,,,Draw
,,,,,,,,,,,,,,,,,Draw
,,,,,,,,,,,,,,,,,Draw
,,,,,,,,,,,,,,,,,Draw
,,,,,,,,,,,,,,,,,Draw
,,,,,,,,,,,,,,,,,Draw
,,,,,,,,,,,,,,,,,Draw
,,,,,,,,,,,,,,,,,Draw
,,,,,,,,,,,,,,,,,Draw
,,,,,,,,,,,,,,,,,Draw
,,,,,,,,,,,,,,,,,Draw
,,,,,,,,,,,,,,,,,Draw
,,,,,,,,,,,,,,,,,Draw
,,,,,,,,,,,,,,,,,Draw
,,,,,,,,,,,,,,,,,Draw
,,,,,,,,,,,,,,,,,Draw
,,,,,,,,,,,,,,,,,Draw
,,,,,,,,,,,,,,,,,Draw
,,,,,,,,,,,,,,,,,Draw
,,,,,,,,,,,,,,,,,Draw
,,,,,,,,,,,,,,,,,Draw
,,,,,,,,,,,,,,,,,Draw
,,,,,,,,,,,,,,,,,Draw
,,,,,,,,,,,,,,,,,Draw
,,,,,,,,,,,,,,,,,Draw
,,,,,,,,,,,,,,,,,Draw
,,,,,,,,,,,,,,,,,Draw
,,,,,,,,,,,,,,,,,Draw
,,,,,,,,,,,,,,,,,Draw
,,,,,,,,,,,,,,,,,Draw
,,,,,,,,,,,,,,,,,Draw
,,,,,,,,,,,,,,,,,Draw
,,,,,,,,,,,,,,,,,Draw
,,,,,,,,,,,,,,,,,Draw
,,,,,,,,,,,,,,,,,Draw
,,,,,,,,,,,,,,,,,Draw
,,,,,,,,,,,,,,,,,Draw
,,,,,,,,,,,,,,,,,Draw
,,,,,,,,,,,,,,,,,Draw
,,,,,,,,,,,,,,,,,Draw
,,,,,,,,,,,,,,,,,Draw
,,,,,,,,,,,,,,,,,Draw
,,,,,,,,,,,,,,,,,Draw
,,,,,,,,,,,,,,,,,Draw
,,,,,,,,,,,,,,,,,Draw
,,,,,,,,,,,,,,,,,Draw
,,,,,,,,,,,,,,,,,Draw
,,,,,,,,,,,,,,,,,Draw
,,,,,,,,,,,,,,,,,Draw
,,,,,,,,,,,,,,,,,Draw
,,,,,,,,,,,,,,,,,Draw
,,,,,,,,,,,,,,,,,Draw
,,,,,,,,,,,,,,,,,Draw
,,,,,,,,,,,,,,,,,Draw
,,,,,,,,,,,,,,,,,Draw
,,,,,,,,,,,,,,,,,Draw
,,,,,,,,,,,,,,,,,Draw
,,,,,,,,,,,,,,,,,Draw
,,,,,,,,,,,,,,,,,Draw
,,,,,,,,,,,,,,,,,Draw
,,,,,,,,,,,,,,,,,Draw
,,,,,,,,,,,,,,,,,Draw
,,,,,,,,,,,,,,,,,Draw
,,,,,,,,,,,,,,,,,Draw
,,,,,,,,,,,,,,,,,Draw
,,,,,,,,,,,,,,,,,Draw
,,,,,,,,,,,,,,,,,Draw
,,,,,,,,,,,,,,,,,Draw
,,,,,,,,,,,,,,,,,Draw
,,,,,,,,,,,,,,,,,Draw
,,,,,,,,,,,,,,,,,Draw
,,,,,,,,,,,,,,,,,Draw
,,,,,,,,,,,,,,,,,Draw
,,,,,,,,,,,,,,,,,Draw
,,,,,,,,,,,,,,,,,Draw
,,,,,,,,,,,,,,,,,Draw
,,,,,,,,,,,,,,,,,Draw
,,,,,,,,,,,,,,,,,Draw
,,,,,,,,,,,,,,,,,Draw
,,,,,,,,,,,,,,,,,Draw
,,,,,,,,,,,,,,,,,Draw
,,,,,,,,,,,,,,,,,Draw
,,,,,,,,,,,,,,,,,Draw
,,,,,,,,,,,,,,,,,Draw
,,,,,,,,,,,,,,,,,Draw
,,,,,,,,,,,,,,,,,Draw
,,,,,,,,,,,,,,,,,Draw
,,,,,,,,,,,,,,,,,Draw
,,,,,,,,,,,,,,,,,Draw
,,,,,,,,,,,,,,,,,Draw
,,,,,,,,,,,,,,,,,Draw
,,,,,,,,,,,,,,,,,Draw
,,,,,,,,,,,,,,,,,Draw
,,,,,,,,,,,,,,,,,Draw
,,,,,,,,,,,,,,,,,Draw
,,,,,,,,,,,,,,,,,Draw
,,,,,,,,,,,,,,,,,Draw
,,,,,,,,,,,,,,,,,Draw
,,,,,,,,,,,,,,,,,Draw
,,,,,,,,,,,,,,,,,Draw
,,,,,,,,,,,,,,,,,Draw
,,,,,,,,,,,,,,,,,Draw
,,,,,,,,,,,,,,,,,Draw
,,,,,,,,,,,,,,,,,Draw
,,,,,,,,,,,,,,,,,Draw
,,,,,,,,,,,,,,,,,Draw
,,,,,,,,,,,,,,,,,Draw
,,,,,,,,,,,,,,,,,Draw
,,,,,,,,,,,,,,,,,Draw
,,,,,,,,,,,,,,,,,Draw
,,,,,,,,,,,,,,,,,Draw
,,,,,,,,,,,,,,,,,Draw
,,,,,,,,,,,,,,,,,Draw
,,,,,,,,,,,,,,,,,Draw
,,,,,,,,,,,,,,,,,Draw
,,,,,,,,,,,,,,,,,Draw
,,,,,,,,,,,,,,,,,Draw
,,,,,,,,,,,,,,,,,Draw
,,,,,,,,,,,,,,,,,Draw
,,,,,,,,,,,,,,,,,Draw
,,,,,,,,,,,,,,,,,Draw
,,,,,,,,,,,,,,,,,Draw
,,,,,,,,,,,,,,,,,Draw
,,,,,,,,,,,,,,,,,Draw
,,,,,,,,,,,,,,,,,Draw
,,,,,,,,,,,,,,,,,Draw
,,,,,,,,,,,,,,,,,Draw
,,,,,,,,,,,,,,,,,Draw
,,,,,,,,,,,,,,,,,Draw
,,,,,,,,,,,,,,,,,Draw
,,,,,,,,,,,,,,,,,Draw
,,,,,,,,,,,,,,,,,Draw
,,,,,,,,,,,,,,,,,Draw
,,,,,,,,,,,,,,,,,Draw
,,,,,,,,,,,,,,,,,Draw
,,,,,,,,,,,,,,,,,Draw
,,,,,,,,,,,,,,,,,Draw
,,,,,,,,,,,,,,,,,Draw
,,,,,,,,,,,,,,,,,Draw
,,,,,,,,,,,,,,,,,Draw
,,,,,,,,,,,,,,,,,Draw
,,,,,,,,,,,,,,,,,Draw
,,,,,,,,,,,,,,,,,Draw
,,,,,,,,,,,,,,,,,Draw
,,,,,,,,,,,,,,,,,Draw
,,,,,,,,,,,,,,,,,Draw
,,,,,,,,,,,,,,,,,Draw
,,,,,,,,,,,,,,,,,Draw
,,,,,,,,,,,,,,,,,Draw
,,,,,,,,,,,,,,,,,Draw
,,,,,,,,,,,,,,,,,Draw
,,,,,,,,,,,,,,,,,Draw
,,,,,,,,,,,,,,,,,Draw
,,,,,,,,,,,,,,,,,Draw
,,,,,,,,,,,,,,,,,Draw
,,,,,,,,,,,,,,,,,Draw
,,,,,,,,,,,,,,,,,Draw
,,,,,,,,,,,,,,,,,Draw
,,,,,,,,,,,,,,,,,Draw
,,,,,,,,,,,,,,,,,Draw
,,,,,,,,,,,,,,,,,Draw
,,,,,,,,,,,,,,,,,Draw
,,,,,,,,,,,,,,,,,Draw
,,,,,,,,,,,,,,,,,Draw
,,,,,,,,,,,,,,,,,Draw
,,,,,,,,,,,,,,,,,Draw
,,,,,,,,,,,,,,,,,Draw
,,,,,,,,,,,,,,,,,Draw
,,,,,,,,,,,,,,,,,Draw
,,,,,,,,,,,,,,,,,Draw
,,,,,,,,,,,,,,,,,Draw
,,,,,,,,,,,,,,,,,Draw
,,,,,,,,,,,,,,,,,Draw
,,,,,,,,,,,,,,,,,Draw
,,,,,,,,,,,,,,,,,Draw
,,,,,,,,,,,,,,,,,Draw
,,,,,,,,,,,,,,,,,Draw
,,,,,,,,,,,,,,,,,Draw
,,,,,,,,,,,,,,,,,Draw
,,,,,,,,,,,,,,,,,Draw
,,,,,,,,,,,,,,,,,Draw
,,,,,,,,,,,,,,,,,Draw
,,,,,,,,,,,,,,,,,Draw
,,,,,,,,,,,,,,,,,Draw
,,,,,,,,,,,,,,,,,Draw
,,,,,,,,,,,,,,,,,Draw
,,,,,,,,,,,,,,,,,Draw
,,,,,,,,,,,,,,,,,Draw
,,,,,,,,,,,,,,,,,Draw
,,,,,,,,,,,,,,,,,Draw
,,,,,,,,,,,,,,,,,Draw
,,,,,,,,,,,,,,,,,Draw
,,,,,,,,,,,,,,,,,Draw
,,,,,,,,,,,,,,,,,Draw
,,,,,,,,,,,,,,,,,Draw
,,,,,,,,,,,,,,,,,Draw
,,,,,,,,,,,,,,,,,Draw
,,,,,,,,,,,,,,,,,Draw
,,,,,,,,,,,,,,,,,Draw
,,,,,,,,,,,,,,,,,Draw
,,,,,,,,,,,,,,,,,Draw
,,,,,,,,,,,,,,,,,Draw
,,,,,,,,,,,,,,,,,Draw
,,,,,,,,,,,,,,,,,Draw
,,,,,,,,,,,,,,,,,Draw
,,,,,,,,,,,,,,,,,Draw
,,,,,,,,,,,,,,,,,Draw
,,,,,,,,,,,,,,,,,Draw
,,,,,,,,,,,,,,,,,Draw
,,,,,,,,,,,,,,,,,Draw
,,,,,,,,,,,,,,,,,Draw
,,,,,,,,,,,,,,,,,Draw
,,,,,,,,,,,,,,,,,Draw
,,,,,,,,,,,,,,,,,Draw
,,,,,,,,,,,,,,,,,Draw
,,,,,,,,,,,,,,,,,Draw
,,,,,,,,,,,,,,,,,Draw
,,,,,,,,,,,,,,,,,Draw
,,,,,,,,,,,,,,,,,Draw
,,,,,,,,,,,,,,,,,Draw
,,,,,,,,,,,,,,,,,Draw
,,,,,,,,,,,,,,,,,Draw
,,,,,,,,,,,,,,,,,Draw
,,,,,,,,,,,,,,,,,Draw
,,,,,,,,,,,,,,,,,Draw
,,,,,,,,,,,,,,,,,Draw
,,,,,,,,,,,,,,,,,Draw
,,,,,,,,,,,,,,,,,Draw
,,,,,,,,,,,,,,,,,Draw
,,,,,,,,,,,,,,,,,Draw
,,,,,,,,,,,,,,,,,Draw
,,,,,,,,,,,,,,,,,Draw
,,,,,,,,,,,,,,,,,Draw
,,,,,,,,,,,,,,,,,Draw
,,,,,,,,,,,,,,,,,Draw
,,,,,,,,,,,,,,,,,Draw
,,,,,,,,,,,,,,,,,Draw
,,,,,,,,,,,,,,,,,Draw
,,,,,,,,,,,,,,,,,Draw
,,,,,,,,,,,,,,,,,Draw
,,,,,,,,,,,,,,,,,Draw
,,,,,,,,,,,,,,,,,Draw
,,,,,,,,,,,,,,,,,Draw
,,,,,,,,,,,,,,,,,Draw
,,,,,,,,,,,,,,,,,Draw
,,,,,,,,,,,,,,,,,Draw
,,,,,,,,,,,,,,,,,Draw
,,,,,,,,,,,,,,,,,Draw
,,,,,,,,,,,,,,,,,Draw
,,,,,,,,,,,,,,,,,Draw
,,,,,,,,,,,,,,,,,Draw
,,,,,,,,,,,,,,,,,Draw
,,,,,,,,,,,,,,,,,Draw
,,,,,,,,,,,,,,,,,Draw
,,,,,,,,,,,,,,,,,Draw
,,,,,,,,,,,,,,,,,Draw
,,,,,,,,,,,,,,,,,Draw
,,,,,,,,,,,,,,,,,Draw
,,,,,,,,,,,,,,,,,Draw
,,,,,,,,,,,,,,,,,Draw
,,,,,,,,,,,,,,,,,Draw
,,,,,,,,,,,,,,,,,Draw
,,,,,,,,,,,,,,,,,Draw
,,,,,,,,,,,,,,,,,Draw
,,,,,,,,,,,,,,,,,Draw
,,,,,,,,,,,,,,,,,Draw
,,,,,,,,,,,,,,,,,Draw
,,,,,,,,,,,,,,,,,Draw
,,,,,,,,,,,,,,,,,Draw
,,,,,,,,,,,,,,,,,Draw
,,,,,,,,,,,,,,,,,Draw
,,,,,,,,,,,,,,,,,Draw
,,,,,,,,,,,,,,,,,Draw
,,,,,,,,,,,,,,,,,Draw
,,,,,,,,,,,,,,,,,Draw
,,,,,,,,,,,,,,,,,Draw
,,,,,,,,,,,,,,,,,Draw
,,,,,,,,,,,,,,,,,Draw
,,,,,,,,,,,,,,,,,Draw
,,,,,,,,,,,,,,,,,Draw
,,,,,,,,,,,,,,,,,Draw
,,,,,,,,,,,,,,,,,Draw
,,,,,,,,,,,,,,,,,Draw
,,,,,,,,,,,,,,,,,Draw
,,,,,,,,,,,,,,,,,Draw
,,,,,,,,,,,,,,,,,Draw
,,,,,,,,,,,,,,,,,Draw
,,,,,,,,,,,,,,,,,Draw
,,,,,,,,,,,,,,,,,Draw
,,,,,,,,,,,,,,,,,Draw
,,,,,,,,,,,,,,,,,Draw
,,,,,,,,,,,,,,,,,Draw
,,,,,,,,,,,,,,,,,Draw
,,,,,,,,,,,,,,,,,Draw
,,,,,,,,,,,,,,,,,Draw
,,,,,,,,,,,,,,,,,Draw
,,,,,,,,,,,,,,,,,Draw
,,,,,,,,,,,,,,,,,Draw
,,,,,,,,,,,,,,,,,Draw
,,,,,,,,,,,,,,,,,Draw
,,,,,,,,,,,,,,,,,Draw
,,,,,,,,,,,,,,,,,Draw
,,,,,,,,,,,,,,,,,Draw
,,,,,,,,,,,,,,,,,Draw
,,,,,,,,,,,,,,,,,Draw
,,,,,,,,,,,,,,,,,Draw
,,,,,,,,,,,,,,,,,Draw
,,,,,,,,,,,,,,,,,Draw
,,,,,,,,,,,,,,,,,Draw
,,,,,,,,,,,,,,,,,Draw
,,,,,,,,,,,,,,,,,Draw
,,,,,,,,,,,,,,,,,Draw
,,,,,,,,,,,,,,,,,Draw
,,,,,,,,,,,,,,,,,Draw
,,,,,,,,,,,,,,,,,Draw
,,,,,,,,,,,,,,,,,Draw
,,,,,,,,,,,,,,,,,Draw
,,,,,,,,,,,,,,,,,Draw
,,,,,,,,,,,,,,,,,Draw
,,,,,,,,,,,,,,,,,Draw
,,,,,,,,,,,,,,,,,Draw
,,,,,,,,,,,,,,,,,Draw
,,,,,,,,,,,,,,,,,Draw
,,,,,,,,,,,,,,,,,Draw
,,,,,,,,,,,,,,,,,Draw
,,,,,,,,,,,,,,,,,Draw
,,,,,,,,,,,,,,,,,Draw
,,,,,,,,,,,,,,,,,Draw
,,,,,,,,,,,,,,,,,Draw
,,,,,,,,,,,,,,,,,Draw
,,,,,,,,,,,,,,,,,Draw
,,,,,,,,,,,,,,,,,Draw
,,,,,,,,,,,,,,,,,Draw
,,,,,,,,,,,,,,,,,Draw
,,,,,,,,,,,,,,,,,Draw
,,,,,,,,,,,,,,,,,Draw
,,,,,,,,,,,,,,,,,Draw
,,,,,,,,,,,,,,,,,Draw
,,,,,,,,,,,,,,,,,Draw
,,,,,,,,,,,,,,,,,Draw
,,,,,,,,,,,,,,,,,Draw
,,,,,,,,,,,,,,,,,Draw
,,,,,,,,,,,,,,,,,Draw
,,,,,,,,,,,,,,,,,Draw
,,,,,,,,,,,,,,,,,Draw
,,,,,,,,,,,,,,,,,Draw
,,,,,,,,,,,,,,,,,Draw
,,,,,,,,,,,,,,,,,Draw
,,,,,,,,,,,,,,,,,Draw
,,,,,,,,,,,,,,,,,Draw
,,,,,,,,,,,,,,,,,Draw
,,,,,,,,,,,,,,,,,Draw
,,,,,,,,,,,,,,,,,Draw
,,,,,,,,,,,,,,,,,Draw
,,,,,,,,,,,,,,,,,Draw
,,,,,,,,,,,,,,,,,Draw
,,,,,,,,,,,,,,,,,Draw
,,,,,,,,,,,,,,,,,Draw
,,,,,,,,,,,,,,,,,Draw
,,,,,,,,,,,,,,,,,Draw
,,,,,,,,,,,,,,,,,Draw
,,,,,,,,,,,,,,,,,Draw
,,,,,,,,,,,,,,,,,Draw
,,,,,,,,,,,,,,,,,Draw
,,,,,,,,,,,,,,,,,Draw
,,,,,,,,,,,,,,,,,Draw
,,,,,,,,,,,,,,,,,Draw
,,,,,,,,,,,,,,,,,Draw
,,,,,,,,,,,,,,,,,Draw
,,,,,,,,,,,,,,,,,Draw
,,,,,,,,,,,,,,,,,Draw
,,,,,,,,,,,,,,,,,Draw
,,,,,,,,,,,,,,,,,Draw
,,,,,,,,,,,,,,,,,Draw
,,,,,,,,,,,,,,,,,Draw
,,,,,,,,,,,,,,,,,Draw
,,,,,,,,,,,,,,,,,Draw
,,,,,,,,,,,,,,,,,Draw
,,,,,,,,,,,,,,,,,Draw
,,,,,,,,,,,,,,,,,Draw
,,,,,,,,,,,,,,,,,Draw
,,,,,,,,,,,,,,,,,Draw
,,,,,,,,,,,,,,,,,Draw
,,,,,,,,,,,,,,,,,Draw
,,,,,,,,,,,,,,,,,Draw
,,,,,,,,,,,,,,,,,Draw
,,,,,,,,,,,,,,,,,Draw
,,,,,,,,,,,,,,,,,Draw
,,,,,,,,,,,,,,,,,Draw
,,,,,,,,,,,,,,,,,Draw
,,,,,,,,,,,,,,,,,Draw
,,,,,,,,,,,,,,,,,Draw
,,,,,,,,,,,,,,,,,Draw
,,,,,,,,,,,,,,,,,Draw
,,,,,,,,,,,,,,,,,Draw
,,,,,,,,,,,,,,,,,Draw
,,,,,,,,,,,,,,,,,Draw
,,,,,,,,,,,,,,,,,Draw
,,,,,,,,,,,,,,,,,Draw
,,,,,,,,,,,,,,,,,Draw
,,,,,,,,,,,,,,,,,Draw
,,,,,,,,,,,,,,,,,Draw
,,,,,,,,,,,,,,,,,Draw
,,,,,,,,,,,,,,,,,Draw
,,,,,,,,,,,,,,,,,Draw
,,,,,,,,,,,,,,,,,Draw
,,,,,,,,,,,,,,,,,Draw
,,,,,,,,,,,,,,,,,Draw
,,,,,,,,,,,,,,,,,Draw
,,,,,,,,,,,,,,,,,Draw
,,,,,,,,,,,,,,,,,Draw
,,,,,,,,,,,,,,,,,Draw
,,,,,,,,,,,,,,,,,Draw
,,,,,,,,,,,,,,,,,Draw
,,,,,,,,,,,,,,,,,Draw
,,,,,,,,,,,,,,,,,Draw
,,,,,,,,,,,,,,,,,Draw
,,,,,,,,,,,,,,,,,Draw
,,,,,,,,,,,,,,,,,Draw
,,,,,,,,,,,,,,,,,Draw
,,,,,,,,,,,,,,,,,Draw
,,,,,,,,,,,,,,,,,Draw
,,,,,,,,,,,,,,,,,Draw
,,,,,,,,,,,,,,,,,Draw
,,,,,,,,,,,,,,,,,Draw
,,,,,,,,,,,,,,,,,Draw
,,,,,,,,,,,,,,,,,Draw
,,,,,,,,,,,,,,,,,Draw
,,,,,,,,,,,,,,,,,Draw
,,,,,,,,,,,,,,,,,Draw
,,,,,,,,,,,,,,,,,Draw
,,,,,,,,,,,,,,,,,Draw
,,,,,,,,,,,,,,,,,Draw
,,,,,,,,,,,,,,,,,Draw
,,,,,,,,,,,,,,,,,Draw
,,,,,,,,,,,,,,,,,Draw
,,,,,,,,,,,,,,,,,Draw
,,,,,,,,,,,,,,,,,Draw
,,,,,,,,,,,,,,,,,Draw
,,,,,,,,,,,,,,,,,Draw
,,,,,,,,,,,,,,,,,Draw
,,,,,,,,,,,,,,,,,Draw
,,,,,,,,,,,,,,,,,Draw
,,,,,,,,,,,,,,,,,Draw
,,,,,,,,,,,,,,,,,Draw
,,,,,,,,,,,,,,,,,Draw
,,,,,,,,,,,,,,,,,Draw
,,,,,,,,,,,,,,,,,Draw
,,,,,,,,,,,,,,,,,Draw
,,,,,,,,,,,,,,,,,Draw
,,,,,,,,,,,,,,,,,Draw
,,,,,,,,,,,,,,,,,Draw
,,,,,,,,,,,,,,,,,Draw
,,,,,,,,,,,,,,,,,Draw
,,,,,,,,,,,,,,,,,Draw
,,,,,,,,,,,,,,,,,Draw
,,,,,,,,,,,,,,,,,Draw
,,,,,,,,,,,,,,,,,Draw
,,,,,,,,,,,,,,,,,Draw
,,,,,,,,,,,,,,,,,Draw
,,,,,,,,,,,,,,,,,Draw
,,,,,,,,,,,,,,,,,Draw
,,,,,,,,,,,,,,,,,Draw
,,,,,,,,,,,,,,,,,Draw
,,,,,,,,,,,,,,,,,Draw
,,,,,,,,,,,,,,,,,Draw
,,,,,,,,,,,,,,,,,Draw
,,,,,,,,,,,,,,,,,Draw
,,,,,,,,,,,,,,,,,Draw
,,,,,,,,,,,,,,,,,Draw
,,,,,,,,,,,,,,,,,Draw
,,,,,,,,,,,,,,,,,Draw
,,,,,,,,,,,,,,,,,Draw
,,,,,,,,,,,,,,,,,Draw
,,,,,,,,,,,,,,,,,Draw
,,,,,,,,,,,,,,,,,Draw
,,,,,,,,,,,,,,,,,Draw
,,,,,,,,,,,,,,,,,Draw
,,,,,,,,,,,,,,,,,Draw
,,,,,,,,,,,,,,,,,Draw
,,,,,,,,,,,,,,,,,Draw
,,,,,,,,,,,,,,,,,Draw
,,,,,,,,,,,,,,,,,Draw
,,,,,,,,,,,,,,,,,Draw
,,,,,,,,,,,,,,,,,Draw
,,,,,,,,,,,,,,,,,Draw
,,,,,,,,,,,,,,,,,Draw
,,,,,,,,,,,,,,,,,Draw
,,,,,,,,,,,,,,,,,Draw
,,,,,,,,,,,,,,,,,Draw
,,,,,,,,,,,,,,,,,Draw
,,,,,,,,,,,,,,,,,Draw
,,,,,,,,,,,,,,,,,Draw
,,,,,,,,,,,,,,,,,Draw
,,,,,,,,,,,,,,,,,Draw
,,,,,,,,,,,,,,,,,Draw
,,,,,,,,,,,,,,,,,Draw
,,,,,,,,,,,,,,,,,Draw
,,,,,,,,,,,,,,,,,Draw
,,,,,,,,,,,,,,,,,Draw
,,,,,,,,,,,,,,,,,Draw
,,,,,,,,,,,,,,,,,Draw
,,,,,,,,,,,,,,,,,Draw
,,,,,,,,,,,,,,,,,Draw
,,,,,,,,,,,,,,,,,Draw
,,,,,,,,,,,,,,,,,Draw
,,,,,,,,,,,,,,,,,Draw
,,,,,,,,,,,,,,,,,Draw
,,,,,,,,,,,,,,,,,Draw
,,,,,,,,,,,,,,,,,Draw
,,,,,,,,,,,,,,,,,Draw
,,,,,,,,,,,,,,,,,Draw
,,,,,,,,,,,,,,,,,Draw
,,,,,,,,,,,,,,,,,Draw
,,,,,,,,,,,,,,,,,Draw
,,,,,,,,,,,,,,,,,Draw
,,,,,,,,,,,,,,,,,Draw
,,,,,,,,,,,,,,,,,Draw
,,,,,,,,,,,,,,,,,Draw
,,,,,,,,,,,,,,,,,Draw
,,,,,,,,,,,,,,,,,Draw
,,,,,,,,,,,,,,,,,Draw
,,,,,,,,,,,,,,,,,Draw
,,,,,,,,,,,,,,,,,Draw
,,,,,,,,,,,,,,,,,Draw
,,,,,,,,,,,,,,,,,Draw
,,,,,,,,,,,,,,,,,Draw
,,,,,,,,,,,,,,,,,Draw
,,,,,,,,,,,,,,,,,Draw
,,,,,,,,,,,,,,,,,Draw
,,,,,,,,,,,,,,,,,Draw
,,,,,,,,,,,,,,,,,Draw
,,,,,,,,,,,,,,,,,Draw
,,,,,,,,,,,,,,,,,Draw
,,,,,,,,,,,,,,,,,Draw
,,,,,,,,,,,,,,,,,Draw
,,,,,,,,,,,,,,,,,Draw
,,,,,,,,,,,,,,,,,Draw
,,,,,,,,,,,,,,,,,Draw
,,,,,,,,,,,,,,,,,Draw
,,,,,,,,,,,,,,,,,Draw
,,,,,,,,,,,,,,,,,Draw
,,,,,,,,,,,,,,,,,Draw
,,,,,,,,,,,,,,,,,Draw
,,,,,,,,,,,,,,,,,Draw
,,,,,,,,,,,,,,,,,Draw
,,,,,,,,,,,,,,,,,Draw
,,,,,,,,,,,,,,,,,Draw
,,,,,,,,,,,,,,,,,Draw
,,,,,,,,,,,,,,,,,Draw
,,,,,,,,,,,,,,,,,Draw
,,,,,,,,,,,,,,,,,Draw
,,,,,,,,,,,,,,,,,Draw
,,,,,,,,,,,,,,,,,Draw
,,,,,,,,,,,,,,,,,Draw
,,,,,,,,,,,,,,,,,Draw
,,,,,,,,,,,,,,,,,Draw
,,,,,,,,,,,,,,,,,Draw
,,,,,,,,,,,,,,,,,Draw
,,,,,,,,,,,,,,,,,Draw
,,,,,,,,,,,,,,,,,Draw
,,,,,,,,,,,,,,,,,Draw
,,,,,,,,,,,,,,,,,Draw
,,,,,,,,,,,,,,,,,Draw
,,,,,,,,,,,,,,,,,Draw
,,,,,,,,,,,,,,,,,Draw
,,,,,,,,,,,,,,,,,Draw
,,,,,,,,,,,,,,,,,Draw
,,,,,,,,,,,,,,,,,Draw
,,,,,,,,,,,,,,,,,Draw
,,,,,,,,,,,,,,,,,Draw
,,,,,,,,,,,,,,,,,Draw
