match_date,league,home_team,away_team,home_score,away_score,both_teams_score,over_2_5,first_half_home,first_half_away,first_half_result,home_corners,away_corners,Total_corners,Corners_result,home_yellow_cards,away_yellow_cards,Card_result
13/08/2021,SP1,Valencia,Getafe,1,0,NG,No,1,0,Home Win,1,9,10,Away Win,6,3,Home Win
14/08/2021,SP1,Cadiz,Levante,1,1,GG,No,0,1,Away Win,2,4,6,Away Win,1,5,Away Win
14/08/2021,SP1,Mallorca,Betis,1,1,GG,No,1,0,Home Win,4,3,7,Home Win,1,3,Away Win
14/08/2021,SP1,Alaves,Real Madrid,1,4,GG,Yes,0,0,Draw,0,4,4,Away Win,1,2,Away Win
14/08/2021,SP1,Osasuna,Espanol,0,0,NG,No,0,0,Draw,4,6,10,Away Win,3,3,Draw
15/08/2021,SP1,Celta,Ath Madrid,1,2,GG,Yes,0,1,Away Win,2,5,7,Away Win,4,5,Away Win
15/08/2021,SP1,Barcelona,Sociedad,4,2,GG,Yes,2,0,Home Win,5,3,8,Home Win,2,4,Away Win
15/08/2021,SP1,Sevilla,Vallecano,3,0,NG,Yes,1,0,Home Win,4,0,4,Home Win,1,0,Home Win
16/08/2021,SP1,Villarreal,Granada,0,0,NG,No,0,0,Draw,6,2,8,Home Win,5,1,Home Win
16/08/2021,SP1,Elche,Ath Bilbao,0,0,NG,No,0,0,Draw,6,8,14,Away Win,2,2,Draw
20/08/2021,SP1,Betis,Cadiz,1,1,GG,No,1,1,Draw,4,5,9,Away Win,4,0,Home Win
21/08/2021,SP1,Alaves,Mallorca,0,1,NG,No,0,0,Draw,1,8,9,Away Win,3,3,Draw
21/08/2021,SP1,Espanol,Villarreal,0,0,NG,No,0,0,Draw,9,7,16,Home Win,3,4,Away Win
21/08/2021,SP1,Granada,Valencia,1,1,GG,No,1,0,Home Win,2,6,8,Away Win,4,2,Home Win
21/08/2021,SP1,Ath Bilbao,Barcelona,1,1,GG,No,0,0,Draw,13,2,15,Home Win,1,2,Away Win
22/08/2021,SP1,Sociedad,Vallecano,1,0,NG,No,0,0,Draw,5,4,9,Home Win,3,4,Away Win
22/08/2021,SP1,Ath Madrid,Elche,1,0,NG,No,1,0,Home Win,2,1,3,Home Win,2,2,Draw
22/08/2021,SP1,Levante,Real Madrid,3,3,GG,Yes,0,1,Away Win,4,6,10,Away Win,3,2,Home Win
23/08/2021,SP1,Getafe,Sevilla,0,1,NG,No,0,0,Draw,5,4,9,Home Win,2,2,Draw
23/08/2021,SP1,Osasuna,Celta,0,0,NG,No,0,0,Draw,1,2,3,Away Win,4,3,Home Win
27/08/2021,SP1,Mallorca,Espanol,1,0,NG,No,1,0,Home Win,3,2,5,Home Win,4,3,Home Win
27/08/2021,SP1,Valencia,Alaves,3,0,NG,Yes,2,0,Home Win,4,4,8,Draw,1,4,Away Win
28/08/2021,SP1,Celta,Ath Bilbao,0,1,NG,No,0,1,Away Win,5,4,9,Home Win,2,1,Home Win
28/08/2021,SP1,Elche,Sevilla,1,1,GG,No,1,1,Draw,5,3,8,Home Win,2,0,Home Win
28/08/2021,SP1,Sociedad,Levante,1,0,NG,No,1,0,Home Win,2,2,4,Draw,1,1,Draw
28/08/2021,SP1,Betis,Real Madrid,0,1,NG,No,0,0,Draw,3,7,10,Away Win,5,3,Home Win
29/08/2021,SP1,Barcelona,Getafe,2,1,GG,Yes,2,1,Home Win,3,2,5,Home Win,3,1,Home Win
29/08/2021,SP1,Cadiz,Osasuna,2,3,GG,Yes,1,0,Home Win,4,11,15,Away Win,4,0,Home Win
29/08/2021,SP1,Vallecano,Granada,4,0,NG,Yes,3,0,Home Win,5,6,11,Away Win,1,4,Away Win
29/08/2021,SP1,Ath Madrid,Villarreal,2,2,GG,Yes,0,0,Draw,16,0,16,Home Win,4,2,Home Win
11/09/2021,SP1,Levante,Vallecano,1,1,GG,No,1,0,Home Win,2,5,7,Away Win,3,4,Away Win
11/09/2021,SP1,Ath Bilbao,Mallorca,2,0,NG,No,0,0,Draw,7,2,9,Home Win,1,2,Away Win
12/09/2021,SP1,Espanol,Ath Madrid,1,2,GG,Yes,1,0,Home Win,6,3,9,Home Win,1,4,Away Win
12/09/2021,SP1,Osasuna,Valencia,1,4,GG,Yes,1,1,Draw,4,4,8,Draw,4,2,Home Win
12/09/2021,SP1,Cadiz,Sociedad,0,2,NG,No,0,0,Draw,2,8,10,Away Win,4,0,Home Win
12/09/2021,SP1,Real Madrid,Celta,5,2,GG,Yes,1,2,Away Win,7,3,10,Home Win,2,3,Away Win
13/09/2021,SP1,Getafe,Elche,0,1,NG,No,0,0,Draw,8,2,10,Home Win,2,3,Away Win
13/09/2021,SP1,Granada,Betis,1,2,GG,Yes,0,1,Away Win,6,8,14,Away Win,1,2,Away Win
17/09/2021,SP1,Celta,Cadiz,1,2,GG,Yes,0,2,Away Win,7,1,8,Home Win,3,3,Draw
18/09/2021,SP1,Vallecano,Getafe,3,0,NG,Yes,1,0,Home Win,5,3,8,Home Win,6,7,Away Win
18/09/2021,SP1,Ath Madrid,Ath Bilbao,0,0,NG,No,0,0,Draw,5,5,10,Draw,6,2,Home Win
18/09/2021,SP1,Elche,Levante,1,1,GG,No,1,0,Home Win,4,7,11,Away Win,2,2,Draw
18/09/2021,SP1,Alaves,Osasuna,0,2,NG,No,0,2,Away Win,2,8,10,Away Win,4,3,Home Win
19/09/2021,SP1,Mallorca,Villarreal,0,0,NG,No,0,0,Draw,3,1,4,Home Win,2,3,Away Win
19/09/2021,SP1,Sociedad,Sevilla,0,0,NG,No,0,0,Draw,5,6,11,Away Win,2,3,Away Win
19/09/2021,SP1,Betis,Espanol,2,2,GG,Yes,2,1,Home Win,10,4,14,Home Win,4,4,Draw
19/09/2021,SP1,Valencia,Real Madrid,1,2,GG,Yes,0,0,Draw,2,5,7,Away Win,1,5,Away Win
20/09/2021,SP1,Barcelona,Granada,1,1,GG,No,0,1,Away Win,12,4,16,Home Win,3,6,Away Win
21/09/2021,SP1,Getafe,Ath Madrid,1,2,GG,Yes,1,0,Home Win,2,5,7,Away Win,4,5,Away Win
21/09/2021,SP1,Ath Bilbao,Vallecano,1,2,GG,Yes,1,1,Draw,2,1,3,Home Win,3,3,Draw
21/09/2021,SP1,Levante,Celta,0,2,NG,No,0,0,Draw,2,4,6,Away Win,3,2,Home Win
22/09/2021,SP1,Espanol,Alaves,1,0,NG,No,0,0,Draw,4,8,12,Away Win,2,1,Home Win
22/09/2021,SP1,Sevilla,Valencia,3,1,GG,Yes,3,1,Home Win,1,4,5,Away Win,5,3,Home Win
22/09/2021,SP1,Real Madrid,Mallorca,6,1,GG,Yes,3,1,Home Win,3,2,5,Home Win,2,1,Home Win
22/09/2021,SP1,Villarreal,Elche,4,1,GG,Yes,2,1,Home Win,8,7,15,Home Win,1,2,Away Win
23/09/2021,SP1,Granada,Sociedad,2,3,GG,Yes,1,0,Home Win,4,7,11,Away Win,5,1,Home Win
23/09/2021,SP1,Osasuna,Betis,1,3,GG,Yes,1,1,Draw,4,7,11,Away Win,2,0,Home Win
23/09/2021,SP1,Cadiz,Barcelona,0,0,NG,No,0,0,Draw,4,5,9,Away Win,3,4,Away Win
25/09/2021,SP1,Alaves,Ath Madrid,1,0,NG,No,1,0,Home Win,3,8,11,Away Win,2,3,Away Win
25/09/2021,SP1,Valencia,Ath Bilbao,1,1,GG,No,0,0,Draw,4,5,9,Away Win,5,2,Home Win
25/09/2021,SP1,Sevilla,Espanol,2,0,NG,No,1,0,Home Win,4,8,12,Away Win,4,0,Home Win
25/09/2021,SP1,Real Madrid,Villarreal,0,0,NG,No,0,0,Draw,6,3,9,Home Win,1,2,Away Win
26/09/2021,SP1,Mallorca,Osasuna,2,3,GG,Yes,2,1,Home Win,5,5,10,Draw,2,3,Away Win
26/09/2021,SP1,Barcelona,Levante,3,0,NG,Yes,2,0,Home Win,11,1,12,Home Win,1,3,Away Win
26/09/2021,SP1,Sociedad,Elche,1,0,NG,No,0,0,Draw,6,1,7,Home Win,1,3,Away Win
26/09/2021,SP1,Vallecano,Cadiz,3,1,GG,Yes,2,1,Home Win,4,3,7,Home Win,2,4,Away Win
26/09/2021,SP1,Betis,Getafe,2,0,NG,No,1,0,Home Win,3,3,6,Draw,1,3,Away Win
27/09/2021,SP1,Celta,Granada,1,0,NG,No,0,0,Draw,5,3,8,Home Win,2,7,Away Win
01/10/2021,SP1,Ath Bilbao,Alaves,1,0,NG,No,1,0,Home Win,13,9,22,Home Win,3,2,Home Win
02/10/2021,SP1,Osasuna,Vallecano,1,0,NG,No,0,0,Draw,6,3,9,Home Win,3,3,Draw
02/10/2021,SP1,Mallorca,Levante,1,0,NG,No,0,0,Draw,8,3,11,Home Win,4,4,Draw
02/10/2021,SP1,Cadiz,Valencia,0,0,NG,No,0,0,Draw,1,3,4,Away Win,3,4,Away Win
02/10/2021,SP1,Ath Madrid,Barcelona,2,0,NG,No,2,0,Home Win,2,6,8,Away Win,2,1,Home Win
03/10/2021,SP1,Elche,Celta,1,0,NG,No,0,0,Draw,7,4,11,Home Win,4,3,Home Win
03/10/2021,SP1,Espanol,Real Madrid,2,1,GG,Yes,1,0,Home Win,2,8,10,Away Win,2,1,Home Win
03/10/2021,SP1,Getafe,Sociedad,1,1,GG,No,1,0,Home Win,2,5,7,Away Win,4,2,Home Win
03/10/2021,SP1,Villarreal,Betis,2,0,NG,No,1,0,Home Win,4,6,10,Away Win,2,4,Away Win
03/10/2021,SP1,Granada,Sevilla,1,0,NG,No,1,0,Home Win,2,6,8,Away Win,3,4,Away Win
16/10/2021,SP1,Levante,Getafe,0,0,NG,No,0,0,Draw,3,11,14,Away Win,3,3,Draw
16/10/2021,SP1,Sociedad,Mallorca,1,0,NG,No,0,0,Draw,2,6,8,Away Win,3,3,Draw
17/10/2021,SP1,Vallecano,Elche,2,1,GG,Yes,1,1,Draw,6,2,8,Home Win,2,2,Draw
17/10/2021,SP1,Celta,Sevilla,0,1,NG,No,0,0,Draw,5,4,9,Home Win,2,3,Away Win
17/10/2021,SP1,Villarreal,Osasuna,1,2,GG,Yes,0,1,Away Win,4,4,8,Draw,1,5,Away Win
17/10/2021,SP1,Barcelona,Valencia,3,1,GG,Yes,2,1,Home Win,9,3,12,Home Win,2,3,Away Win
18/10/2021,SP1,Alaves,Betis,0,1,NG,No,0,0,Draw,7,7,14,Draw,1,1,Draw
18/10/2021,SP1,Espanol,Cadiz,2,0,NG,No,1,0,Home Win,7,9,16,Away Win,1,0,Home Win
22/10/2021,SP1,Osasuna,Granada,1,1,GG,No,1,0,Home Win,4,1,5,Home Win,1,3,Away Win
23/10/2021,SP1,Valencia,Mallorca,2,2,GG,Yes,0,2,Away Win,5,0,5,Home Win,4,5,Away Win
23/10/2021,SP1,Cadiz,Alaves,0,2,NG,No,0,1,Away Win,14,3,17,Home Win,0,2,Away Win
23/10/2021,SP1,Elche,Espanol,2,2,GG,Yes,1,0,Home Win,3,7,10,Away Win,3,1,Home Win
23/10/2021,SP1,Ath Bilbao,Villarreal,2,1,GG,Yes,1,1,Draw,9,2,11,Home Win,0,3,Away Win
24/10/2021,SP1,Sevilla,Levante,5,3,GG,Yes,3,1,Home Win,10,3,13,Home Win,1,2,Away Win
24/10/2021,SP1,Barcelona,Real Madrid,1,2,GG,Yes,0,1,Away Win,7,4,11,Home Win,1,1,Draw
24/10/2021,SP1,Betis,Vallecano,3,2,GG,Yes,2,1,Home Win,4,4,8,Draw,1,2,Away Win
24/10/2021,SP1,Ath Madrid,Sociedad,2,2,GG,Yes,0,1,Away Win,4,3,7,Home Win,1,3,Away Win
25/10/2021,SP1,Getafe,Celta,0,3,NG,Yes,0,0,Draw,2,7,9,Away Win,2,2,Draw
26/10/2021,SP1,Alaves,Elche,1,0,NG,No,0,0,Draw,4,7,11,Away Win,1,1,Draw
26/10/2021,SP1,Espanol,Ath Bilbao,1,1,GG,No,1,0,Home Win,8,12,20,Away Win,1,2,Away Win
26/10/2021,SP1,Villarreal,Cadiz,3,3,GG,Yes,1,2,Away Win,8,2,10,Home Win,3,6,Away Win
27/10/2021,SP1,Mallorca,Sevilla,1,1,GG,No,1,0,Home Win,4,2,6,Home Win,3,6,Away Win
27/10/2021,SP1,Vallecano,Barcelona,1,0,NG,No,1,0,Home Win,3,7,10,Away Win,2,2,Draw
27/10/2021,SP1,Betis,Valencia,4,1,GG,Yes,2,1,Home Win,4,7,11,Away Win,2,5,Away Win
27/10/2021,SP1,Real Madrid,Osasuna,0,0,NG,No,0,0,Draw,11,3,14,Home Win,1,1,Draw
28/10/2021,SP1,Celta,Sociedad,0,2,NG,No,0,0,Draw,7,6,13,Home Win,1,0,Home Win
28/10/2021,SP1,Granada,Getafe,1,1,GG,No,0,1,Away Win,5,0,5,Home Win,1,4,Away Win
28/10/2021,SP1,Levante,Ath Madrid,2,2,GG,Yes,1,1,Draw,5,2,7,Home Win,3,5,Away Win
30/10/2021,SP1,Elche,Real Madrid,1,2,GG,Yes,0,1,Away Win,5,4,9,Home Win,2,0,Home Win
30/10/2021,SP1,Sevilla,Osasuna,2,0,NG,No,1,0,Home Win,4,5,9,Away Win,2,2,Draw
30/10/2021,SP1,Valencia,Villarreal,2,0,NG,No,1,0,Home Win,7,6,13,Home Win,2,4,Away Win
30/10/2021,SP1,Barcelona,Alaves,1,1,GG,No,0,0,Draw,9,0,9,Home Win,0,2,Away Win
31/10/2021,SP1,Cadiz,Mallorca,1,1,GG,No,0,1,Away Win,6,5,11,Home Win,3,7,Away Win
31/10/2021,SP1,Ath Madrid,Betis,3,0,NG,Yes,1,0,Home Win,13,0,13,Home Win,0,0,Draw
31/10/2021,SP1,Getafe,Espanol,2,1,GG,Yes,1,1,Draw,6,11,17,Away Win,7,4,Home Win
31/10/2021,SP1,Sociedad,Ath Bilbao,1,1,GG,No,0,0,Draw,2,7,9,Away Win,4,3,Home Win
01/11/2021,SP1,Vallecano,Celta,0,0,NG,No,0,0,Draw,4,7,11,Away Win,2,5,Away Win
01/11/2021,SP1,Levante,Granada,0,3,NG,Yes,0,2,Away Win,3,5,8,Away Win,4,2,Home Win
05/11/2021,SP1,Ath Bilbao,Cadiz,0,1,NG,No,0,1,Away Win,5,1,6,Home Win,2,1,Home Win
06/11/2021,SP1,Espanol,Granada,2,0,NG,No,2,0,Home Win,5,3,8,Home Win,1,1,Draw
06/11/2021,SP1,Celta,Barcelona,3,3,GG,Yes,0,3,Away Win,3,1,4,Home Win,3,6,Away Win
06/11/2021,SP1,Alaves,Levante,2,1,GG,Yes,0,1,Away Win,1,3,4,Away Win,3,3,Draw
06/11/2021,SP1,Real Madrid,Vallecano,2,1,GG,Yes,2,0,Home Win,4,5,9,Away Win,1,2,Away Win
07/11/2021,SP1,Villarreal,Getafe,1,0,NG,No,1,0,Home Win,6,4,10,Home Win,1,1,Draw
07/11/2021,SP1,Valencia,Ath Madrid,3,3,GG,Yes,0,1,Away Win,9,0,9,Home Win,2,2,Draw
07/11/2021,SP1,Mallorca,Elche,2,2,GG,Yes,0,0,Draw,3,3,6,Draw,2,3,Away Win
07/11/2021,SP1,Osasuna,Sociedad,0,2,NG,No,0,0,Draw,5,2,7,Home Win,0,2,Away Win
07/11/2021,SP1,Betis,Sevilla,0,2,NG,No,0,0,Draw,2,1,3,Home Win,3,1,Home Win
19/11/2021,SP1,Levante,Ath Bilbao,0,0,NG,No,0,0,Draw,6,3,9,Home Win,2,1,Home Win
20/11/2021,SP1,Celta,Villarreal,1,1,GG,No,0,1,Away Win,3,5,8,Away Win,1,1,Draw
20/11/2021,SP1,Sevilla,Alaves,2,2,GG,Yes,1,2,Away Win,5,2,7,Home Win,4,4,Draw
20/11/2021,SP1,Ath Madrid,Osasuna,1,0,NG,No,0,0,Draw,7,4,11,Home Win,2,2,Draw
20/11/2021,SP1,Barcelona,Espanol,1,0,NG,No,0,0,Draw,4,4,8,Draw,4,2,Home Win
21/11/2021,SP1,Getafe,Cadiz,4,0,NG,Yes,1,0,Home Win,3,7,10,Away Win,2,4,Away Win
21/11/2021,SP1,Granada,Real Madrid,1,4,GG,Yes,1,2,Away Win,9,6,15,Home Win,1,1,Draw
21/11/2021,SP1,Elche,Betis,0,3,NG,Yes,0,3,Away Win,10,1,11,Home Win,1,2,Away Win
21/11/2021,SP1,Sociedad,Valencia,0,0,NG,No,0,0,Draw,2,4,6,Away Win,4,7,Away Win
22/11/2021,SP1,Vallecano,Mallorca,3,1,GG,Yes,2,0,Home Win,6,4,10,Home Win,3,2,Home Win
26/11/2021,SP1,Ath Bilbao,Granada,2,2,GG,Yes,1,2,Away Win,8,3,11,Home Win,1,1,Draw
27/11/2021,SP1,Alaves,Celta,1,2,GG,Yes,1,1,Draw,5,3,8,Home Win,3,2,Home Win
27/11/2021,SP1,Valencia,Vallecano,1,1,GG,No,1,0,Home Win,3,9,12,Away Win,6,5,Home Win
27/11/2021,SP1,Mallorca,Getafe,0,0,NG,No,0,0,Draw,2,0,2,Home Win,3,0,Home Win
27/11/2021,SP1,Villarreal,Barcelona,1,3,GG,Yes,0,0,Draw,4,4,8,Draw,2,2,Draw
28/11/2021,SP1,Betis,Levante,3,1,GG,Yes,0,1,Away Win,5,8,13,Away Win,2,3,Away Win
28/11/2021,SP1,Espanol,Sociedad,1,0,NG,No,0,0,Draw,2,9,11,Away Win,1,1,Draw
28/11/2021,SP1,Cadiz,Ath Madrid,1,4,GG,Yes,0,0,Draw,4,8,12,Away Win,2,0,Home Win
28/11/2021,SP1,Real Madrid,Sevilla,2,1,GG,Yes,1,1,Draw,0,4,4,Away Win,3,3,Draw
29/11/2021,SP1,Osasuna,Elche,1,1,GG,No,1,1,Draw,5,4,9,Home Win,1,3,Away Win
01/12/2021,SP1,Real Madrid,Ath Bilbao,1,0,NG,No,1,0,Home Win,7,6,13,Home Win,2,3,Away Win
03/12/2021,SP1,Granada,Alaves,2,1,GG,Yes,1,0,Home Win,3,5,8,Away Win,2,2,Draw
04/12/2021,SP1,Sevilla,Villarreal,1,0,NG,No,1,0,Home Win,5,8,13,Away Win,2,2,Draw
04/12/2021,SP1,Barcelona,Betis,0,1,NG,No,0,0,Draw,6,1,7,Home Win,1,2,Away Win
04/12/2021,SP1,Ath Madrid,Mallorca,1,2,GG,Yes,0,0,Draw,8,5,13,Home Win,2,5,Away Win
04/12/2021,SP1,Sociedad,Real Madrid,0,2,NG,No,0,0,Draw,5,5,10,Draw,2,0,Home Win
05/12/2021,SP1,Vallecano,Espanol,1,0,NG,No,0,0,Draw,6,3,9,Home Win,3,3,Draw
05/12/2021,SP1,Elche,Cadiz,3,1,GG,Yes,1,0,Home Win,3,3,6,Draw,7,3,Home Win
05/12/2021,SP1,Levante,Osasuna,0,0,NG,No,0,0,Draw,7,2,9,Home Win,2,3,Away Win
05/12/2021,SP1,Celta,Valencia,1,2,GG,Yes,1,1,Draw,6,4,10,Home Win,3,2,Home Win
06/12/2021,SP1,Getafe,Ath Bilbao,0,0,NG,No,0,0,Draw,5,3,8,Home Win,2,1,Home Win
10/12/2021,SP1,Mallorca,Celta,0,0,NG,No,0,0,Draw,7,4,11,Home Win,3,2,Home Win
11/12/2021,SP1,Espanol,Levante,4,3,GG,Yes,1,2,Away Win,4,2,6,Home Win,4,4,Draw
11/12/2021,SP1,Alaves,Getafe,1,1,GG,No,0,1,Away Win,1,1,2,Draw,4,4,Draw
11/12/2021,SP1,Valencia,Elche,2,1,GG,Yes,1,0,Home Win,8,1,9,Home Win,3,2,Home Win
11/12/2021,SP1,Ath Bilbao,Sevilla,0,1,NG,No,0,1,Away Win,9,2,11,Home Win,4,3,Home Win
12/12/2021,SP1,Villarreal,Vallecano,2,0,NG,No,2,0,Home Win,5,6,11,Away Win,1,3,Away Win
12/12/2021,SP1,Osasuna,Barcelona,2,2,GG,Yes,1,1,Draw,6,5,11,Home Win,5,4,Home Win
12/12/2021,SP1,Betis,Sociedad,4,0,NG,Yes,1,0,Home Win,4,7,11,Away Win,3,1,Home Win
12/12/2021,SP1,Real Madrid,Ath Madrid,2,0,NG,No,1,0,Home Win,3,6,9,Away Win,2,3,Away Win
13/12/2021,SP1,Cadiz,Granada,1,1,GG,No,1,0,Home Win,8,1,9,Home Win,5,0,Home Win
17/12/2021,SP1,Celta,Espanol,3,1,GG,Yes,1,0,Home Win,3,3,6,Draw,2,1,Home Win
18/12/2021,SP1,Vallecano,Alaves,2,0,NG,No,2,0,Home Win,5,5,10,Draw,1,2,Away Win
18/12/2021,SP1,Sociedad,Villarreal,1,3,GG,Yes,1,1,Draw,5,5,10,Draw,2,3,Away Win
18/12/2021,SP1,Barcelona,Elche,3,2,GG,Yes,2,0,Home Win,5,0,5,Home Win,1,3,Away Win
18/12/2021,SP1,Sevilla,Ath Madrid,2,1,GG,Yes,1,1,Draw,4,7,11,Away Win,2,1,Home Win
19/12/2021,SP1,Granada,Mallorca,4,1,GG,Yes,1,1,Draw,4,2,6,Home Win,3,2,Home Win
19/12/2021,SP1,Ath Bilbao,Betis,3,2,GG,Yes,1,1,Draw,5,6,11,Away Win,1,3,Away Win
19/12/2021,SP1,Getafe,Osasuna,1,0,NG,No,0,0,Draw,4,3,7,Home Win,3,1,Home Win
19/12/2021,SP1,Real Madrid,Cadiz,0,0,NG,No,0,0,Draw,13,2,15,Home Win,1,1,Draw
20/12/2021,SP1,Levante,Valencia,3,4,GG,Yes,2,1,Home Win,6,4,10,Home Win,3,4,Away Win
21/12/2021,SP1,Villarreal,Alaves,5,2,GG,Yes,2,1,Home Win,6,2,8,Home Win,0,2,Away Win
21/12/2021,SP1,Sevilla,Barcelona,1,1,GG,No,1,1,Draw,4,9,13,Away Win,2,3,Away Win
22/12/2021,SP1,Granada,Ath Madrid,2,1,GG,Yes,1,1,Draw,2,7,9,Away Win,4,1,Home Win
22/12/2021,SP1,Ath Bilbao,Real Madrid,1,2,GG,Yes,1,2,Away Win,7,0,7,Home Win,2,2,Draw
31/12/2021,SP1,Valencia,Espanol,1,2,GG,Yes,0,0,Draw,7,5,12,Home Win,7,3,Home Win
02/01/2022,SP1,Getafe,Real Madrid,1,0,NG,No,1,0,Home Win,2,9,11,Away Win,3,2,Home Win
02/01/2022,SP1,Ath Madrid,Vallecano,2,0,NG,No,1,0,Home Win,8,2,10,Home Win,3,0,Home Win
02/01/2022,SP1,Elche,Granada,0,0,NG,No,0,0,Draw,6,3,9,Home Win,3,3,Draw
02/01/2022,SP1,Alaves,Sociedad,1,1,GG,No,0,1,Away Win,2,3,5,Away Win,3,3,Draw
02/01/2022,SP1,Betis,Celta,0,2,NG,No,0,2,Away Win,3,3,6,Draw,1,2,Away Win
02/01/2022,SP1,Mallorca,Barcelona,0,1,NG,No,0,1,Away Win,4,3,7,Home Win,5,2,Home Win
03/01/2022,SP1,Villarreal,Levante,5,0,NG,Yes,3,0,Home Win,6,5,11,Home Win,3,2,Home Win
03/01/2022,SP1,Osasuna,Ath Bilbao,1,3,GG,Yes,1,2,Away Win,4,5,9,Away Win,5,2,Home Win
03/01/2022,SP1,Cadiz,Sevilla,0,1,NG,No,0,0,Draw,2,8,10,Away Win,0,1,Away Win
08/01/2022,SP1,Levante,Mallorca,2,0,NG,No,0,0,Draw,5,5,10,Draw,3,1,Home Win
08/01/2022,SP1,Sociedad,Celta,1,0,NG,No,1,0,Home Win,6,4,10,Home Win,3,3,Draw
08/01/2022,SP1,Granada,Barcelona,1,1,GG,No,0,0,Draw,3,2,5,Home Win,2,5,Away Win
08/01/2022,SP1,Real Madrid,Valencia,4,1,GG,Yes,1,0,Home Win,3,8,11,Away Win,3,3,Draw
09/01/2022,SP1,Vallecano,Betis,1,1,GG,No,0,1,Away Win,6,4,10,Home Win,1,3,Away Win
09/01/2022,SP1,Sevilla,Getafe,1,0,NG,No,1,0,Home Win,5,2,7,Home Win,1,3,Away Win
09/01/2022,SP1,Alaves,Ath Bilbao,0,0,NG,No,0,0,Draw,7,5,12,Home Win,2,0,Home Win
09/01/2022,SP1,Osasuna,Cadiz,2,0,NG,No,1,0,Home Win,5,7,12,Away Win,2,2,Draw
09/01/2022,SP1,Villarreal,Ath Madrid,2,2,GG,Yes,1,1,Draw,7,3,10,Home Win,0,2,Away Win
10/01/2022,SP1,Espanol,Elche,1,2,GG,Yes,1,2,Away Win,13,0,13,Home Win,4,6,Away Win
16/01/2022,SP1,Elche,Villarreal,1,0,NG,No,0,0,Draw,3,8,11,Away Win,4,3,Home Win
18/01/2022,SP1,Betis,Alaves,4,0,NG,Yes,3,0,Home Win,8,3,11,Home Win,2,0,Home Win
18/01/2022,SP1,Cadiz,Espanol,2,2,GG,Yes,0,1,Away Win,3,2,5,Home Win,5,1,Home Win
19/01/2022,SP1,Celta,Osasuna,2,0,NG,No,2,0,Home Win,0,5,5,Away Win,1,2,Away Win
19/01/2022,SP1,Valencia,Sevilla,1,1,GG,No,1,1,Draw,4,4,8,Draw,3,3,Draw
20/01/2022,SP1,Getafe,Granada,4,2,GG,Yes,1,1,Draw,4,8,12,Away Win,3,4,Away Win
21/01/2022,SP1,Espanol,Betis,1,4,GG,Yes,1,2,Away Win,6,5,11,Home Win,3,4,Away Win
22/01/2022,SP1,Levante,Cadiz,0,2,NG,No,0,1,Away Win,8,2,10,Home Win,4,6,Away Win
22/01/2022,SP1,Villarreal,Mallorca,3,0,NG,Yes,2,0,Home Win,10,6,16,Home Win,1,2,Away Win
22/01/2022,SP1,Sevilla,Celta,2,2,GG,Yes,0,2,Away Win,7,0,7,Home Win,1,4,Away Win
22/01/2022,SP1,Ath Madrid,Valencia,3,2,GG,Yes,0,2,Away Win,5,4,9,Home Win,5,6,Away Win
23/01/2022,SP1,Granada,Osasuna,0,2,NG,No,0,0,Draw,4,3,7,Home Win,0,2,Away Win
23/01/2022,SP1,Real Madrid,Elche,2,2,GG,Yes,0,1,Away Win,10,3,13,Home Win,3,1,Home Win
23/01/2022,SP1,Sociedad,Getafe,0,0,NG,No,0,0,Draw,7,2,9,Home Win,1,1,Draw
23/01/2022,SP1,Vallecano,Ath Bilbao,0,1,NG,No,0,1,Away Win,9,7,16,Home Win,1,6,Away Win
23/01/2022,SP1,Alaves,Barcelona,0,1,NG,No,0,0,Draw,1,10,11,Away Win,0,0,Draw
04/02/2022,SP1,Getafe,Levante,3,0,NG,Yes,2,0,Home Win,2,8,10,Away Win,4,3,Home Win
05/02/2022,SP1,Elche,Alaves,3,1,GG,Yes,0,1,Away Win,7,3,10,Home Win,1,1,Draw
05/02/2022,SP1,Mallorca,Cadiz,2,1,GG,Yes,1,1,Draw,6,4,10,Home Win,2,4,Away Win
05/02/2022,SP1,Celta,Vallecano,2,0,NG,No,1,0,Home Win,7,2,9,Home Win,0,2,Away Win
05/02/2022,SP1,Osasuna,Sevilla,0,0,NG,No,0,0,Draw,1,1,2,Draw,1,1,Draw
06/02/2022,SP1,Valencia,Sociedad,0,0,NG,No,0,0,Draw,9,9,18,Draw,4,2,Home Win
06/02/2022,SP1,Barcelona,Ath Madrid,4,2,GG,Yes,3,1,Home Win,3,5,8,Away Win,2,2,Draw
06/02/2022,SP1,Betis,Villarreal,0,2,NG,No,0,1,Away Win,6,6,12,Draw,2,3,Away Win
06/02/2022,SP1,Real Madrid,Granada,1,0,NG,No,0,0,Draw,9,2,11,Home Win,2,1,Home Win
07/02/2022,SP1,Ath Bilbao,Espanol,2,1,GG,Yes,2,1,Home Win,5,3,8,Home Win,3,3,Draw
11/02/2022,SP1,Sevilla,Elche,2,0,NG,No,0,0,Draw,5,4,9,Home Win,1,5,Away Win
12/02/2022,SP1,Cadiz,Celta,0,0,NG,No,0,0,Draw,3,3,6,Draw,3,2,Home Win
12/02/2022,SP1,Villarreal,Real Madrid,0,0,NG,No,0,0,Draw,3,3,6,Draw,2,4,Away Win
12/02/2022,SP1,Vallecano,Osasuna,0,3,NG,Yes,0,2,Away Win,4,5,9,Away Win,2,1,Home Win
12/02/2022,SP1,Ath Madrid,Getafe,4,3,GG,Yes,3,3,Draw,5,4,9,Home Win,3,4,Away Win
13/02/2022,SP1,Alaves,Valencia,2,1,GG,Yes,1,0,Home Win,5,9,14,Away Win,4,3,Home Win
13/02/2022,SP1,Levante,Betis,2,4,GG,Yes,1,3,Away Win,5,7,12,Away Win,1,2,Away Win
13/02/2022,SP1,Sociedad,Granada,2,0,NG,No,1,0,Home Win,6,5,11,Home Win,0,2,Away Win
13/02/2022,SP1,Espanol,Barcelona,2,2,GG,Yes,1,1,Draw,3,5,8,Away Win,5,4,Home Win
14/02/2022,SP1,Mallorca,Ath Bilbao,3,2,GG,Yes,2,0,Home Win,6,6,12,Draw,6,4,Home Win
16/02/2022,SP1,Ath Madrid,Levante,0,1,NG,No,0,0,Draw,5,3,8,Home Win,3,4,Away Win
18/02/2022,SP1,Elche,Vallecano,2,1,GG,Yes,0,0,Draw,2,3,5,Away Win,2,4,Away Win
19/02/2022,SP1,Granada,Villarreal,1,4,GG,Yes,0,2,Away Win,9,2,11,Home Win,3,6,Away Win
19/02/2022,SP1,Osasuna,Ath Madrid,0,3,NG,Yes,0,1,Away Win,4,2,6,Home Win,1,2,Away Win
19/02/2022,SP1,Cadiz,Getafe,1,1,GG,No,1,1,Draw,7,2,9,Home Win,3,4,Away Win
19/02/2022,SP1,Real Madrid,Alaves,3,0,NG,Yes,0,0,Draw,7,1,8,Home Win,1,1,Draw
20/02/2022,SP1,Espanol,Sevilla,1,1,GG,No,0,1,Away Win,3,7,10,Away Win,4,5,Away Win
20/02/2022,SP1,Valencia,Barcelona,1,4,GG,Yes,0,3,Away Win,8,3,11,Home Win,3,4,Away Win
20/02/2022,SP1,Betis,Mallorca,2,1,GG,Yes,1,0,Home Win,4,7,11,Away Win,3,2,Home Win
20/02/2022,SP1,Ath Bilbao,Sociedad,4,0,NG,Yes,0,0,Draw,6,4,10,Home Win,4,1,Home Win
21/02/2022,SP1,Celta,Levante,1,1,GG,No,0,0,Draw,2,5,7,Away Win,3,5,Away Win
25/02/2022,SP1,Levante,Elche,3,0,NG,Yes,1,0,Home Win,3,3,6,Draw,1,2,Away Win
26/02/2022,SP1,Mallorca,Valencia,0,1,NG,No,0,1,Away Win,14,1,15,Home Win,4,6,Away Win
26/02/2022,SP1,Getafe,Alaves,2,2,GG,Yes,0,1,Away Win,6,1,7,Home Win,2,4,Away Win
26/02/2022,SP1,Vallecano,Real Madrid,0,1,NG,No,0,0,Draw,5,9,14,Away Win,5,3,Home Win
26/02/2022,SP1,Ath Madrid,Celta,2,0,NG,No,1,0,Home Win,5,9,14,Away Win,4,3,Home Win
27/02/2022,SP1,Villarreal,Espanol,5,1,GG,Yes,3,0,Home Win,10,3,13,Home Win,2,1,Home Win
27/02/2022,SP1,Sevilla,Betis,2,1,GG,Yes,2,0,Home Win,4,4,8,Draw,6,3,Home Win
27/02/2022,SP1,Sociedad,Osasuna,1,0,NG,No,0,0,Draw,6,5,11,Home Win,0,4,Away Win
27/02/2022,SP1,Barcelona,Ath Bilbao,4,0,NG,Yes,1,0,Home Win,5,0,5,Home Win,2,1,Home Win
28/02/2022,SP1,Granada,Cadiz,0,0,NG,No,0,0,Draw,0,4,4,Away Win,3,3,Draw
02/03/2022,SP1,Mallorca,Sociedad,0,2,NG,No,0,1,Away Win,3,4,7,Away Win,0,2,Away Win
04/03/2022,SP1,Alaves,Sevilla,0,0,NG,No,0,0,Draw,5,5,10,Draw,3,1,Home Win
05/03/2022,SP1,Osasuna,Villarreal,1,0,NG,No,0,0,Draw,6,8,14,Away Win,1,0,Home Win
05/03/2022,SP1,Espanol,Getafe,2,0,NG,No,2,0,Home Win,1,5,6,Away Win,6,5,Home Win
05/03/2022,SP1,Valencia,Granada,3,1,GG,Yes,0,0,Draw,3,6,9,Away Win,3,3,Draw
05/03/2022,SP1,Real Madrid,Sociedad,4,1,GG,Yes,2,1,Home Win,7,1,8,Home Win,0,2,Away Win
06/03/2022,SP1,Cadiz,Vallecano,2,0,NG,No,0,0,Draw,5,6,11,Away Win,5,3,Home Win
06/03/2022,SP1,Elche,Barcelona,1,2,GG,Yes,1,0,Home Win,5,6,11,Away Win,2,6,Away Win
06/03/2022,SP1,Celta,Mallorca,4,3,GG,Yes,2,1,Home Win,4,5,9,Away Win,5,4,Home Win
06/03/2022,SP1,Betis,Ath Madrid,1,3,GG,Yes,1,1,Draw,10,3,13,Home Win,5,3,Home Win
07/03/2022,SP1,Ath Bilbao,Levante,3,1,GG,Yes,0,0,Draw,4,3,7,Home Win,1,2,Away Win
11/03/2022,SP1,Ath Madrid,Cadiz,2,1,GG,Yes,1,1,Draw,0,4,4,Away Win,4,1,Home Win
12/03/2022,SP1,Levante,Espanol,1,1,GG,No,0,0,Draw,8,2,10,Home Win,4,4,Draw
12/03/2022,SP1,Granada,Elche,0,1,NG,No,0,1,Away Win,3,3,6,Draw,3,6,Away Win
12/03/2022,SP1,Villarreal,Celta,1,0,NG,No,0,0,Draw,5,6,11,Away Win,1,1,Draw
12/03/2022,SP1,Getafe,Valencia,0,0,NG,No,0,0,Draw,5,3,8,Home Win,6,5,Home Win
13/03/2022,SP1,Vallecano,Sevilla,1,1,GG,No,0,0,Draw,5,6,11,Away Win,0,1,Away Win
13/03/2022,SP1,Betis,Ath Bilbao,1,0,NG,No,1,0,Home Win,5,6,11,Away Win,4,5,Away Win
13/03/2022,SP1,Sociedad,Alaves,1,0,NG,No,0,0,Draw,6,4,10,Home Win,1,1,Draw
13/03/2022,SP1,Barcelona,Osasuna,4,0,NG,Yes,3,0,Home Win,5,1,6,Home Win,0,4,Away Win
14/03/2022,SP1,Mallorca,Real Madrid,0,3,NG,Yes,0,0,Draw,1,6,7,Away Win,3,3,Draw
18/03/2022,SP1,Ath Bilbao,Getafe,1,1,GG,No,1,1,Draw,8,2,10,Home Win,4,5,Away Win
19/03/2022,SP1,Alaves,Granada,2,3,GG,Yes,0,0,Draw,6,2,8,Home Win,4,6,Away Win
19/03/2022,SP1,Elche,Valencia,0,1,NG,No,0,0,Draw,4,2,6,Home Win,3,3,Draw
19/03/2022,SP1,Osasuna,Levante,3,1,GG,Yes,1,0,Home Win,6,1,7,Home Win,0,1,Away Win
19/03/2022,SP1,Vallecano,Ath Madrid,0,1,NG,No,0,0,Draw,3,6,9,Away Win,0,0,Draw
20/03/2022,SP1,Espanol,Mallorca,1,0,NG,No,1,0,Home Win,6,6,12,Draw,3,3,Draw
20/03/2022,SP1,Cadiz,Villarreal,1,0,NG,No,0,0,Draw,6,3,9,Home Win,3,2,Home Win
20/03/2022,SP1,Celta,Betis,0,0,NG,No,0,0,Draw,2,2,4,Draw,1,2,Away Win
20/03/2022,SP1,Sevilla,Sociedad,0,0,NG,No,0,0,Draw,7,3,10,Home Win,0,3,Away Win
20/03/2022,SP1,Real Madrid,Barcelona,0,4,NG,Yes,0,2,Away Win,4,3,7,Home Win,4,4,Draw
02/04/2022,SP1,Getafe,Mallorca,1,0,NG,No,0,0,Draw,5,1,6,Home Win,5,6,Away Win
02/04/2022,SP1,Levante,Villarreal,2,0,NG,No,0,0,Draw,1,8,9,Away Win,4,2,Home Win
02/04/2022,SP1,Celta,Real Madrid,1,2,GG,Yes,0,1,Away Win,9,3,12,Home Win,3,0,Home Win
02/04/2022,SP1,Ath Madrid,Alaves,4,1,GG,Yes,1,0,Home Win,8,2,10,Home Win,1,0,Home Win
03/04/2022,SP1,Ath Bilbao,Elche,2,1,GG,Yes,1,0,Home Win,7,4,11,Home Win,2,4,Away Win
03/04/2022,SP1,Betis,Osasuna,4,1,GG,Yes,2,0,Home Win,11,7,18,Home Win,1,3,Away Win
03/04/2022,SP1,Granada,Vallecano,2,2,GG,Yes,0,2,Away Win,5,4,9,Home Win,4,5,Away Win
03/04/2022,SP1,Valencia,Cadiz,0,0,NG,No,0,0,Draw,4,3,7,Home Win,3,6,Away Win
03/04/2022,SP1,Barcelona,Sevilla,1,0,NG,No,0,0,Draw,9,2,11,Home Win,3,3,Draw
04/04/2022,SP1,Sociedad,Espanol,1,0,NG,No,0,0,Draw,6,0,6,Home Win,2,4,Away Win
08/04/2022,SP1,Sevilla,Granada,4,2,GG,Yes,1,1,Draw,14,3,17,Home Win,2,2,Draw
09/04/2022,SP1,Cadiz,Betis,1,2,GG,Yes,0,0,Draw,8,4,12,Home Win,1,2,Away Win
09/04/2022,SP1,Mallorca,Ath Madrid,1,0,NG,No,0,0,Draw,1,6,7,Away Win,1,4,Away Win
09/04/2022,SP1,Villarreal,Ath Bilbao,1,1,GG,No,0,1,Away Win,7,2,9,Home Win,2,3,Away Win
09/04/2022,SP1,Real Madrid,Getafe,2,0,NG,No,1,0,Home Win,10,2,12,Home Win,2,2,Draw
10/04/2022,SP1,Osasuna,Alaves,1,0,NG,No,0,0,Draw,7,3,10,Home Win,3,1,Home Win
10/04/2022,SP1,Espanol,Celta,1,0,NG,No,0,0,Draw,2,3,5,Away Win,4,1,Home Win
10/04/2022,SP1,Elche,Sociedad,1,2,GG,Yes,1,2,Away Win,8,9,17,Away Win,3,3,Draw
10/04/2022,SP1,Levante,Barcelona,2,3,GG,Yes,0,0,Draw,4,3,7,Home Win,1,1,Draw
11/04/2022,SP1,Vallecano,Valencia,1,1,GG,No,0,0,Draw,5,4,9,Home Win,3,4,Away Win
15/04/2022,SP1,Sociedad,Betis,0,0,NG,No,0,0,Draw,8,1,9,Home Win,4,4,Draw
16/04/2022,SP1,Elche,Mallorca,3,0,NG,Yes,1,0,Home Win,2,1,3,Home Win,2,3,Away Win
16/04/2022,SP1,Alaves,Vallecano,1,0,NG,No,0,0,Draw,2,12,14,Away Win,2,3,Away Win
16/04/2022,SP1,Valencia,Osasuna,1,2,GG,Yes,0,0,Draw,9,5,14,Home Win,1,2,Away Win
16/04/2022,SP1,Getafe,Villarreal,1,2,GG,Yes,0,2,Away Win,6,6,12,Draw,2,0,Home Win
17/04/2022,SP1,Granada,Levante,1,4,GG,Yes,0,1,Away Win,13,2,15,Home Win,5,2,Home Win
17/04/2022,SP1,Ath Madrid,Espanol,2,1,GG,Yes,0,0,Draw,6,3,9,Home Win,5,5,Draw
17/04/2022,SP1,Ath Bilbao,Celta,0,2,NG,No,0,2,Away Win,5,4,9,Home Win,2,2,Draw
17/04/2022,SP1,Sevilla,Real Madrid,2,3,GG,Yes,2,0,Home Win,0,3,3,Away Win,3,4,Away Win
18/04/2022,SP1,Barcelona,Cadiz,0,1,NG,No,0,0,Draw,8,1,9,Home Win,4,1,Home Win
19/04/2022,SP1,Mallorca,Alaves,2,1,GG,Yes,2,0,Home Win,0,6,6,Away Win,2,6,Away Win
19/04/2022,SP1,Betis,Elche,0,1,NG,No,0,0,Draw,2,3,5,Away Win,2,3,Away Win
19/04/2022,SP1,Villarreal,Valencia,2,0,NG,No,2,0,Home Win,3,2,5,Home Win,2,3,Away Win
20/04/2022,SP1,Ath Madrid,Granada,0,0,NG,No,0,0,Draw,11,1,12,Home Win,4,5,Away Win
20/04/2022,SP1,Celta,Getafe,0,2,NG,No,0,1,Away Win,2,1,3,Home Win,2,5,Away Win
20/04/2022,SP1,Osasuna,Real Madrid,1,3,GG,Yes,1,2,Away Win,3,4,7,Away Win,1,3,Away Win
21/04/2022,SP1,Espanol,Vallecano,0,1,NG,No,0,1,Away Win,3,10,13,Away Win,4,4,Draw
21/04/2022,SP1,Levante,Sevilla,2,3,GG,Yes,1,2,Away Win,10,4,14,Home Win,1,5,Away Win
21/04/2022,SP1,Cadiz,Ath Bilbao,2,3,GG,Yes,0,3,Away Win,4,1,5,Home Win,3,5,Away Win
21/04/2022,SP1,Sociedad,Barcelona,0,1,NG,No,0,1,Away Win,5,3,8,Home Win,1,2,Away Win
24/04/2022,SP1,Barcelona,Vallecano,0,1,NG,No,0,1,Away Win,9,1,10,Home Win,4,6,Away Win
29/04/2022,SP1,Sevilla,Cadiz,1,1,GG,No,1,0,Home Win,5,6,11,Away Win,2,2,Draw
30/04/2022,SP1,Alaves,Villarreal,2,1,GG,Yes,2,0,Home Win,5,8,13,Away Win,5,2,Home Win
30/04/2022,SP1,Real Madrid,Espanol,4,0,NG,Yes,2,0,Home Win,6,8,14,Away Win,2,0,Home Win
30/04/2022,SP1,Valencia,Levante,1,1,GG,No,1,0,Home Win,1,7,8,Away Win,4,3,Home Win
30/04/2022,SP1,Ath Bilbao,Ath Madrid,2,0,NG,No,1,0,Home Win,5,3,8,Home Win,3,3,Draw
01/05/2022,SP1,Elche,Osasuna,1,1,GG,No,0,0,Draw,7,4,11,Home Win,4,2,Home Win
01/05/2022,SP1,Granada,Celta,1,1,GG,No,0,0,Draw,5,4,9,Home Win,1,3,Away Win
01/05/2022,SP1,Vallecano,Sociedad,1,1,GG,No,0,1,Away Win,8,5,13,Home Win,2,1,Home Win
01/05/2022,SP1,Barcelona,Mallorca,2,1,GG,Yes,1,0,Home Win,5,2,7,Home Win,2,3,Away Win
02/05/2022,SP1,Getafe,Betis,0,0,NG,No,0,0,Draw,2,4,6,Away Win,1,1,Draw
06/05/2022,SP1,Levante,Sociedad,2,1,GG,Yes,0,0,Draw,7,6,13,Home Win,2,3,Away Win
07/05/2022,SP1,Mallorca,Granada,2,6,GG,Yes,1,1,Draw,5,5,10,Draw,3,2,Home Win
07/05/2022,SP1,Ath Bilbao,Valencia,0,0,NG,No,0,0,Draw,4,2,6,Home Win,4,4,Draw
07/05/2022,SP1,Cadiz,Elche,3,0,NG,Yes,0,0,Draw,8,1,9,Home Win,1,0,Home Win
07/05/2022,SP1,Celta,Alaves,4,0,NG,Yes,2,0,Home Win,7,1,8,Home Win,1,3,Away Win
07/05/2022,SP1,Betis,Barcelona,1,2,GG,Yes,0,0,Draw,4,8,12,Away Win,1,2,Away Win
08/05/2022,SP1,Getafe,Vallecano,0,0,NG,No,0,0,Draw,4,5,9,Away Win,3,4,Away Win
08/05/2022,SP1,Villarreal,Sevilla,1,1,GG,No,0,0,Draw,4,2,6,Home Win,3,0,Home Win
08/05/2022,SP1,Espanol,Osasuna,1,1,GG,No,0,1,Away Win,6,6,12,Draw,1,3,Away Win
08/05/2022,SP1,Ath Madrid,Real Madrid,1,0,NG,No,1,0,Home Win,4,6,10,Away Win,2,4,Away Win
10/05/2022,SP1,Valencia,Betis,0,3,NG,Yes,0,0,Draw,7,3,10,Home Win,1,3,Away Win
10/05/2022,SP1,Granada,Ath Bilbao,1,0,NG,No,1,0,Home Win,2,7,9,Away Win,4,2,Home Win
10/05/2022,SP1,Barcelona,Celta,3,1,GG,Yes,2,0,Home Win,2,8,10,Away Win,3,0,Home Win
11/05/2022,SP1,Alaves,Espanol,2,1,GG,Yes,1,1,Draw,12,3,15,Home Win,3,3,Draw
11/05/2022,SP1,Osasuna,Getafe,1,1,GG,No,1,1,Draw,7,2,9,Home Win,2,4,Away Win
11/05/2022,SP1,Sevilla,Mallorca,0,0,NG,No,0,0,Draw,6,3,9,Home Win,4,6,Away Win
11/05/2022,SP1,Elche,Ath Madrid,0,2,NG,No,0,1,Away Win,6,3,9,Home Win,2,2,Draw
12/05/2022,SP1,Sociedad,Cadiz,3,0,NG,Yes,1,0,Home Win,2,12,14,Away Win,4,2,Home Win
12/05/2022,SP1,Vallecano,Villarreal,1,5,GG,Yes,1,4,Away Win,9,3,12,Home Win,5,2,Home Win
12/05/2022,SP1,Real Madrid,Levante,6,0,NG,Yes,4,0,Home Win,6,6,12,Draw,2,1,Home Win
14/05/2022,SP1,Espanol,Valencia,1,1,GG,No,1,1,Draw,2,3,5,Away Win,4,1,Home Win
15/05/2022,SP1,Ath Bilbao,Osasuna,2,0,NG,No,1,0,Home Win,10,6,16,Home Win,0,0,Draw
15/05/2022,SP1,Ath Madrid,Sevilla,1,1,GG,No,1,0,Home Win,4,5,9,Away Win,2,5,Away Win
15/05/2022,SP1,Betis,Granada,2,0,NG,No,1,0,Home Win,4,9,13,Away Win,0,1,Away Win
15/05/2022,SP1,Cadiz,Real Madrid,1,1,GG,No,1,1,Draw,10,2,12,Home Win,7,2,Home Win
15/05/2022,SP1,Celta,Elche,1,0,NG,No,1,0,Home Win,7,5,12,Home Win,2,2,Draw
15/05/2022,SP1,Getafe,Barcelona,0,0,NG,No,0,0,Draw,5,5,10,Draw,1,2,Away Win
15/05/2022,SP1,Levante,Alaves,3,1,GG,Yes,0,1,Away Win,3,4,7,Away Win,8,6,Home Win
15/05/2022,SP1,Mallorca,Vallecano,2,1,GG,Yes,1,0,Home Win,5,3,8,Home Win,1,0,Home Win
15/05/2022,SP1,Villarreal,Sociedad,1,2,GG,Yes,1,0,Home Win,4,3,7,Home Win,4,2,Home Win
20/05/2022,SP1,Real Madrid,Betis,0,0,NG,No,0,0,Draw,8,5,13,Home Win,0,0,Draw
20/05/2022,SP1,Vallecano,Levante,2,4,GG,Yes,1,3,Away Win,7,3,10,Home Win,0,3,Away Win
21/05/2022,SP1,Valencia,Celta,2,0,NG,No,1,0,Home Win,3,3,6,Draw,3,3,Draw
22/05/2022,SP1,Elche,Getafe,3,1,GG,Yes,1,1,Draw,8,3,11,Home Win,2,2,Draw
22/05/2022,SP1,Alaves,Cadiz,0,1,NG,No,0,0,Draw,4,4,8,Draw,0,1,Away Win
22/05/2022,SP1,Granada,Espanol,0,0,NG,No,0,0,Draw,7,3,10,Home Win,1,0,Home Win
22/05/2022,SP1,Osasuna,Mallorca,0,2,NG,No,0,0,Draw,5,7,12,Away Win,2,2,Draw
22/05/2022,SP1,Barcelona,Villarreal,0,2,NG,No,0,1,Away Win,12,1,13,Home Win,3,1,Home Win
22/05/2022,SP1,Sevilla,Ath Bilbao,1,0,NG,No,0,0,Draw,5,0,5,Home Win,3,3,Draw
22/05/2022,SP1,Sociedad,Ath Madrid,1,2,GG,Yes,0,0,Draw,3,2,5,Home Win,4,2,Home Win
12/08/2022,SP1,Osasuna,Sevilla,2,1,GG,Yes,1,1,Draw,5,2,7,Home Win,5,3,Home Win
13/08/2022,SP1,Celta,Espanol,2,2,GG,Yes,1,0,Home Win,3,3,6,Draw,5,2,Home Win
13/08/2022,SP1,Valladolid,Villarreal,0,3,NG,Yes,0,0,Draw,4,5,9,Away Win,1,0,Home Win
13/08/2022,SP1,Barcelona,Vallecano,0,0,NG,No,0,0,Draw,8,0,8,Home Win,3,6,Away Win
14/08/2022,SP1,Cadiz,Sociedad,0,1,NG,No,0,1,Away Win,3,6,9,Away Win,4,2,Home Win
14/08/2022,SP1,Valencia,Girona,1,0,NG,No,1,0,Home Win,4,4,8,Draw,2,3,Away Win
14/08/2022,SP1,Almeria,Real Madrid,1,2,GG,Yes,1,0,Home Win,2,15,17,Away Win,3,1,Home Win
15/08/2022,SP1,Ath Bilbao,Mallorca,0,0,NG,No,0,0,Draw,7,2,9,Home Win,0,6,Away Win
15/08/2022,SP1,Getafe,Ath Madrid,0,3,NG,Yes,0,1,Away Win,3,6,9,Away Win,2,1,Home Win
15/08/2022,SP1,Betis,Elche,3,0,NG,Yes,2,0,Home Win,8,4,12,Home Win,3,6,Away Win
19/08/2022,SP1,Espanol,Vallecano,0,2,NG,No,0,1,Away Win,9,2,11,Home Win,2,5,Away Win
19/08/2022,SP1,Sevilla,Valladolid,1,1,GG,No,0,0,Draw,12,2,14,Home Win,3,2,Home Win
20/08/2022,SP1,Osasuna,Cadiz,2,0,NG,No,1,0,Home Win,2,2,4,Draw,2,5,Away Win
20/08/2022,SP1,Mallorca,Betis,1,2,GG,Yes,0,1,Away Win,5,2,7,Home Win,7,8,Away Win
20/08/2022,SP1,Celta,Real Madrid,1,4,GG,Yes,1,2,Away Win,2,2,4,Draw,2,2,Draw
21/08/2022,SP1,Ath Bilbao,Valencia,1,0,NG,No,1,0,Home Win,6,3,9,Home Win,5,2,Home Win
21/08/2022,SP1,Ath Madrid,Villarreal,0,2,NG,No,0,0,Draw,5,6,11,Away Win,2,3,Away Win
21/08/2022,SP1,Sociedad,Barcelona,1,4,GG,Yes,1,1,Draw,3,6,9,Away Win,2,1,Home Win
22/08/2022,SP1,Elche,Almeria,1,1,GG,No,1,1,Draw,6,5,11,Home Win,1,4,Away Win
22/08/2022,SP1,Girona,Getafe,3,1,GG,Yes,1,0,Home Win,5,2,7,Home Win,3,6,Away Win
26/08/2022,SP1,Girona,Celta,0,1,NG,No,0,0,Draw,2,4,6,Away Win,2,1,Home Win
26/08/2022,SP1,Betis,Osasuna,1,0,NG,No,1,0,Home Win,2,4,6,Away Win,0,3,Away Win
27/08/2022,SP1,Elche,Sociedad,0,1,NG,No,0,1,Away Win,4,6,10,Away Win,3,3,Draw
27/08/2022,SP1,Vallecano,Mallorca,0,2,NG,No,0,1,Away Win,7,3,10,Home Win,1,3,Away Win
27/08/2022,SP1,Almeria,Sevilla,2,1,GG,Yes,1,1,Draw,5,2,7,Home Win,5,8,Away Win
28/08/2022,SP1,Getafe,Villarreal,0,0,NG,No,0,0,Draw,1,4,5,Away Win,1,5,Away Win
28/08/2022,SP1,Barcelona,Valladolid,4,0,NG,Yes,2,0,Home Win,14,4,18,Home Win,0,3,Away Win
28/08/2022,SP1,Espanol,Real Madrid,1,3,GG,Yes,1,1,Draw,7,7,14,Draw,0,0,Draw
29/08/2022,SP1,Cadiz,Ath Bilbao,0,4,NG,Yes,0,1,Away Win,0,6,6,Away Win,2,1,Home Win
29/08/2022,SP1,Valencia,Ath Madrid,0,1,NG,No,0,0,Draw,6,2,8,Home Win,4,3,Home Win
02/09/2022,SP1,Celta,Cadiz,3,0,NG,Yes,0,0,Draw,2,2,4,Draw,1,2,Away Win
03/09/2022,SP1,Mallorca,Girona,1,1,GG,No,0,0,Draw,6,3,9,Home Win,4,2,Home Win
03/09/2022,SP1,Real Madrid,Betis,2,1,GG,Yes,1,1,Draw,9,2,11,Home Win,0,1,Away Win
03/09/2022,SP1,Sociedad,Ath Madrid,1,1,GG,No,0,1,Away Win,7,7,14,Draw,5,4,Home Win
03/09/2022,SP1,Sevilla,Barcelona,0,3,NG,Yes,0,2,Away Win,4,4,8,Draw,2,4,Away Win
04/09/2022,SP1,Osasuna,Vallecano,2,1,GG,Yes,0,0,Draw,4,0,4,Home Win,2,2,Draw
04/09/2022,SP1,Ath Bilbao,Espanol,0,1,NG,No,0,0,Draw,4,2,6,Home Win,3,2,Home Win
04/09/2022,SP1,Villarreal,Elche,4,0,NG,Yes,2,0,Home Win,6,4,10,Home Win,1,3,Away Win
04/09/2022,SP1,Valencia,Getafe,5,1,GG,Yes,3,0,Home Win,9,1,10,Home Win,3,6,Away Win
05/09/2022,SP1,Valladolid,Almeria,1,0,NG,No,0,0,Draw,2,8,10,Away Win,1,6,Away Win
09/09/2022,SP1,Girona,Valladolid,2,1,GG,Yes,1,1,Draw,3,12,15,Away Win,0,2,Away Win
10/09/2022,SP1,Vallecano,Valencia,2,1,GG,Yes,1,0,Home Win,7,7,14,Draw,5,2,Home Win
10/09/2022,SP1,Espanol,Sevilla,2,3,GG,Yes,1,3,Away Win,9,3,12,Home Win,3,5,Away Win
10/09/2022,SP1,Cadiz,Barcelona,0,4,NG,Yes,0,0,Draw,5,6,11,Away Win,1,2,Away Win
10/09/2022,SP1,Ath Madrid,Celta,4,1,GG,Yes,1,0,Home Win,4,7,11,Away Win,2,3,Away Win
11/09/2022,SP1,Real Madrid,Mallorca,4,1,GG,Yes,1,1,Draw,4,3,7,Home Win,3,5,Away Win
11/09/2022,SP1,Elche,Ath Bilbao,1,4,GG,Yes,0,4,Away Win,5,5,10,Draw,3,0,Home Win
11/09/2022,SP1,Getafe,Sociedad,2,1,GG,Yes,1,0,Home Win,3,7,10,Away Win,4,1,Home Win
11/09/2022,SP1,Betis,Villarreal,1,0,NG,No,0,0,Draw,9,8,17,Home Win,1,1,Draw
12/09/2022,SP1,Almeria,Osasuna,0,1,NG,No,0,1,Away Win,5,10,15,Away Win,0,2,Away Win
16/09/2022,SP1,Valladolid,Cadiz,0,1,NG,No,0,0,Draw,8,2,10,Home Win,1,4,Away Win
17/09/2022,SP1,Mallorca,Almeria,1,0,NG,No,1,0,Home Win,5,2,7,Home Win,3,6,Away Win
17/09/2022,SP1,Barcelona,Elche,3,0,NG,Yes,2,0,Home Win,6,0,6,Home Win,2,2,Draw
17/09/2022,SP1,Valencia,Celta,3,0,NG,Yes,1,0,Home Win,5,4,9,Home Win,3,2,Home Win
17/09/2022,SP1,Ath Bilbao,Vallecano,3,2,GG,Yes,3,1,Home Win,2,7,9,Away Win,1,2,Away Win
18/09/2022,SP1,Osasuna,Getafe,0,2,NG,No,0,1,Away Win,8,1,9,Home Win,7,3,Home Win
18/09/2022,SP1,Villarreal,Sevilla,1,1,GG,No,0,1,Away Win,6,4,10,Home Win,1,5,Away Win
18/09/2022,SP1,Betis,Girona,2,1,GG,Yes,1,1,Draw,2,4,6,Away Win,0,3,Away Win
18/09/2022,SP1,Sociedad,Espanol,2,1,GG,Yes,2,1,Home Win,4,2,6,Home Win,3,0,Home Win
18/09/2022,SP1,Ath Madrid,Real Madrid,1,2,GG,Yes,0,2,Away Win,8,1,9,Home Win,4,2,Home Win
30/09/2022,SP1,Ath Bilbao,Almeria,4,0,NG,Yes,2,0,Home Win,11,2,13,Home Win,1,3,Away Win
01/10/2022,SP1,Cadiz,Villarreal,0,0,NG,No,0,0,Draw,6,5,11,Home Win,2,3,Away Win
01/10/2022,SP1,Getafe,Valladolid,2,3,GG,Yes,2,2,Draw,4,2,6,Home Win,2,4,Away Win
01/10/2022,SP1,Sevilla,Ath Madrid,0,2,NG,No,0,1,Away Win,5,7,12,Away Win,3,2,Home Win
01/10/2022,SP1,Mallorca,Barcelona,0,1,NG,No,0,1,Away Win,5,5,10,Draw,2,4,Away Win
02/10/2022,SP1,Espanol,Valencia,2,2,GG,Yes,0,0,Draw,6,4,10,Home Win,2,1,Home Win
02/10/2022,SP1,Celta,Betis,1,0,NG,No,1,0,Home Win,5,3,8,Home Win,4,3,Home Win
02/10/2022,SP1,Girona,Sociedad,3,5,GG,Yes,2,2,Draw,2,2,4,Draw,3,1,Home Win
02/10/2022,SP1,Real Madrid,Osasuna,1,1,GG,No,1,0,Home Win,10,2,12,Home Win,1,2,Away Win
03/10/2022,SP1,Vallecano,Elche,2,1,GG,Yes,1,1,Draw,13,3,16,Home Win,1,8,Away Win
07/10/2022,SP1,Osasuna,Valencia,1,2,GG,Yes,0,1,Away Win,7,5,12,Home Win,3,6,Away Win
08/10/2022,SP1,Almeria,Vallecano,3,1,GG,Yes,3,0,Home Win,7,6,13,Home Win,4,2,Home Win
08/10/2022,SP1,Ath Madrid,Girona,2,1,GG,Yes,1,0,Home Win,8,3,11,Home Win,3,1,Home Win
08/10/2022,SP1,Sevilla,Ath Bilbao,1,1,GG,No,1,0,Home Win,5,7,12,Away Win,4,0,Home Win
08/10/2022,SP1,Getafe,Real Madrid,0,1,NG,No,0,1,Away Win,4,4,8,Draw,0,0,Draw
09/10/2022,SP1,Valladolid,Betis,0,0,NG,No,0,0,Draw,3,1,4,Home Win,1,1,Draw
09/10/2022,SP1,Cadiz,Espanol,2,2,GG,Yes,1,0,Home Win,8,3,11,Home Win,4,4,Draw
09/10/2022,SP1,Sociedad,Villarreal,1,0,NG,No,1,0,Home Win,9,3,12,Home Win,5,3,Home Win
09/10/2022,SP1,Barcelona,Celta,1,0,NG,No,1,0,Home Win,6,3,9,Home Win,2,4,Away Win
10/10/2022,SP1,Elche,Mallorca,1,1,GG,No,1,0,Home Win,5,7,12,Away Win,4,5,Away Win
14/10/2022,SP1,Vallecano,Getafe,0,0,NG,No,0,0,Draw,4,1,5,Home Win,2,3,Away Win
15/10/2022,SP1,Girona,Cadiz,1,1,GG,No,0,0,Draw,6,2,8,Home Win,5,4,Home Win
15/10/2022,SP1,Valencia,Elche,2,2,GG,Yes,2,1,Home Win,6,1,7,Home Win,3,6,Away Win
15/10/2022,SP1,Mallorca,Sevilla,0,1,NG,No,0,0,Draw,1,3,4,Away Win,2,3,Away Win
15/10/2022,SP1,Ath Bilbao,Ath Madrid,0,1,NG,No,0,0,Draw,6,1,7,Home Win,0,6,Away Win
16/10/2022,SP1,Celta,Sociedad,1,2,GG,Yes,1,1,Draw,1,6,7,Away Win,5,7,Away Win
16/10/2022,SP1,Real Madrid,Barcelona,3,1,GG,Yes,2,0,Home Win,2,3,5,Away Win,2,2,Draw
16/10/2022,SP1,Espanol,Valladolid,1,0,NG,No,0,0,Draw,6,4,10,Home Win,1,4,Away Win
16/10/2022,SP1,Betis,Almeria,3,1,GG,Yes,1,0,Home Win,9,3,12,Home Win,1,1,Draw
17/10/2022,SP1,Villarreal,Osasuna,2,0,NG,No,1,0,Home Win,8,4,12,Home Win,2,6,Away Win
18/10/2022,SP1,Sevilla,Valencia,1,1,GG,No,0,1,Away Win,11,6,17,Home Win,4,7,Away Win
18/10/2022,SP1,Getafe,Ath Bilbao,2,2,GG,Yes,1,1,Draw,7,4,11,Home Win,7,4,Home Win
18/10/2022,SP1,Ath Madrid,Vallecano,1,1,GG,No,1,0,Home Win,3,4,7,Away Win,3,0,Home Win
19/10/2022,SP1,Cadiz,Betis,0,0,NG,No,0,0,Draw,4,9,13,Away Win,1,2,Away Win
19/10/2022,SP1,Valladolid,Celta,4,1,GG,Yes,1,1,Draw,3,7,10,Away Win,1,1,Draw
19/10/2022,SP1,Sociedad,Mallorca,1,0,NG,No,1,0,Home Win,10,7,17,Home Win,1,2,Away Win
19/10/2022,SP1,Elche,Real Madrid,0,3,NG,Yes,0,1,Away Win,8,2,10,Home Win,1,1,Draw
20/10/2022,SP1,Almeria,Girona,3,2,GG,Yes,3,0,Home Win,4,5,9,Away Win,1,3,Away Win
20/10/2022,SP1,Osasuna,Espanol,1,0,NG,No,0,0,Draw,9,2,11,Home Win,1,2,Away Win
20/10/2022,SP1,Barcelona,Villarreal,3,0,NG,Yes,3,0,Home Win,8,0,8,Home Win,0,1,Away Win
22/10/2022,SP1,Vallecano,Cadiz,5,1,GG,Yes,2,0,Home Win,10,1,11,Home Win,1,4,Away Win
22/10/2022,SP1,Valladolid,Sociedad,1,0,NG,No,1,0,Home Win,4,10,14,Away Win,2,3,Away Win
22/10/2022,SP1,Valencia,Mallorca,1,2,GG,Yes,0,0,Draw,5,3,8,Home Win,3,5,Away Win
22/10/2022,SP1,Real Madrid,Sevilla,3,1,GG,Yes,1,0,Home Win,4,3,7,Home Win,1,4,Away Win
23/10/2022,SP1,Espanol,Elche,2,2,GG,Yes,1,1,Draw,5,3,8,Home Win,2,3,Away Win
23/10/2022,SP1,Betis,Ath Madrid,1,2,GG,Yes,0,0,Draw,7,4,11,Home Win,2,3,Away Win
23/10/2022,SP1,Girona,Osasuna,1,1,GG,No,1,1,Draw,3,5,8,Away Win,2,3,Away Win
23/10/2022,SP1,Villarreal,Almeria,2,1,GG,Yes,0,1,Away Win,10,4,14,Home Win,4,1,Home Win
23/10/2022,SP1,Barcelona,Ath Bilbao,4,0,NG,Yes,3,0,Home Win,1,2,3,Away Win,2,2,Draw
24/10/2022,SP1,Celta,Getafe,1,1,GG,No,0,1,Away Win,10,0,10,Home Win,1,1,Draw
28/10/2022,SP1,Mallorca,Espanol,1,1,GG,No,0,0,Draw,4,4,8,Draw,4,1,Home Win
29/10/2022,SP1,Almeria,Celta,3,1,GG,Yes,0,1,Away Win,6,4,10,Home Win,4,0,Home Win
29/10/2022,SP1,Cadiz,Ath Madrid,3,2,GG,Yes,1,0,Home Win,5,3,8,Home Win,2,4,Away Win
29/10/2022,SP1,Sevilla,Vallecano,0,1,NG,No,0,0,Draw,6,6,12,Draw,6,1,Home Win
29/10/2022,SP1,Valencia,Barcelona,0,1,NG,No,0,0,Draw,3,10,13,Away Win,4,5,Away Win
30/10/2022,SP1,Osasuna,Valladolid,2,0,NG,No,2,0,Home Win,1,8,9,Away Win,1,3,Away Win
30/10/2022,SP1,Real Madrid,Girona,1,1,GG,No,0,0,Draw,7,1,8,Home Win,3,3,Draw
30/10/2022,SP1,Ath Bilbao,Villarreal,1,0,NG,No,0,0,Draw,6,2,8,Home Win,2,1,Home Win
30/10/2022,SP1,Sociedad,Betis,0,2,NG,No,0,0,Draw,5,3,8,Home Win,4,4,Draw
31/10/2022,SP1,Elche,Getafe,0,1,NG,No,0,0,Draw,6,2,8,Home Win,0,3,Away Win
04/11/2022,SP1,Girona,Ath Bilbao,2,1,GG,Yes,0,0,Draw,7,1,8,Home Win,1,1,Draw
05/11/2022,SP1,Getafe,Cadiz,0,0,NG,No,0,0,Draw,5,5,10,Draw,5,2,Home Win
05/11/2022,SP1,Valladolid,Elche,2,1,GG,Yes,1,0,Home Win,8,4,12,Home Win,2,0,Home Win
05/11/2022,SP1,Celta,Osasuna,1,2,GG,Yes,1,2,Away Win,2,3,5,Away Win,1,5,Away Win
05/11/2022,SP1,Barcelona,Almeria,2,0,NG,No,0,0,Draw,9,1,10,Home Win,2,1,Home Win
06/11/2022,SP1,Ath Madrid,Espanol,1,1,GG,No,0,0,Draw,12,2,14,Home Win,3,5,Away Win
06/11/2022,SP1,Sociedad,Valencia,1,1,GG,No,1,1,Draw,1,11,12,Away Win,2,0,Home Win
06/11/2022,SP1,Villarreal,Mallorca,0,2,NG,No,0,1,Away Win,5,2,7,Home Win,4,6,Away Win
06/11/2022,SP1,Betis,Sevilla,1,1,GG,No,1,0,Home Win,1,4,5,Away Win,4,5,Away Win
07/11/2022,SP1,Vallecano,Real Madrid,3,2,GG,Yes,2,2,Draw,4,5,9,Away Win,4,5,Away Win
08/11/2022,SP1,Elche,Girona,1,2,GG,Yes,1,1,Draw,2,5,7,Away Win,3,2,Home Win
08/11/2022,SP1,Ath Bilbao,Valladolid,3,0,NG,Yes,1,0,Home Win,10,2,12,Home Win,3,1,Home Win
08/11/2022,SP1,Osasuna,Barcelona,1,2,GG,Yes,1,0,Home Win,2,5,7,Away Win,4,4,Draw
09/11/2022,SP1,Almeria,Getafe,1,0,NG,No,1,0,Home Win,7,6,13,Home Win,8,4,Home Win
09/11/2022,SP1,Sevilla,Sociedad,1,2,GG,Yes,1,2,Away Win,2,1,3,Home Win,2,2,Draw
09/11/2022,SP1,Espanol,Villarreal,0,1,NG,No,0,0,Draw,4,7,11,Away Win,1,3,Away Win
09/11/2022,SP1,Mallorca,Ath Madrid,1,0,NG,No,1,0,Home Win,2,5,7,Away Win,5,3,Home Win
10/11/2022,SP1,Vallecano,Celta,0,0,NG,No,0,0,Draw,5,3,8,Home Win,7,1,Home Win
10/11/2022,SP1,Valencia,Betis,3,0,NG,Yes,0,0,Draw,5,5,10,Draw,1,3,Away Win
10/11/2022,SP1,Real Madrid,Cadiz,2,1,GG,Yes,1,0,Home Win,7,1,8,Home Win,3,3,Draw
29/12/2022,SP1,Girona,Vallecano,2,2,GG,Yes,1,1,Draw,2,4,6,Away Win,3,2,Home Win
29/12/2022,SP1,Betis,Ath Bilbao,0,0,NG,No,0,0,Draw,2,6,8,Away Win,1,4,Away Win
29/12/2022,SP1,Ath Madrid,Elche,2,0,NG,No,0,0,Draw,3,5,8,Away Win,3,4,Away Win
30/12/2022,SP1,Getafe,Mallorca,2,0,NG,No,0,0,Draw,4,2,6,Home Win,0,1,Away Win
30/12/2022,SP1,Cadiz,Almeria,1,1,GG,No,0,1,Away Win,3,2,5,Home Win,2,0,Home Win
30/12/2022,SP1,Celta,Sevilla,1,1,GG,No,1,0,Home Win,5,6,11,Away Win,2,4,Away Win
30/12/2022,SP1,Valladolid,Real Madrid,0,2,NG,No,0,0,Draw,5,9,14,Away Win,2,0,Home Win
31/12/2022,SP1,Barcelona,Espanol,1,1,GG,No,1,0,Home Win,10,2,12,Home Win,6,7,Away Win
31/12/2022,SP1,Sociedad,Osasuna,2,0,NG,No,1,0,Home Win,3,2,5,Home Win,1,1,Draw
31/12/2022,SP1,Villarreal,Valencia,2,1,GG,Yes,1,1,Draw,5,2,7,Home Win,1,3,Away Win
06/01/2023,SP1,Elche,Celta,0,1,NG,No,0,1,Away Win,8,4,12,Home Win,3,1,Home Win
06/01/2023,SP1,Valencia,Cadiz,0,1,NG,No,0,1,Away Win,13,2,15,Home Win,5,6,Away Win
07/01/2023,SP1,Villarreal,Real Madrid,2,1,GG,Yes,0,0,Draw,6,5,11,Home Win,4,1,Home Win
07/01/2023,SP1,Mallorca,Valladolid,1,0,NG,No,0,0,Draw,6,2,8,Home Win,2,3,Away Win
07/01/2023,SP1,Espanol,Girona,2,2,GG,Yes,0,1,Away Win,5,2,7,Home Win,3,2,Home Win
08/01/2023,SP1,Almeria,Sociedad,0,2,NG,No,0,0,Draw,4,2,6,Home Win,1,0,Home Win
08/01/2023,SP1,Vallecano,Betis,1,2,GG,Yes,1,2,Away Win,5,7,12,Away Win,3,2,Home Win
08/01/2023,SP1,Sevilla,Getafe,2,1,GG,Yes,1,0,Home Win,4,4,8,Draw,3,3,Draw
08/01/2023,SP1,Ath Madrid,Barcelona,0,1,NG,No,0,1,Away Win,7,4,11,Home Win,2,3,Away Win
09/01/2023,SP1,Ath Bilbao,Osasuna,0,0,NG,No,0,0,Draw,14,1,15,Home Win,0,1,Away Win
13/01/2023,SP1,Celta,Villarreal,1,1,GG,No,0,1,Away Win,14,3,17,Home Win,0,2,Away Win
14/01/2023,SP1,Valladolid,Vallecano,0,1,NG,No,0,0,Draw,4,8,12,Away Win,2,2,Draw
14/01/2023,SP1,Girona,Sevilla,2,1,GG,Yes,0,1,Away Win,5,2,7,Home Win,3,1,Home Win
14/01/2023,SP1,Osasuna,Mallorca,1,0,NG,No,0,0,Draw,3,1,4,Home Win,2,3,Away Win
14/01/2023,SP1,Sociedad,Ath Bilbao,3,1,GG,Yes,2,1,Home Win,4,2,6,Home Win,5,1,Home Win
15/01/2023,SP1,Getafe,Espanol,1,2,GG,Yes,1,1,Draw,5,1,6,Home Win,2,3,Away Win
15/01/2023,SP1,Almeria,Ath Madrid,1,1,GG,No,1,1,Draw,3,4,7,Away Win,4,4,Draw
16/01/2023,SP1,Cadiz,Elche,1,1,GG,No,1,0,Home Win,3,6,9,Away Win,3,2,Home Win
20/01/2023,SP1,Mallorca,Celta,1,0,NG,No,0,0,Draw,4,6,10,Away Win,2,3,Away Win
21/01/2023,SP1,Vallecano,Sociedad,0,2,NG,No,0,2,Away Win,3,4,7,Away Win,0,0,Draw
21/01/2023,SP1,Espanol,Betis,1,0,NG,No,1,0,Home Win,7,4,11,Home Win,3,2,Home Win
21/01/2023,SP1,Ath Madrid,Valladolid,3,0,NG,Yes,3,0,Home Win,4,1,5,Home Win,1,1,Draw
21/01/2023,SP1,Sevilla,Cadiz,1,0,NG,No,0,0,Draw,8,1,9,Home Win,1,4,Away Win
22/01/2023,SP1,Villarreal,Girona,1,0,NG,No,0,0,Draw,3,2,5,Home Win,5,5,Draw
22/01/2023,SP1,Elche,Osasuna,1,1,GG,No,0,1,Away Win,7,2,9,Home Win,2,1,Home Win
22/01/2023,SP1,Barcelona,Getafe,1,0,NG,No,1,0,Home Win,4,2,6,Home Win,1,2,Away Win
22/01/2023,SP1,Ath Bilbao,Real Madrid,0,2,NG,No,0,1,Away Win,12,2,14,Home Win,3,2,Home Win
23/01/2023,SP1,Valencia,Almeria,2,2,GG,Yes,0,0,Draw,6,2,8,Home Win,2,1,Home Win
27/01/2023,SP1,Almeria,Espanol,3,1,GG,Yes,1,0,Home Win,2,2,4,Draw,3,3,Draw
28/01/2023,SP1,Cadiz,Mallorca,2,0,NG,No,2,0,Home Win,6,2,8,Home Win,2,2,Draw
28/01/2023,SP1,Girona,Barcelona,0,1,NG,No,0,0,Draw,4,2,6,Home Win,2,3,Away Win
28/01/2023,SP1,Sevilla,Elche,3,0,NG,Yes,3,0,Home Win,5,2,7,Home Win,1,3,Away Win
28/01/2023,SP1,Getafe,Betis,0,1,NG,No,0,0,Draw,6,1,7,Home Win,4,2,Home Win
29/01/2023,SP1,Valladolid,Valencia,1,0,NG,No,0,0,Draw,4,7,11,Away Win,3,1,Home Win
29/01/2023,SP1,Osasuna,Ath Madrid,0,1,NG,No,0,0,Draw,5,4,9,Home Win,1,0,Home Win
29/01/2023,SP1,Celta,Ath Bilbao,1,0,NG,No,0,0,Draw,2,5,7,Away Win,3,2,Home Win
29/01/2023,SP1,Real Madrid,Sociedad,0,0,NG,No,0,0,Draw,10,3,13,Home Win,1,4,Away Win
30/01/2023,SP1,Villarreal,Vallecano,0,1,NG,No,0,0,Draw,5,4,9,Home Win,2,3,Away Win
01/02/2023,SP1,Betis,Barcelona,1,2,GG,Yes,0,0,Draw,1,6,7,Away Win,3,0,Home Win
02/02/2023,SP1,Real Madrid,Valencia,2,0,NG,No,0,0,Draw,6,6,12,Draw,3,1,Home Win
03/02/2023,SP1,Ath Bilbao,Cadiz,4,1,GG,Yes,3,1,Home Win,0,3,3,Away Win,2,1,Home Win
04/02/2023,SP1,Espanol,Osasuna,1,1,GG,No,0,1,Away Win,4,3,7,Home Win,3,5,Away Win
04/02/2023,SP1,Elche,Villarreal,3,1,GG,Yes,2,1,Home Win,6,10,16,Away Win,4,2,Home Win
04/02/2023,SP1,Ath Madrid,Getafe,1,1,GG,No,0,0,Draw,8,0,8,Home Win,3,5,Away Win
04/02/2023,SP1,Betis,Celta,3,4,GG,Yes,2,2,Draw,5,5,10,Draw,2,3,Away Win
05/02/2023,SP1,Mallorca,Real Madrid,1,0,NG,No,1,0,Home Win,1,12,13,Away Win,5,5,Draw
05/02/2023,SP1,Girona,Valencia,1,0,NG,No,0,0,Draw,8,4,12,Home Win,1,4,Away Win
05/02/2023,SP1,Sociedad,Valladolid,0,1,NG,No,0,0,Draw,0,4,4,Away Win,4,5,Away Win
05/02/2023,SP1,Barcelona,Sevilla,3,0,NG,Yes,0,0,Draw,8,3,11,Home Win,0,2,Away Win
06/02/2023,SP1,Vallecano,Almeria,2,0,NG,No,0,0,Draw,3,7,10,Away Win,3,3,Draw
10/02/2023,SP1,Cadiz,Girona,2,0,NG,No,2,0,Home Win,5,6,11,Away Win,4,4,Draw
11/02/2023,SP1,Almeria,Betis,2,3,GG,Yes,1,2,Away Win,8,2,10,Home Win,2,3,Away Win
11/02/2023,SP1,Sevilla,Mallorca,2,0,NG,No,2,0,Home Win,8,2,10,Home Win,5,2,Home Win
11/02/2023,SP1,Valencia,Ath Bilbao,1,2,GG,Yes,1,1,Draw,7,1,8,Home Win,2,2,Draw
12/02/2023,SP1,Getafe,Vallecano,1,1,GG,No,0,1,Away Win,5,6,11,Away Win,4,4,Draw
12/02/2023,SP1,Celta,Ath Madrid,0,1,NG,No,0,0,Draw,7,5,12,Home Win,2,2,Draw
12/02/2023,SP1,Valladolid,Osasuna,0,0,NG,No,0,0,Draw,10,4,14,Home Win,1,3,Away Win
12/02/2023,SP1,Villarreal,Barcelona,0,1,NG,No,0,1,Away Win,6,2,8,Home Win,4,4,Draw
13/02/2023,SP1,Espanol,Sociedad,2,3,GG,Yes,0,1,Away Win,4,3,7,Home Win,4,1,Home Win
15/02/2023,SP1,Real Madrid,Elche,4,0,NG,Yes,3,0,Home Win,6,4,10,Home Win,1,3,Away Win
17/02/2023,SP1,Girona,Almeria,6,2,GG,Yes,4,0,Home Win,1,7,8,Away Win,1,1,Draw
18/02/2023,SP1,Sociedad,Celta,1,1,GG,No,1,0,Home Win,3,7,10,Away Win,3,5,Away Win
18/02/2023,SP1,Betis,Valladolid,2,1,GG,Yes,2,1,Home Win,4,6,10,Away Win,3,5,Away Win
18/02/2023,SP1,Mallorca,Villarreal,4,2,GG,Yes,2,1,Home Win,4,4,8,Draw,5,0,Home Win
18/02/2023,SP1,Osasuna,Real Madrid,0,2,NG,No,0,0,Draw,5,5,10,Draw,3,2,Home Win
19/02/2023,SP1,Elche,Espanol,0,1,NG,No,0,0,Draw,10,5,15,Home Win,2,3,Away Win
19/02/2023,SP1,Vallecano,Sevilla,1,1,GG,No,0,1,Away Win,7,3,10,Home Win,4,1,Home Win
19/02/2023,SP1,Ath Madrid,Ath Bilbao,1,0,NG,No,0,0,Draw,6,5,11,Home Win,2,3,Away Win
19/02/2023,SP1,Barcelona,Cadiz,2,0,NG,No,2,0,Home Win,5,6,11,Away Win,2,3,Away Win
20/02/2023,SP1,Getafe,Valencia,1,0,NG,No,0,0,Draw,4,5,9,Away Win,6,1,Home Win
24/02/2023,SP1,Elche,Betis,2,3,GG,Yes,2,0,Home Win,3,3,6,Draw,4,1,Home Win
25/02/2023,SP1,Espanol,Mallorca,2,1,GG,Yes,1,1,Draw,0,4,4,Away Win,2,2,Draw
25/02/2023,SP1,Cadiz,Vallecano,1,0,NG,No,0,0,Draw,4,6,10,Away Win,3,4,Away Win
25/02/2023,SP1,Real Madrid,Ath Madrid,1,1,GG,No,0,0,Draw,7,4,11,Home Win,3,3,Draw
25/02/2023,SP1,Valencia,Sociedad,1,0,NG,No,1,0,Home Win,7,8,15,Away Win,6,3,Home Win
26/02/2023,SP1,Ath Bilbao,Girona,2,3,GG,Yes,1,3,Away Win,11,3,14,Home Win,5,5,Draw
26/02/2023,SP1,Celta,Valladolid,3,0,NG,Yes,2,0,Home Win,5,4,9,Home Win,1,3,Away Win
26/02/2023,SP1,Almeria,Barcelona,1,0,NG,No,1,0,Home Win,4,7,11,Away Win,3,3,Draw
26/02/2023,SP1,Sevilla,Osasuna,2,3,GG,Yes,0,1,Away Win,10,2,12,Home Win,4,2,Home Win
27/02/2023,SP1,Villarreal,Getafe,2,1,GG,Yes,1,1,Draw,6,6,12,Draw,0,1,Away Win
03/03/2023,SP1,Sociedad,Cadiz,0,0,NG,No,0,0,Draw,4,0,4,Home Win,0,1,Away Win
04/03/2023,SP1,Getafe,Girona,3,2,GG,Yes,3,0,Home Win,3,3,6,Draw,5,4,Home Win
04/03/2023,SP1,Almeria,Villarreal,0,2,NG,No,0,0,Draw,2,10,12,Away Win,2,4,Away Win
04/03/2023,SP1,Mallorca,Elche,0,1,NG,No,0,0,Draw,6,7,13,Away Win,3,3,Draw
04/03/2023,SP1,Ath Madrid,Sevilla,6,1,GG,Yes,2,1,Home Win,7,3,10,Home Win,1,4,Away Win
05/03/2023,SP1,Valladolid,Espanol,2,1,GG,Yes,1,0,Home Win,9,6,15,Home Win,3,2,Home Win
05/03/2023,SP1,Barcelona,Valencia,1,0,NG,No,1,0,Home Win,5,2,7,Home Win,0,0,Draw
05/03/2023,SP1,Vallecano,Ath Bilbao,0,0,NG,No,0,0,Draw,7,9,16,Away Win,1,0,Home Win
05/03/2023,SP1,Betis,Real Madrid,0,0,NG,No,0,0,Draw,5,3,8,Home Win,3,4,Away Win
06/03/2023,SP1,Osasuna,Celta,0,0,NG,No,0,0,Draw,6,4,10,Home Win,0,2,Away Win
10/03/2023,SP1,Cadiz,Getafe,2,2,GG,Yes,1,0,Home Win,2,6,8,Away Win,4,5,Away Win
11/03/2023,SP1,Real Madrid,Espanol,3,1,GG,Yes,2,1,Home Win,7,4,11,Home Win,3,2,Home Win
11/03/2023,SP1,Elche,Valladolid,1,1,GG,No,0,1,Away Win,10,3,13,Home Win,4,6,Away Win
11/03/2023,SP1,Celta,Vallecano,3,0,NG,Yes,0,0,Draw,3,7,10,Away Win,2,3,Away Win
11/03/2023,SP1,Valencia,Osasuna,1,0,NG,No,0,0,Draw,12,3,15,Home Win,2,5,Away Win
12/03/2023,SP1,Mallorca,Sociedad,1,1,GG,No,0,1,Away Win,3,2,5,Home Win,2,2,Draw
12/03/2023,SP1,Sevilla,Almeria,2,1,GG,Yes,1,1,Draw,6,4,10,Home Win,4,4,Draw
12/03/2023,SP1,Villarreal,Betis,1,1,GG,No,0,1,Away Win,2,4,6,Away Win,3,2,Home Win
12/03/2023,SP1,Ath Bilbao,Barcelona,0,1,NG,No,0,1,Away Win,5,3,8,Home Win,2,1,Home Win
13/03/2023,SP1,Girona,Ath Madrid,0,1,NG,No,0,0,Draw,1,3,4,Away Win,2,3,Away Win
17/03/2023,SP1,Valladolid,Ath Bilbao,1,3,GG,Yes,0,1,Away Win,2,9,11,Away Win,2,2,Draw
18/03/2023,SP1,Almeria,Cadiz,1,1,GG,No,0,0,Draw,5,2,7,Home Win,1,4,Away Win
18/03/2023,SP1,Vallecano,Girona,2,2,GG,Yes,2,1,Home Win,3,5,8,Away Win,2,2,Draw
18/03/2023,SP1,Espanol,Celta,1,3,GG,Yes,0,2,Away Win,4,1,5,Home Win,2,2,Draw
18/03/2023,SP1,Ath Madrid,Valencia,3,0,NG,Yes,1,0,Home Win,4,2,6,Home Win,2,0,Home Win
19/03/2023,SP1,Betis,Mallorca,1,0,NG,No,0,0,Draw,4,4,8,Draw,1,2,Away Win
19/03/2023,SP1,Osasuna,Villarreal,0,3,NG,Yes,0,1,Away Win,7,1,8,Home Win,3,2,Home Win
19/03/2023,SP1,Sociedad,Elche,2,0,NG,No,0,0,Draw,5,3,8,Home Win,2,1,Home Win
19/03/2023,SP1,Getafe,Sevilla,2,0,NG,No,0,0,Draw,4,1,5,Home Win,4,2,Home Win
19/03/2023,SP1,Barcelona,Real Madrid,2,1,GG,Yes,1,1,Draw,8,1,9,Home Win,4,3,Home Win
31/03/2023,SP1,Mallorca,Osasuna,0,0,NG,No,0,0,Draw,2,3,5,Away Win,7,3,Home Win
01/04/2023,SP1,Girona,Espanol,2,1,GG,Yes,0,0,Draw,5,2,7,Home Win,4,2,Home Win
01/04/2023,SP1,Ath Bilbao,Getafe,0,0,NG,No,0,0,Draw,13,3,16,Home Win,0,0,Draw
01/04/2023,SP1,Cadiz,Sevilla,0,2,NG,No,0,0,Draw,8,4,12,Home Win,3,4,Away Win
01/04/2023,SP1,Elche,Barcelona,0,4,NG,Yes,0,1,Away Win,11,3,14,Home Win,0,3,Away Win
02/04/2023,SP1,Celta,Almeria,2,2,GG,Yes,2,2,Draw,4,1,5,Home Win,3,5,Away Win
02/04/2023,SP1,Real Madrid,Valladolid,6,0,NG,Yes,4,0,Home Win,9,1,10,Home Win,0,1,Away Win
02/04/2023,SP1,Villarreal,Sociedad,2,0,NG,No,0,0,Draw,4,4,8,Draw,5,3,Home Win
02/04/2023,SP1,Ath Madrid,Betis,1,0,NG,No,0,0,Draw,5,1,6,Home Win,1,2,Away Win
03/04/2023,SP1,Valencia,Vallecano,1,1,GG,No,0,1,Away Win,13,3,16,Home Win,2,3,Away Win
07/04/2023,SP1,Sevilla,Celta,2,2,GG,Yes,1,0,Home Win,8,3,11,Home Win,6,2,Home Win
08/04/2023,SP1,Osasuna,Elche,2,1,GG,Yes,0,1,Away Win,9,2,11,Home Win,1,3,Away Win
08/04/2023,SP1,Espanol,Ath Bilbao,1,2,GG,Yes,0,1,Away Win,8,7,15,Home Win,6,4,Home Win
08/04/2023,SP1,Sociedad,Getafe,2,0,NG,No,1,0,Home Win,3,2,5,Home Win,2,1,Home Win
08/04/2023,SP1,Real Madrid,Villarreal,2,3,GG,Yes,1,1,Draw,6,7,13,Away Win,0,3,Away Win
09/04/2023,SP1,Valladolid,Mallorca,3,3,GG,Yes,1,0,Home Win,1,2,3,Away Win,3,5,Away Win
09/04/2023,SP1,Betis,Cadiz,0,2,NG,No,0,0,Draw,5,6,11,Away Win,3,3,Draw
09/04/2023,SP1,Almeria,Valencia,2,1,GG,Yes,0,0,Draw,3,7,10,Away Win,3,2,Home Win
09/04/2023,SP1,Vallecano,Ath Madrid,1,2,GG,Yes,0,2,Away Win,8,2,10,Home Win,0,0,Draw
10/04/2023,SP1,Barcelona,Girona,0,0,NG,No,0,0,Draw,12,2,14,Home Win,0,2,Away Win
14/04/2023,SP1,Vallecano,Osasuna,2,1,GG,Yes,2,0,Home Win,2,3,5,Away Win,2,3,Away Win
15/04/2023,SP1,Villarreal,Valladolid,1,2,GG,Yes,0,2,Away Win,8,5,13,Home Win,1,6,Away Win
15/04/2023,SP1,Ath Bilbao,Sociedad,2,0,NG,No,1,0,Home Win,5,2,7,Home Win,5,2,Home Win
15/04/2023,SP1,Betis,Espanol,3,1,GG,Yes,2,0,Home Win,4,13,17,Away Win,2,2,Draw
15/04/2023,SP1,Cadiz,Real Madrid,0,2,NG,No,0,0,Draw,2,9,11,Away Win,1,0,Home Win
16/04/2023,SP1,Girona,Elche,2,0,NG,No,1,0,Home Win,3,4,7,Away Win,3,3,Draw
16/04/2023,SP1,Getafe,Barcelona,0,0,NG,No,0,0,Draw,1,5,6,Away Win,2,1,Home Win
16/04/2023,SP1,Ath Madrid,Almeria,2,1,GG,Yes,2,1,Home Win,9,2,11,Home Win,3,3,Draw
16/04/2023,SP1,Valencia,Sevilla,0,2,NG,No,0,0,Draw,6,2,8,Home Win,1,4,Away Win
17/04/2023,SP1,Celta,Mallorca,0,1,NG,No,0,1,Away Win,7,5,12,Home Win,2,1,Home Win
21/04/2023,SP1,Espanol,Cadiz,0,0,NG,No,0,0,Draw,6,3,9,Home Win,4,2,Home Win
22/04/2023,SP1,Osasuna,Betis,3,2,GG,Yes,3,1,Home Win,5,13,18,Away Win,2,0,Home Win
22/04/2023,SP1,Almeria,Ath Bilbao,1,2,GG,Yes,0,1,Away Win,3,4,7,Away Win,2,4,Away Win
22/04/2023,SP1,Sociedad,Vallecano,2,1,GG,Yes,0,0,Draw,3,3,6,Draw,1,2,Away Win
22/04/2023,SP1,Valladolid,Girona,1,0,NG,No,1,0,Home Win,5,7,12,Away Win,1,1,Draw
22/04/2023,SP1,Real Madrid,Celta,2,0,NG,No,1,0,Home Win,8,3,11,Home Win,1,2,Away Win
23/04/2023,SP1,Elche,Valencia,0,2,NG,No,0,2,Away Win,11,6,17,Home Win,3,1,Home Win
23/04/2023,SP1,Barcelona,Ath Madrid,1,0,NG,No,1,0,Home Win,3,3,6,Draw,4,7,Away Win
23/04/2023,SP1,Mallorca,Getafe,3,1,GG,Yes,0,1,Away Win,2,2,4,Draw,2,3,Away Win
23/04/2023,SP1,Sevilla,Villarreal,2,1,GG,Yes,1,0,Home Win,5,3,8,Home Win,1,2,Away Win
25/04/2023,SP1,Cadiz,Osasuna,0,1,NG,No,0,0,Draw,11,2,13,Home Win,0,1,Away Win
25/04/2023,SP1,Girona,Real Madrid,4,2,GG,Yes,2,1,Home Win,3,8,11,Away Win,1,2,Away Win
25/04/2023,SP1,Betis,Sociedad,0,0,NG,No,0,0,Draw,2,4,6,Away Win,1,3,Away Win
26/04/2023,SP1,Ath Madrid,Mallorca,3,1,GG,Yes,1,1,Draw,5,8,13,Away Win,0,0,Draw
26/04/2023,SP1,Getafe,Almeria,1,2,GG,Yes,0,1,Away Win,4,6,10,Away Win,2,2,Draw
26/04/2023,SP1,Celta,Elche,1,0,NG,No,0,0,Draw,10,6,16,Home Win,0,0,Draw
26/04/2023,SP1,Vallecano,Barcelona,2,1,GG,Yes,1,0,Home Win,3,9,12,Away Win,1,4,Away Win
27/04/2023,SP1,Valencia,Valladolid,2,1,GG,Yes,0,1,Away Win,6,2,8,Home Win,0,4,Away Win
27/04/2023,SP1,Villarreal,Espanol,4,2,GG,Yes,0,1,Away Win,9,2,11,Home Win,2,4,Away Win
27/04/2023,SP1,Ath Bilbao,Sevilla,0,1,NG,No,0,0,Draw,8,2,10,Home Win,3,3,Draw
28/04/2023,SP1,Osasuna,Sociedad,0,2,NG,No,0,1,Away Win,4,2,6,Home Win,3,1,Home Win
29/04/2023,SP1,Elche,Vallecano,4,0,NG,Yes,1,0,Home Win,3,8,11,Away Win,1,2,Away Win
29/04/2023,SP1,Real Madrid,Almeria,4,2,GG,Yes,3,1,Home Win,7,0,7,Home Win,2,2,Draw
29/04/2023,SP1,Barcelona,Betis,4,0,NG,Yes,3,0,Home Win,10,0,10,Home Win,0,2,Away Win
30/04/2023,SP1,Cadiz,Valencia,2,1,GG,Yes,1,0,Home Win,5,6,11,Away Win,6,2,Home Win
30/04/2023,SP1,Villarreal,Celta,3,1,GG,Yes,2,1,Home Win,4,9,13,Away Win,1,4,Away Win
30/04/2023,SP1,Espanol,Getafe,1,0,NG,No,1,0,Home Win,6,3,9,Home Win,3,5,Away Win
30/04/2023,SP1,Valladolid,Ath Madrid,2,5,GG,Yes,1,3,Away Win,9,1,10,Home Win,2,1,Home Win
01/05/2023,SP1,Mallorca,Ath Bilbao,1,1,GG,No,0,0,Draw,5,7,12,Away Win,4,2,Home Win
01/05/2023,SP1,Sevilla,Girona,0,2,NG,No,0,1,Away Win,6,1,7,Home Win,1,1,Draw
02/05/2023,SP1,Almeria,Elche,2,1,GG,Yes,1,0,Home Win,7,13,20,Away Win,2,2,Draw
02/05/2023,SP1,Barcelona,Osasuna,1,0,NG,No,0,0,Draw,11,0,11,Home Win,0,0,Draw
02/05/2023,SP1,Sociedad,Real Madrid,2,0,NG,No,0,0,Draw,2,6,8,Away Win,1,5,Away Win
03/05/2023,SP1,Valencia,Villarreal,1,1,GG,No,0,0,Draw,6,6,12,Draw,4,2,Home Win
03/05/2023,SP1,Ath Madrid,Cadiz,5,1,GG,Yes,2,0,Home Win,5,2,7,Home Win,3,2,Home Win
03/05/2023,SP1,Getafe,Celta,1,0,NG,No,1,0,Home Win,1,5,6,Away Win,7,5,Home Win
04/05/2023,SP1,Girona,Mallorca,2,1,GG,Yes,1,0,Home Win,9,5,14,Home Win,4,0,Home Win
04/05/2023,SP1,Sevilla,Espanol,3,2,GG,Yes,1,2,Away Win,9,0,9,Home Win,1,2,Away Win
04/05/2023,SP1,Ath Bilbao,Betis,0,1,NG,No,0,1,Away Win,13,2,15,Home Win,1,3,Away Win
04/05/2023,SP1,Vallecano,Valladolid,2,1,GG,Yes,0,0,Draw,3,4,7,Away Win,0,0,Draw
12/05/2023,SP1,Mallorca,Cadiz,1,0,NG,No,1,0,Home Win,3,7,10,Away Win,5,3,Home Win
13/05/2023,SP1,Sociedad,Girona,2,2,GG,Yes,2,2,Draw,7,4,11,Home Win,5,3,Home Win
13/05/2023,SP1,Osasuna,Almeria,3,1,GG,Yes,0,0,Draw,4,1,5,Home Win,0,0,Draw
13/05/2023,SP1,Villarreal,Ath Bilbao,5,1,GG,Yes,2,1,Home Win,7,5,12,Home Win,4,3,Home Win
13/05/2023,SP1,Real Madrid,Getafe,1,0,NG,No,0,0,Draw,1,3,4,Away Win,1,4,Away Win
14/05/2023,SP1,Celta,Valencia,1,2,GG,Yes,0,1,Away Win,5,4,9,Home Win,3,5,Away Win
14/05/2023,SP1,Elche,Ath Madrid,1,0,NG,No,1,0,Home Win,3,5,8,Away Win,2,0,Home Win
14/05/2023,SP1,Valladolid,Sevilla,0,3,NG,Yes,0,0,Draw,8,3,11,Home Win,2,1,Home Win
14/05/2023,SP1,Espanol,Barcelona,2,4,GG,Yes,0,3,Away Win,4,3,7,Home Win,1,3,Away Win
15/05/2023,SP1,Betis,Vallecano,3,1,GG,Yes,2,0,Home Win,6,5,11,Home Win,3,2,Home Win
19/05/2023,SP1,Cadiz,Valladolid,2,0,NG,No,0,0,Draw,4,3,7,Home Win,4,4,Draw
20/05/2023,SP1,Girona,Villarreal,1,2,GG,Yes,1,1,Draw,3,1,4,Home Win,2,1,Home Win
20/05/2023,SP1,Ath Bilbao,Celta,2,1,GG,Yes,1,0,Home Win,8,5,13,Home Win,4,1,Home Win
20/05/2023,SP1,Almeria,Mallorca,3,0,NG,Yes,2,0,Home Win,4,6,10,Away Win,1,2,Away Win
20/05/2023,SP1,Getafe,Elche,1,1,GG,No,1,1,Draw,5,6,11,Away Win,3,1,Home Win
20/05/2023,SP1,Barcelona,Sociedad,1,2,GG,Yes,0,1,Away Win,8,2,10,Home Win,4,4,Draw
21/05/2023,SP1,Vallecano,Espanol,1,2,GG,Yes,1,1,Draw,4,4,8,Draw,2,2,Draw
21/05/2023,SP1,Ath Madrid,Osasuna,3,0,NG,Yes,1,0,Home Win,8,10,18,Away Win,0,2,Away Win
21/05/2023,SP1,Valencia,Real Madrid,1,0,NG,No,1,0,Home Win,2,9,11,Away Win,4,2,Home Win
21/05/2023,SP1,Sevilla,Betis,0,0,NG,No,0,0,Draw,4,3,7,Home Win,2,2,Draw
23/05/2023,SP1,Celta,Girona,1,1,GG,No,1,0,Home Win,9,3,12,Home Win,0,0,Draw
23/05/2023,SP1,Sociedad,Almeria,1,0,NG,No,1,0,Home Win,10,2,12,Home Win,0,1,Away Win
23/05/2023,SP1,Valladolid,Barcelona,3,1,GG,Yes,2,0,Home Win,2,6,8,Away Win,1,0,Home Win
24/05/2023,SP1,Elche,Sevilla,1,1,GG,No,1,1,Draw,9,5,14,Home Win,1,4,Away Win
24/05/2023,SP1,Real Madrid,Vallecano,2,1,GG,Yes,1,0,Home Win,5,2,7,Home Win,1,3,Away Win
24/05/2023,SP1,Villarreal,Cadiz,2,0,NG,No,2,0,Home Win,7,6,13,Home Win,1,2,Away Win
24/05/2023,SP1,Betis,Getafe,0,1,NG,No,0,0,Draw,2,5,7,Away Win,2,5,Away Win
24/05/2023,SP1,Espanol,Ath Madrid,3,3,GG,Yes,0,2,Away Win,16,1,17,Home Win,2,3,Away Win
25/05/2023,SP1,Mallorca,Valencia,1,0,NG,No,0,0,Draw,2,4,6,Away Win,4,2,Home Win
25/05/2023,SP1,Osasuna,Ath Bilbao,2,0,NG,No,0,0,Draw,3,6,9,Away Win,3,3,Draw
27/05/2023,SP1,Sevilla,Real Madrid,1,2,GG,Yes,1,1,Draw,1,1,2,Draw,2,4,Away Win
28/05/2023,SP1,Almeria,Valladolid,0,0,NG,No,0,0,Draw,2,4,6,Away Win,0,4,Away Win
28/05/2023,SP1,Ath Bilbao,Elche,0,1,NG,No,0,0,Draw,19,3,22,Home Win,1,1,Draw
28/05/2023,SP1,Ath Madrid,Sociedad,2,1,GG,Yes,1,0,Home Win,6,4,10,Home Win,2,2,Draw
28/05/2023,SP1,Barcelona,Mallorca,3,0,NG,Yes,2,0,Home Win,14,3,17,Home Win,0,0,Draw
28/05/2023,SP1,Cadiz,Celta,1,0,NG,No,0,0,Draw,3,3,6,Draw,9,5,Home Win
28/05/2023,SP1,Getafe,Osasuna,2,1,GG,Yes,1,1,Draw,1,1,2,Draw,3,1,Home Win
28/05/2023,SP1,Girona,Betis,1,2,GG,Yes,1,0,Home Win,8,5,13,Home Win,0,1,Away Win
28/05/2023,SP1,Valencia,Espanol,2,2,GG,Yes,1,1,Draw,10,3,13,Home Win,0,4,Away Win
28/05/2023,SP1,Vallecano,Villarreal,2,1,GG,Yes,0,0,Draw,4,6,10,Away Win,3,5,Away Win
04/06/2023,SP1,Mallorca,Vallecano,3,0,NG,Yes,0,0,Draw,2,6,8,Away Win,0,0,Draw
04/06/2023,SP1,Osasuna,Girona,2,1,GG,Yes,0,0,Draw,5,2,7,Home Win,1,5,Away Win
04/06/2023,SP1,Real Madrid,Ath Bilbao,1,1,GG,No,0,0,Draw,5,6,11,Away Win,2,2,Draw
04/06/2023,SP1,Sociedad,Sevilla,2,1,GG,Yes,1,0,Home Win,5,2,7,Home Win,0,1,Away Win
04/06/2023,SP1,Villarreal,Ath Madrid,2,2,GG,Yes,1,1,Draw,12,1,13,Home Win,3,2,Home Win
04/06/2023,SP1,Betis,Valencia,1,1,GG,No,1,0,Home Win,5,4,9,Home Win,3,0,Home Win
04/06/2023,SP1,Celta,Barcelona,2,1,GG,Yes,1,0,Home Win,2,4,6,Away Win,2,2,Draw
04/06/2023,SP1,Elche,Cadiz,1,1,GG,No,0,1,Away Win,7,4,11,Home Win,4,3,Home Win
04/06/2023,SP1,Espanol,Almeria,3,3,GG,Yes,1,1,Draw,7,6,13,Home Win,2,3,Away Win
04/06/2023,SP1,Valladolid,Getafe,0,0,NG,No,0,0,Draw,6,1,7,Home Win,1,3,Away Win
11/08/2023,SP1,Almeria,Vallecano,0,2,NG,No,0,2,Away Win,8,3,11,Home Win,1,3,Away Win
11/08/2023,SP1,Sevilla,Valencia,1,2,GG,Yes,0,0,Draw,8,1,9,Home Win,3,2,Home Win
12/08/2023,SP1,Sociedad,Girona,1,1,GG,No,1,0,Home Win,4,1,5,Home Win,2,5,Away Win
12/08/2023,SP1,Las Palmas,Mallorca,1,1,GG,No,1,0,Home Win,3,6,9,Away Win,3,2,Home Win
12/08/2023,SP1,Ath Bilbao,Real Madrid,0,2,NG,No,0,2,Away Win,7,5,12,Home Win,3,1,Home Win
13/08/2023,SP1,Celta,Osasuna,0,2,NG,No,0,1,Away Win,7,2,9,Home Win,1,1,Draw
13/08/2023,SP1,Villarreal,Betis,1,2,GG,Yes,0,1,Away Win,9,4,13,Home Win,1,3,Away Win
13/08/2023,SP1,Getafe,Barcelona,0,0,NG,No,0,0,Draw,3,4,7,Away Win,8,2,Home Win
14/08/2023,SP1,Cadiz,Alaves,1,0,NG,No,1,0,Home Win,2,4,6,Away Win,3,2,Home Win
14/08/2023,SP1,Ath Madrid,Granada,3,1,GG,Yes,1,0,Home Win,3,3,6,Draw,3,1,Home Win
18/08/2023,SP1,Mallorca,Villarreal,0,1,NG,No,0,0,Draw,6,5,11,Home Win,2,4,Away Win
18/08/2023,SP1,Valencia,Las Palmas,1,0,NG,No,0,0,Draw,6,4,10,Home Win,0,0,Draw
19/08/2023,SP1,Sociedad,Celta,1,1,GG,No,1,0,Home Win,9,7,16,Home Win,2,1,Home Win
19/08/2023,SP1,Almeria,Real Madrid,1,3,GG,Yes,1,1,Draw,4,5,9,Away Win,1,0,Home Win
19/08/2023,SP1,Osasuna,Ath Bilbao,0,2,NG,No,0,2,Away Win,5,3,8,Home Win,1,5,Away Win
20/08/2023,SP1,Girona,Getafe,3,0,NG,Yes,1,0,Home Win,3,2,5,Home Win,2,5,Away Win
20/08/2023,SP1,Barcelona,Cadiz,2,0,NG,No,0,0,Draw,10,2,12,Home Win,4,3,Home Win
20/08/2023,SP1,Betis,Ath Madrid,0,0,NG,No,0,0,Draw,2,7,9,Away Win,2,1,Home Win
21/08/2023,SP1,Alaves,Sevilla,4,3,GG,Yes,2,2,Draw,4,4,8,Draw,1,2,Away Win
21/08/2023,SP1,Granada,Vallecano,0,2,NG,No,0,0,Draw,5,6,11,Away Win,2,1,Home Win
25/08/2023,SP1,Las Palmas,Sociedad,0,0,NG,No,0,0,Draw,5,7,12,Away Win,1,4,Away Win
25/08/2023,SP1,Celta,Real Madrid,0,1,NG,No,0,0,Draw,3,5,8,Away Win,2,3,Away Win
26/08/2023,SP1,Cadiz,Almeria,1,1,GG,No,0,0,Draw,7,3,10,Home Win,0,5,Away Win
26/08/2023,SP1,Granada,Mallorca,3,2,GG,Yes,1,1,Draw,5,3,8,Home Win,2,7,Away Win
26/08/2023,SP1,Sevilla,Girona,1,2,GG,Yes,1,1,Draw,6,6,12,Draw,2,1,Home Win
27/08/2023,SP1,Villarreal,Barcelona,3,4,GG,Yes,2,2,Draw,2,6,8,Away Win,3,3,Draw
27/08/2023,SP1,Valencia,Osasuna,1,2,GG,Yes,0,1,Away Win,6,3,9,Home Win,3,4,Away Win
27/08/2023,SP1,Ath Bilbao,Betis,4,2,GG,Yes,3,2,Home Win,5,3,8,Home Win,4,2,Home Win
28/08/2023,SP1,Getafe,Alaves,1,0,NG,No,0,0,Draw,4,5,9,Away Win,1,2,Away Win
28/08/2023,SP1,Vallecano,Ath Madrid,0,7,NG,Yes,0,3,Away Win,8,3,11,Home Win,4,3,Home Win
01/09/2023,SP1,Cadiz,Villarreal,3,1,GG,Yes,2,1,Home Win,7,3,10,Home Win,5,4,Home Win
01/09/2023,SP1,Almeria,Celta,2,3,GG,Yes,0,2,Away Win,6,5,11,Home Win,1,1,Draw
02/09/2023,SP1,Sociedad,Granada,5,3,GG,Yes,2,1,Home Win,2,5,7,Away Win,1,5,Away Win
02/09/2023,SP1,Real Madrid,Getafe,2,1,GG,Yes,0,1,Away Win,11,1,12,Home Win,2,6,Away Win
02/09/2023,SP1,Alaves,Valencia,1,0,NG,No,1,0,Home Win,1,2,3,Away Win,4,2,Home Win
02/09/2023,SP1,Betis,Vallecano,1,0,NG,No,0,0,Draw,2,3,5,Away Win,3,5,Away Win
03/09/2023,SP1,Girona,Las Palmas,1,0,NG,No,0,0,Draw,3,5,8,Away Win,3,3,Draw
03/09/2023,SP1,Mallorca,Ath Bilbao,0,0,NG,No,0,0,Draw,3,5,8,Away Win,0,1,Away Win
03/09/2023,SP1,Osasuna,Barcelona,1,2,GG,Yes,0,1,Away Win,8,5,13,Home Win,1,3,Away Win
15/09/2023,SP1,Vallecano,Alaves,2,0,NG,No,1,0,Home Win,5,3,8,Home Win,2,3,Away Win
16/09/2023,SP1,Ath Bilbao,Cadiz,3,0,NG,Yes,0,0,Draw,5,4,9,Home Win,1,4,Away Win
16/09/2023,SP1,Valencia,Ath Madrid,3,0,NG,Yes,2,0,Home Win,5,8,13,Away Win,1,5,Away Win
16/09/2023,SP1,Celta,Mallorca,0,1,NG,No,0,0,Draw,10,1,11,Home Win,1,3,Away Win
16/09/2023,SP1,Barcelona,Betis,5,0,NG,Yes,2,0,Home Win,9,5,14,Home Win,1,2,Away Win
17/09/2023,SP1,Getafe,Osasuna,3,2,GG,Yes,1,1,Draw,6,3,9,Home Win,6,2,Home Win
17/09/2023,SP1,Villarreal,Almeria,2,1,GG,Yes,1,1,Draw,7,6,13,Home Win,2,3,Away Win
17/09/2023,SP1,Sevilla,Las Palmas,1,0,NG,No,0,0,Draw,7,3,10,Home Win,3,5,Away Win
17/09/2023,SP1,Real Madrid,Sociedad,2,1,GG,Yes,0,1,Away Win,4,3,7,Home Win,3,2,Home Win
18/09/2023,SP1,Granada,Girona,2,4,GG,Yes,0,3,Away Win,4,5,9,Away Win,3,3,Draw
22/09/2023,SP1,Alaves,Ath Bilbao,0,2,NG,No,0,1,Away Win,3,4,7,Away Win,2,2,Draw
23/09/2023,SP1,Girona,Mallorca,5,3,GG,Yes,4,1,Home Win,6,5,11,Home Win,1,5,Away Win
23/09/2023,SP1,Osasuna,Sevilla,0,0,NG,No,0,0,Draw,7,4,11,Home Win,2,3,Away Win
23/09/2023,SP1,Barcelona,Celta,3,2,GG,Yes,0,1,Away Win,2,3,5,Away Win,2,1,Home Win
23/09/2023,SP1,Almeria,Valencia,2,2,GG,Yes,0,1,Away Win,8,3,11,Home Win,4,2,Home Win
24/09/2023,SP1,Sociedad,Getafe,4,3,GG,Yes,1,2,Away Win,2,1,3,Home Win,3,2,Home Win
24/09/2023,SP1,Vallecano,Villarreal,1,1,GG,No,1,1,Draw,2,8,10,Away Win,2,3,Away Win
24/09/2023,SP1,Betis,Cadiz,1,1,GG,No,0,1,Away Win,11,8,19,Home Win,2,3,Away Win
24/09/2023,SP1,Las Palmas,Granada,1,0,NG,No,0,0,Draw,6,7,13,Away Win,6,4,Home Win
24/09/2023,SP1,Ath Madrid,Real Madrid,3,1,GG,Yes,2,1,Home Win,6,11,17,Away Win,1,3,Away Win
26/09/2023,SP1,Sevilla,Almeria,5,1,GG,Yes,3,0,Home Win,9,4,13,Home Win,3,2,Home Win
26/09/2023,SP1,Mallorca,Barcelona,2,2,GG,Yes,2,1,Home Win,7,2,9,Home Win,4,1,Home Win
27/09/2023,SP1,Ath Bilbao,Getafe,2,2,GG,Yes,1,0,Home Win,5,4,9,Home Win,5,6,Away Win
27/09/2023,SP1,Real Madrid,Las Palmas,2,0,NG,No,1,0,Home Win,7,2,9,Home Win,0,1,Away Win
27/09/2023,SP1,Villarreal,Girona,1,2,GG,Yes,0,0,Draw,5,6,11,Away Win,3,2,Home Win
27/09/2023,SP1,Cadiz,Vallecano,0,0,NG,No,0,0,Draw,1,2,3,Away Win,5,6,Away Win
27/09/2023,SP1,Valencia,Sociedad,0,1,NG,No,0,1,Away Win,0,2,2,Away Win,4,7,Away Win
28/09/2023,SP1,Celta,Alaves,1,1,GG,No,1,0,Home Win,2,8,10,Away Win,5,3,Home Win
28/09/2023,SP1,Granada,Betis,1,1,GG,No,0,0,Draw,5,7,12,Away Win,2,1,Home Win
28/09/2023,SP1,Osasuna,Ath Madrid,0,2,NG,No,0,1,Away Win,7,2,9,Home Win,3,3,Draw
29/09/2023,SP1,Barcelona,Sevilla,1,0,NG,No,0,0,Draw,13,3,16,Home Win,2,3,Away Win
30/09/2023,SP1,Getafe,Villarreal,0,0,NG,No,0,0,Draw,6,4,10,Home Win,2,4,Away Win
30/09/2023,SP1,Vallecano,Mallorca,2,2,GG,Yes,1,1,Draw,5,0,5,Home Win,2,5,Away Win
30/09/2023,SP1,Girona,Real Madrid,0,3,NG,Yes,0,2,Away Win,1,4,5,Away Win,2,2,Draw
30/09/2023,SP1,Sociedad,Ath Bilbao,3,0,NG,Yes,1,0,Home Win,5,7,12,Away Win,2,2,Draw
01/10/2023,SP1,Almeria,Granada,3,3,GG,Yes,3,0,Home Win,1,5,6,Away Win,2,1,Home Win
01/10/2023,SP1,Alaves,Osasuna,0,2,NG,No,0,1,Away Win,4,2,6,Home Win,2,3,Away Win
01/10/2023,SP1,Ath Madrid,Cadiz,3,2,GG,Yes,1,2,Away Win,5,3,8,Home Win,1,3,Away Win
01/10/2023,SP1,Betis,Valencia,3,0,NG,Yes,1,0,Home Win,5,3,8,Home Win,2,2,Draw
02/10/2023,SP1,Las Palmas,Celta,2,1,GG,Yes,0,0,Draw,4,5,9,Away Win,2,1,Home Win
06/10/2023,SP1,Ath Bilbao,Almeria,3,0,NG,Yes,1,0,Home Win,6,2,8,Home Win,2,0,Home Win
07/10/2023,SP1,Cadiz,Girona,0,1,NG,No,0,0,Draw,5,5,10,Draw,1,3,Away Win
07/10/2023,SP1,Real Madrid,Osasuna,4,0,NG,Yes,1,0,Home Win,5,4,9,Home Win,2,2,Draw
07/10/2023,SP1,Mallorca,Valencia,1,1,GG,No,1,1,Draw,3,6,9,Away Win,2,1,Home Win
07/10/2023,SP1,Sevilla,Vallecano,2,2,GG,Yes,0,2,Away Win,12,2,14,Home Win,5,2,Home Win
08/10/2023,SP1,Villarreal,Las Palmas,1,2,GG,Yes,0,1,Away Win,7,2,9,Home Win,4,4,Draw
08/10/2023,SP1,Ath Madrid,Sociedad,2,1,GG,Yes,1,0,Home Win,1,4,5,Away Win,3,3,Draw
08/10/2023,SP1,Alaves,Betis,1,1,GG,No,1,1,Draw,5,3,8,Home Win,3,3,Draw
08/10/2023,SP1,Celta,Getafe,2,2,GG,Yes,2,2,Draw,13,1,14,Home Win,1,8,Away Win
08/10/2023,SP1,Granada,Barcelona,2,2,GG,Yes,2,1,Home Win,1,11,12,Away Win,4,1,Home Win
20/10/2023,SP1,Osasuna,Granada,2,0,NG,No,1,0,Home Win,1,7,8,Away Win,3,4,Away Win
21/10/2023,SP1,Sociedad,Mallorca,1,0,NG,No,0,0,Draw,2,5,7,Away Win,3,3,Draw
21/10/2023,SP1,Getafe,Betis,1,1,GG,No,1,1,Draw,4,8,12,Away Win,5,2,Home Win
21/10/2023,SP1,Sevilla,Real Madrid,1,1,GG,No,0,0,Draw,4,6,10,Away Win,5,2,Home Win
21/10/2023,SP1,Celta,Ath Madrid,0,3,NG,Yes,0,1,Away Win,7,5,12,Home Win,3,2,Home Win
22/10/2023,SP1,Las Palmas,Vallecano,0,1,NG,No,0,0,Draw,10,5,15,Home Win,4,3,Home Win
22/10/2023,SP1,Girona,Almeria,5,2,GG,Yes,3,2,Home Win,9,6,15,Home Win,1,2,Away Win
22/10/2023,SP1,Villarreal,Alaves,1,1,GG,No,0,0,Draw,9,3,12,Home Win,4,3,Home Win
22/10/2023,SP1,Barcelona,Ath Bilbao,1,0,NG,No,0,0,Draw,4,7,11,Away Win,3,3,Draw
23/10/2023,SP1,Valencia,Cadiz,2,0,NG,No,2,0,Home Win,4,6,10,Away Win,0,3,Away Win
27/10/2023,SP1,Girona,Celta,1,0,NG,No,0,0,Draw,10,1,11,Home Win,3,2,Home Win
28/10/2023,SP1,Almeria,Las Palmas,1,2,GG,Yes,0,1,Away Win,3,2,5,Home Win,3,1,Home Win
28/10/2023,SP1,Barcelona,Real Madrid,1,2,GG,Yes,1,0,Home Win,6,3,9,Home Win,2,1,Home Win
28/10/2023,SP1,Mallorca,Getafe,0,0,NG,No,0,0,Draw,8,3,11,Home Win,0,1,Away Win
28/10/2023,SP1,Cadiz,Sevilla,2,2,GG,Yes,2,1,Home Win,2,4,6,Away Win,6,4,Home Win
29/10/2023,SP1,Betis,Osasuna,2,1,GG,Yes,1,0,Home Win,6,3,9,Home Win,3,4,Away Win
29/10/2023,SP1,Vallecano,Sociedad,2,2,GG,Yes,1,1,Draw,4,5,9,Away Win,3,2,Home Win
29/10/2023,SP1,Ath Bilbao,Valencia,2,2,GG,Yes,1,0,Home Win,10,4,14,Home Win,3,1,Home Win
29/10/2023,SP1,Ath Madrid,Alaves,2,1,GG,Yes,2,0,Home Win,4,4,8,Draw,3,2,Home Win
30/10/2023,SP1,Granada,Villarreal,2,3,GG,Yes,2,3,Away Win,4,1,5,Home Win,0,4,Away Win
03/11/2023,SP1,Las Palmas,Ath Madrid,2,1,GG,Yes,0,0,Draw,3,4,7,Away Win,0,3,Away Win
04/11/2023,SP1,Osasuna,Girona,2,4,GG,Yes,1,1,Draw,2,7,9,Away Win,5,3,Home Win
04/11/2023,SP1,Betis,Mallorca,2,0,NG,No,1,0,Home Win,6,1,7,Home Win,1,4,Away Win
04/11/2023,SP1,Celta,Sevilla,1,1,GG,No,1,0,Home Win,4,6,10,Away Win,2,5,Away Win
04/11/2023,SP1,Sociedad,Barcelona,0,1,NG,No,0,0,Draw,8,3,11,Home Win,3,3,Draw
05/11/2023,SP1,Alaves,Almeria,1,0,NG,No,0,0,Draw,12,6,18,Home Win,2,3,Away Win
05/11/2023,SP1,Valencia,Granada,1,0,NG,No,1,0,Home Win,0,4,4,Away Win,3,5,Away Win
05/11/2023,SP1,Villarreal,Ath Bilbao,2,3,GG,Yes,0,3,Away Win,9,3,12,Home Win,4,4,Draw
05/11/2023,SP1,Real Madrid,Vallecano,0,0,NG,No,0,0,Draw,11,1,12,Home Win,3,5,Away Win
06/11/2023,SP1,Getafe,Cadiz,1,0,NG,No,0,0,Draw,6,3,9,Home Win,7,1,Home Win
10/11/2023,SP1,Ath Bilbao,Celta,4,3,GG,Yes,2,2,Draw,7,2,9,Home Win,2,2,Draw
11/11/2023,SP1,Vallecano,Girona,1,2,GG,Yes,1,1,Draw,8,3,11,Home Win,1,2,Away Win
11/11/2023,SP1,Almeria,Sociedad,1,3,GG,Yes,0,0,Draw,5,5,10,Draw,2,2,Draw
11/11/2023,SP1,Granada,Getafe,1,1,GG,No,1,1,Draw,3,5,8,Away Win,4,2,Home Win
11/11/2023,SP1,Osasuna,Las Palmas,1,1,GG,No,0,0,Draw,8,3,11,Home Win,1,1,Draw
11/11/2023,SP1,Real Madrid,Valencia,5,1,GG,Yes,2,0,Home Win,4,4,8,Draw,1,3,Away Win
12/11/2023,SP1,Barcelona,Alaves,2,1,GG,Yes,0,1,Away Win,2,1,3,Home Win,2,1,Home Win
12/11/2023,SP1,Sevilla,Betis,1,1,GG,No,0,0,Draw,9,5,14,Home Win,1,1,Draw
12/11/2023,SP1,Ath Madrid,Villarreal,3,1,GG,Yes,1,1,Draw,6,3,9,Home Win,0,2,Away Win
24/11/2023,SP1,Alaves,Granada,3,1,GG,Yes,2,0,Home Win,6,2,8,Home Win,1,3,Away Win
25/11/2023,SP1,Vallecano,Barcelona,1,1,GG,No,1,0,Home Win,1,4,5,Away Win,3,4,Away Win
25/11/2023,SP1,Valencia,Celta,0,0,NG,No,0,0,Draw,5,7,12,Away Win,3,2,Home Win
25/11/2023,SP1,Getafe,Almeria,2,1,GG,Yes,2,1,Home Win,3,6,9,Away Win,2,4,Away Win
25/11/2023,SP1,Ath Madrid,Mallorca,1,0,NG,No,0,0,Draw,7,3,10,Home Win,0,0,Draw
26/11/2023,SP1,Villarreal,Osasuna,3,1,GG,Yes,0,0,Draw,2,4,6,Away Win,0,0,Draw
26/11/2023,SP1,Sociedad,Sevilla,2,1,GG,Yes,2,0,Home Win,4,4,8,Draw,2,1,Home Win
26/11/2023,SP1,Cadiz,Real Madrid,0,3,NG,Yes,0,1,Away Win,4,4,8,Draw,3,3,Draw
26/11/2023,SP1,Betis,Las Palmas,1,0,NG,No,1,0,Home Win,7,6,13,Home Win,1,2,Away Win
27/11/2023,SP1,Girona,Ath Bilbao,1,1,GG,No,0,0,Draw,2,6,8,Away Win,1,1,Draw
29/11/2023,SP1,Mallorca,Cadiz,1,1,GG,No,1,1,Draw,7,0,7,Home Win,2,3,Away Win
01/12/2023,SP1,Las Palmas,Getafe,2,0,NG,No,1,0,Home Win,4,4,8,Draw,0,5,Away Win
02/12/2023,SP1,Girona,Valencia,2,1,GG,Yes,0,0,Draw,3,2,5,Home Win,2,3,Away Win
02/12/2023,SP1,Ath Bilbao,Vallecano,4,0,NG,Yes,1,0,Home Win,7,2,9,Home Win,1,2,Away Win
02/12/2023,SP1,Real Madrid,Granada,2,0,NG,No,1,0,Home Win,6,0,6,Home Win,2,1,Home Win
02/12/2023,SP1,Osasuna,Sociedad,1,1,GG,No,1,1,Draw,1,8,9,Away Win,3,3,Draw
03/12/2023,SP1,Mallorca,Alaves,0,0,NG,No,0,0,Draw,5,4,9,Home Win,4,2,Home Win
03/12/2023,SP1,Almeria,Betis,0,0,NG,No,0,0,Draw,4,6,10,Away Win,0,3,Away Win
03/12/2023,SP1,Sevilla,Villarreal,1,1,GG,No,0,0,Draw,8,4,12,Home Win,3,2,Home Win
03/12/2023,SP1,Barcelona,Ath Madrid,1,0,NG,No,1,0,Home Win,7,2,9,Home Win,5,4,Home Win
04/12/2023,SP1,Celta,Cadiz,1,1,GG,No,0,1,Away Win,12,1,13,Home Win,1,6,Away Win
08/12/2023,SP1,Getafe,Valencia,1,0,NG,No,0,0,Draw,7,0,7,Home Win,2,4,Away Win
09/12/2023,SP1,Alaves,Las Palmas,0,1,NG,No,0,1,Away Win,12,3,15,Home Win,3,4,Away Win
09/12/2023,SP1,Betis,Real Madrid,1,1,GG,No,0,0,Draw,8,6,14,Home Win,2,1,Home Win
09/12/2023,SP1,Villarreal,Sociedad,0,3,NG,Yes,0,3,Away Win,5,3,8,Home Win,2,1,Home Win
09/12/2023,SP1,Mallorca,Sevilla,1,0,NG,No,1,0,Home Win,4,12,16,Away Win,2,2,Draw
10/12/2023,SP1,Ath Madrid,Almeria,2,1,GG,Yes,2,0,Home Win,3,15,18,Away Win,1,0,Home Win
10/12/2023,SP1,Cadiz,Osasuna,1,1,GG,No,1,0,Home Win,2,4,6,Away Win,1,2,Away Win
10/12/2023,SP1,Barcelona,Girona,2,4,GG,Yes,1,2,Away Win,8,3,11,Home Win,1,2,Away Win
11/12/2023,SP1,Granada,Ath Bilbao,1,1,GG,No,0,1,Away Win,1,8,9,Away Win,0,2,Away Win
11/12/2023,SP1,Vallecano,Celta,0,0,NG,No,0,0,Draw,8,1,9,Home Win,3,0,Home Win
15/12/2023,SP1,Osasuna,Vallecano,1,0,NG,No,0,0,Draw,9,1,10,Home Win,2,3,Away Win
16/12/2023,SP1,Celta,Granada,1,0,NG,No,1,0,Home Win,7,1,8,Home Win,6,2,Home Win
16/12/2023,SP1,Ath Bilbao,Ath Madrid,2,0,NG,No,0,0,Draw,3,7,10,Away Win,0,1,Away Win
16/12/2023,SP1,Sevilla,Getafe,0,3,NG,Yes,0,2,Away Win,4,2,6,Home Win,3,3,Draw
16/12/2023,SP1,Valencia,Barcelona,1,1,GG,No,0,0,Draw,4,6,10,Away Win,1,2,Away Win
17/12/2023,SP1,Almeria,Mallorca,0,0,NG,No,0,0,Draw,4,4,8,Draw,2,1,Home Win
17/12/2023,SP1,Sociedad,Betis,0,0,NG,No,0,0,Draw,3,7,10,Away Win,3,4,Away Win
17/12/2023,SP1,Las Palmas,Cadiz,1,1,GG,No,1,0,Home Win,4,6,10,Away Win,1,3,Away Win
17/12/2023,SP1,Real Madrid,Villarreal,4,1,GG,Yes,2,0,Home Win,11,0,11,Home Win,2,3,Away Win
18/12/2023,SP1,Girona,Alaves,3,0,NG,Yes,2,0,Home Win,3,2,5,Home Win,0,1,Away Win
19/12/2023,SP1,Vallecano,Valencia,0,1,NG,No,0,0,Draw,8,1,9,Home Win,1,5,Away Win
19/12/2023,SP1,Ath Madrid,Getafe,3,3,GG,Yes,1,0,Home Win,1,12,13,Away Win,3,3,Draw
19/12/2023,SP1,Granada,Sevilla,0,3,NG,Yes,0,2,Away Win,6,4,10,Home Win,2,1,Home Win
20/12/2023,SP1,Barcelona,Almeria,3,2,GG,Yes,1,1,Draw,12,0,12,Home Win,3,3,Draw
20/12/2023,SP1,Ath Bilbao,Las Palmas,1,0,NG,No,0,0,Draw,5,2,7,Home Win,1,3,Away Win
20/12/2023,SP1,Villarreal,Celta,3,2,GG,Yes,2,0,Home Win,4,7,11,Away Win,2,4,Away Win
21/12/2023,SP1,Betis,Girona,1,1,GG,No,0,1,Away Win,7,6,13,Home Win,2,2,Draw
21/12/2023,SP1,Cadiz,Sociedad,0,0,NG,No,0,0,Draw,7,5,12,Home Win,3,1,Home Win
21/12/2023,SP1,Alaves,Real Madrid,0,1,NG,No,0,0,Draw,3,3,6,Draw,3,1,Home Win
21/12/2023,SP1,Mallorca,Osasuna,3,2,GG,Yes,1,1,Draw,6,0,6,Home Win,3,1,Home Win
23/12/2023,SP1,Ath Madrid,Sevilla,1,0,NG,No,0,0,Draw,6,5,11,Home Win,7,3,Home Win
02/01/2024,SP1,Getafe,Vallecano,0,2,NG,No,0,1,Away Win,2,3,5,Away Win,6,3,Home Win
02/01/2024,SP1,Sociedad,Alaves,1,1,GG,No,0,0,Draw,6,4,10,Home Win,4,4,Draw
02/01/2024,SP1,Valencia,Villarreal,3,1,GG,Yes,2,0,Home Win,4,3,7,Home Win,2,5,Away Win
03/01/2024,SP1,Granada,Cadiz,2,0,NG,No,1,0,Home Win,5,6,11,Away Win,3,4,Away Win
03/01/2024,SP1,Celta,Betis,2,1,GG,Yes,1,1,Draw,8,7,15,Home Win,0,2,Away Win
03/01/2024,SP1,Real Madrid,Mallorca,1,0,NG,No,0,0,Draw,5,4,9,Home Win,2,3,Away Win
03/01/2024,SP1,Girona,Ath Madrid,4,3,GG,Yes,3,2,Home Win,7,8,15,Away Win,0,1,Away Win
04/01/2024,SP1,Osasuna,Almeria,1,0,NG,No,1,0,Home Win,5,4,9,Home Win,1,2,Away Win
04/01/2024,SP1,Sevilla,Ath Bilbao,0,2,NG,No,0,1,Away Win,5,4,9,Home Win,3,1,Home Win
04/01/2024,SP1,Las Palmas,Barcelona,1,2,GG,Yes,1,0,Home Win,5,10,15,Away Win,5,2,Home Win
12/01/2024,SP1,Sevilla,Alaves,2,3,GG,Yes,0,2,Away Win,5,4,9,Home Win,4,3,Home Win
13/01/2024,SP1,Las Palmas,Villarreal,3,0,NG,Yes,1,0,Home Win,4,6,10,Away Win,4,3,Home Win
13/01/2024,SP1,Mallorca,Celta,1,1,GG,No,1,1,Draw,10,1,11,Home Win,4,1,Home Win
13/01/2024,SP1,Ath Bilbao,Sociedad,2,1,GG,Yes,2,0,Home Win,5,5,10,Draw,1,4,Away Win
13/01/2024,SP1,Betis,Granada,1,0,NG,No,0,0,Draw,13,1,14,Home Win,3,4,Away Win
14/01/2024,SP1,Almeria,Girona,0,0,NG,No,0,0,Draw,4,3,7,Home Win,4,4,Draw
14/01/2024,SP1,Cadiz,Valencia,1,4,GG,Yes,1,1,Draw,3,1,4,Home Win,4,2,Home Win
19/01/2024,SP1,Alaves,Cadiz,1,0,NG,No,0,0,Draw,4,4,8,Draw,0,4,Away Win
20/01/2024,SP1,Vallecano,Las Palmas,0,2,NG,No,0,1,Away Win,12,0,12,Home Win,3,1,Home Win
20/01/2024,SP1,Villarreal,Mallorca,1,1,GG,No,1,0,Home Win,4,6,10,Away Win,2,2,Draw
20/01/2024,SP1,Valencia,Ath Bilbao,1,0,NG,No,0,0,Draw,4,2,6,Home Win,0,3,Away Win
20/01/2024,SP1,Celta,Sociedad,0,1,NG,No,0,1,Away Win,6,3,9,Home Win,1,2,Away Win
21/01/2024,SP1,Osasuna,Getafe,3,2,GG,Yes,2,0,Home Win,1,4,5,Away Win,4,4,Draw
21/01/2024,SP1,Real Madrid,Almeria,3,2,GG,Yes,0,2,Away Win,6,3,9,Home Win,3,5,Away Win
21/01/2024,SP1,Betis,Barcelona,2,4,GG,Yes,0,1,Away Win,3,4,7,Away Win,1,2,Away Win
21/01/2024,SP1,Girona,Sevilla,5,1,GG,Yes,3,1,Home Win,4,5,9,Away Win,0,2,Away Win
22/01/2024,SP1,Granada,Ath Madrid,0,1,NG,No,0,0,Draw,6,2,8,Home Win,2,2,Draw
26/01/2024,SP1,Almeria,Alaves,0,3,NG,Yes,0,1,Away Win,11,3,14,Home Win,1,2,Away Win
27/01/2024,SP1,Sociedad,Vallecano,0,0,NG,No,0,0,Draw,2,2,4,Draw,2,4,Away Win
27/01/2024,SP1,Las Palmas,Real Madrid,1,2,GG,Yes,0,0,Draw,1,6,7,Away Win,3,3,Draw
27/01/2024,SP1,Barcelona,Villarreal,3,5,GG,Yes,0,1,Away Win,10,0,10,Home Win,3,4,Away Win
27/01/2024,SP1,Mallorca,Betis,0,1,NG,No,0,1,Away Win,5,4,9,Home Win,2,1,Home Win
28/01/2024,SP1,Celta,Girona,0,1,NG,No,0,1,Away Win,5,7,12,Away Win,1,1,Draw
28/01/2024,SP1,Cadiz,Ath Bilbao,0,0,NG,No,0,0,Draw,6,8,14,Away Win,4,2,Home Win
28/01/2024,SP1,Sevilla,Osasuna,1,1,GG,No,1,0,Home Win,2,4,6,Away Win,3,0,Home Win
28/01/2024,SP1,Ath Madrid,Valencia,2,0,NG,No,1,0,Home Win,3,6,9,Away Win,2,0,Home Win
29/01/2024,SP1,Getafe,Granada,2,0,NG,No,2,0,Home Win,4,3,7,Home Win,2,1,Home Win
31/01/2024,SP1,Barcelona,Osasuna,1,0,NG,No,0,0,Draw,6,6,12,Draw,1,2,Away Win
31/01/2024,SP1,Ath Madrid,Vallecano,2,1,GG,Yes,1,1,Draw,5,6,11,Away Win,0,3,Away Win
01/02/2024,SP1,Getafe,Real Madrid,0,2,NG,No,0,1,Away Win,2,6,8,Away Win,1,2,Away Win
02/02/2024,SP1,Ath Bilbao,Mallorca,4,0,NG,Yes,2,0,Home Win,6,2,8,Home Win,0,1,Away Win
03/02/2024,SP1,Valencia,Almeria,2,1,GG,Yes,2,0,Home Win,0,6,6,Away Win,4,5,Away Win
03/02/2024,SP1,Granada,Las Palmas,1,1,GG,No,1,0,Home Win,2,9,11,Away Win,4,3,Home Win
03/02/2024,SP1,Alaves,Barcelona,1,3,GG,Yes,0,1,Away Win,14,5,19,Home Win,2,2,Draw
03/02/2024,SP1,Girona,Sociedad,0,0,NG,No,0,0,Draw,3,4,7,Away Win,2,3,Away Win
04/02/2024,SP1,Villarreal,Cadiz,0,0,NG,No,0,0,Draw,13,2,15,Home Win,3,1,Home Win
04/02/2024,SP1,Osasuna,Celta,0,3,NG,Yes,0,2,Away Win,9,1,10,Home Win,2,0,Home Win
04/02/2024,SP1,Betis,Getafe,1,1,GG,No,1,1,Draw,3,5,8,Away Win,7,4,Home Win
04/02/2024,SP1,Real Madrid,Ath Madrid,1,1,GG,No,1,0,Home Win,2,8,10,Away Win,0,5,Away Win
05/02/2024,SP1,Vallecano,Sevilla,1,2,GG,Yes,1,2,Away Win,6,0,6,Home Win,2,2,Draw
09/02/2024,SP1,Cadiz,Betis,0,2,NG,No,0,1,Away Win,5,3,8,Home Win,1,1,Draw
10/02/2024,SP1,Alaves,Villarreal,1,1,GG,No,1,1,Draw,10,9,19,Home Win,0,2,Away Win
10/02/2024,SP1,Sociedad,Osasuna,0,1,NG,No,0,0,Draw,7,4,11,Home Win,0,0,Draw
10/02/2024,SP1,Real Madrid,Girona,4,0,NG,Yes,2,0,Home Win,0,2,2,Away Win,1,2,Away Win
10/02/2024,SP1,Las Palmas,Valencia,2,0,NG,No,0,0,Draw,5,0,5,Home Win,2,0,Home Win
11/02/2024,SP1,Getafe,Celta,3,2,GG,Yes,2,0,Home Win,0,4,4,Away Win,1,2,Away Win
11/02/2024,SP1,Mallorca,Vallecano,2,1,GG,Yes,0,0,Draw,5,1,6,Home Win,4,0,Home Win
11/02/2024,SP1,Sevilla,Ath Madrid,1,0,NG,No,1,0,Home Win,2,7,9,Away Win,2,1,Home Win
11/02/2024,SP1,Barcelona,Granada,3,3,GG,Yes,1,1,Draw,6,2,8,Home Win,1,2,Away Win
12/02/2024,SP1,Almeria,Ath Bilbao,0,0,NG,No,0,0,Draw,4,10,14,Away Win,4,1,Home Win
16/02/2024,SP1,Villarreal,Getafe,1,1,GG,No,0,1,Away Win,8,3,11,Home Win,0,1,Away Win
17/02/2024,SP1,Ath Madrid,Las Palmas,5,0,NG,Yes,2,0,Home Win,3,5,8,Away Win,2,2,Draw
17/02/2024,SP1,Osasuna,Cadiz,2,0,NG,No,0,0,Draw,5,4,9,Home Win,4,2,Home Win
17/02/2024,SP1,Celta,Barcelona,1,2,GG,Yes,0,1,Away Win,2,5,7,Away Win,2,4,Away Win
17/02/2024,SP1,Valencia,Sevilla,0,0,NG,No,0,0,Draw,7,2,9,Home Win,0,1,Away Win
18/02/2024,SP1,Vallecano,Real Madrid,1,1,GG,No,1,1,Draw,4,10,14,Away Win,4,3,Home Win
18/02/2024,SP1,Granada,Almeria,1,1,GG,No,0,1,Away Win,10,4,14,Home Win,2,3,Away Win
18/02/2024,SP1,Mallorca,Sociedad,1,2,GG,Yes,1,1,Draw,3,9,12,Away Win,7,5,Home Win
18/02/2024,SP1,Betis,Alaves,0,0,NG,No,0,0,Draw,6,8,14,Away Win,5,2,Home Win
19/02/2024,SP1,Ath Bilbao,Girona,3,2,GG,Yes,1,0,Home Win,3,4,7,Away Win,1,2,Away Win
23/02/2024,SP1,Sociedad,Villarreal,1,3,GG,Yes,0,1,Away Win,13,2,15,Home Win,3,4,Away Win
24/02/2024,SP1,Barcelona,Getafe,4,0,NG,Yes,1,0,Home Win,5,8,13,Away Win,1,4,Away Win
24/02/2024,SP1,Alaves,Mallorca,1,1,GG,No,0,0,Draw,3,3,6,Draw,0,2,Away Win
24/02/2024,SP1,Almeria,Ath Madrid,2,2,GG,Yes,1,1,Draw,2,7,9,Away Win,1,1,Draw
25/02/2024,SP1,Cadiz,Celta,2,2,GG,Yes,0,1,Away Win,9,1,10,Home Win,2,3,Away Win
25/02/2024,SP1,Betis,Ath Bilbao,3,1,GG,Yes,2,1,Home Win,5,3,8,Home Win,1,6,Away Win
25/02/2024,SP1,Las Palmas,Osasuna,1,1,GG,No,0,0,Draw,6,7,13,Away Win,2,1,Home Win
25/02/2024,SP1,Real Madrid,Sevilla,1,0,NG,No,0,0,Draw,7,2,9,Home Win,1,3,Away Win
26/02/2024,SP1,Girona,Vallecano,3,0,NG,Yes,0,0,Draw,2,2,4,Draw,3,5,Away Win
01/03/2024,SP1,Celta,Almeria,1,0,NG,No,0,0,Draw,7,0,7,Home Win,1,2,Away Win
02/03/2024,SP1,Sevilla,Sociedad,3,2,GG,Yes,2,1,Home Win,2,5,7,Away Win,1,2,Away Win
02/03/2024,SP1,Vallecano,Cadiz,1,1,GG,No,0,0,Draw,4,9,13,Away Win,1,1,Draw
02/03/2024,SP1,Getafe,Las Palmas,3,3,GG,Yes,3,1,Home Win,4,4,8,Draw,4,1,Home Win
02/03/2024,SP1,Valencia,Real Madrid,2,2,GG,Yes,2,1,Home Win,2,2,4,Draw,2,3,Away Win
03/03/2024,SP1,Villarreal,Granada,5,1,GG,Yes,3,0,Home Win,6,4,10,Home Win,1,2,Away Win
03/03/2024,SP1,Ath Madrid,Betis,2,1,GG,Yes,2,0,Home Win,4,6,10,Away Win,1,2,Away Win
03/03/2024,SP1,Mallorca,Girona,1,0,NG,No,1,0,Home Win,8,5,13,Home Win,5,0,Home Win
03/03/2024,SP1,Ath Bilbao,Barcelona,0,0,NG,No,0,0,Draw,4,4,8,Draw,3,3,Draw
04/03/2024,SP1,Osasuna,Alaves,1,0,NG,No,0,0,Draw,5,5,10,Draw,2,1,Home Win
08/03/2024,SP1,Barcelona,Mallorca,1,0,NG,No,0,0,Draw,4,1,5,Home Win,1,1,Draw
09/03/2024,SP1,Valencia,Getafe,1,0,NG,No,1,0,Home Win,5,5,10,Draw,2,3,Away Win
09/03/2024,SP1,Cadiz,Ath Madrid,2,0,NG,No,1,0,Home Win,3,1,4,Home Win,4,5,Away Win
09/03/2024,SP1,Granada,Sociedad,2,3,GG,Yes,2,1,Home Win,4,6,10,Away Win,1,2,Away Win
09/03/2024,SP1,Girona,Osasuna,2,0,NG,No,1,0,Home Win,5,7,12,Away Win,3,3,Draw
10/03/2024,SP1,Alaves,Vallecano,1,0,NG,No,1,0,Home Win,7,5,12,Home Win,2,2,Draw
10/03/2024,SP1,Las Palmas,Ath Bilbao,0,2,NG,No,0,1,Away Win,10,3,13,Home Win,3,3,Draw
10/03/2024,SP1,Real Madrid,Celta,4,0,NG,Yes,1,0,Home Win,12,1,13,Home Win,2,3,Away Win
10/03/2024,SP1,Betis,Villarreal,2,3,GG,Yes,2,1,Home Win,11,4,15,Home Win,3,4,Away Win
11/03/2024,SP1,Almeria,Sevilla,2,2,GG,Yes,1,0,Home Win,1,8,9,Away Win,2,2,Draw
15/03/2024,SP1,Sociedad,Cadiz,2,0,NG,No,1,0,Home Win,8,2,10,Home Win,3,1,Home Win
16/03/2024,SP1,Mallorca,Granada,1,0,NG,No,0,0,Draw,10,2,12,Home Win,2,0,Home Win
16/03/2024,SP1,Osasuna,Real Madrid,2,4,GG,Yes,1,2,Away Win,5,7,12,Away Win,3,2,Home Win
16/03/2024,SP1,Getafe,Girona,1,0,NG,No,1,0,Home Win,2,5,7,Away Win,4,4,Draw
16/03/2024,SP1,Ath Bilbao,Alaves,2,0,NG,No,2,0,Home Win,5,4,9,Home Win,1,3,Away Win
17/03/2024,SP1,Sevilla,Celta,1,2,GG,Yes,1,0,Home Win,3,8,11,Away Win,4,0,Home Win
17/03/2024,SP1,Las Palmas,Almeria,0,1,NG,No,0,1,Away Win,11,3,14,Home Win,2,2,Draw
17/03/2024,SP1,Villarreal,Valencia,1,0,NG,No,0,0,Draw,6,2,8,Home Win,5,1,Home Win
17/03/2024,SP1,Vallecano,Betis,2,0,NG,No,1,0,Home Win,4,8,12,Away Win,4,4,Draw
17/03/2024,SP1,Ath Madrid,Barcelona,0,3,NG,Yes,0,1,Away Win,7,3,10,Home Win,3,1,Home Win
29/03/2024,SP1,Cadiz,Granada,1,0,NG,No,0,0,Draw,5,2,7,Home Win,2,4,Away Win
30/03/2024,SP1,Getafe,Sevilla,0,1,NG,No,0,1,Away Win,7,3,10,Home Win,4,5,Away Win
30/03/2024,SP1,Almeria,Osasuna,0,3,NG,Yes,0,2,Away Win,6,1,7,Home Win,3,2,Home Win
30/03/2024,SP1,Valencia,Mallorca,0,0,NG,No,0,0,Draw,3,3,6,Draw,0,2,Away Win
30/03/2024,SP1,Barcelona,Las Palmas,1,0,NG,No,0,0,Draw,6,1,7,Home Win,5,1,Home Win
31/03/2024,SP1,Celta,Vallecano,0,0,NG,No,0,0,Draw,3,2,5,Home Win,3,3,Draw
31/03/2024,SP1,Girona,Betis,3,2,GG,Yes,1,1,Draw,5,4,9,Home Win,3,4,Away Win
31/03/2024,SP1,Alaves,Sociedad,0,1,NG,No,0,0,Draw,3,8,11,Away Win,2,2,Draw
31/03/2024,SP1,Real Madrid,Ath Bilbao,2,0,NG,No,1,0,Home Win,4,7,11,Away Win,2,1,Home Win
01/04/2024,SP1,Villarreal,Ath Madrid,1,2,GG,Yes,0,1,Away Win,3,3,6,Draw,3,3,Draw
04/04/2024,SP1,Granada,Valencia,0,1,NG,No,0,0,Draw,5,4,9,Home Win,3,1,Home Win
12/04/2024,SP1,Betis,Celta,2,1,GG,Yes,0,0,Draw,6,5,11,Home Win,1,0,Home Win
13/04/2024,SP1,Ath Madrid,Girona,3,1,GG,Yes,2,1,Home Win,2,0,2,Home Win,3,2,Home Win
13/04/2024,SP1,Vallecano,Getafe,0,0,NG,No,0,0,Draw,3,0,3,Home Win,4,6,Away Win
13/04/2024,SP1,Mallorca,Real Madrid,0,1,NG,No,0,0,Draw,4,2,6,Home Win,2,1,Home Win
13/04/2024,SP1,Cadiz,Barcelona,0,1,NG,No,0,1,Away Win,8,4,12,Home Win,3,3,Draw
14/04/2024,SP1,Las Palmas,Sevilla,0,2,NG,No,0,1,Away Win,6,2,8,Home Win,3,3,Draw
14/04/2024,SP1,Granada,Alaves,2,0,NG,No,2,0,Home Win,1,5,6,Away Win,3,2,Home Win
14/04/2024,SP1,Ath Bilbao,Villarreal,1,1,GG,No,0,0,Draw,3,1,4,Home Win,3,3,Draw
14/04/2024,SP1,Sociedad,Almeria,2,2,GG,Yes,1,1,Draw,5,1,6,Home Win,2,2,Draw
15/04/2024,SP1,Osasuna,Valencia,0,1,NG,No,0,1,Away Win,4,1,5,Home Win,0,2,Away Win
19/04/2024,SP1,Ath Bilbao,Granada,1,1,GG,No,1,1,Draw,11,4,15,Home Win,4,2,Home Win
20/04/2024,SP1,Celta,Las Palmas,4,1,GG,Yes,2,1,Home Win,8,4,12,Home Win,1,0,Home Win
20/04/2024,SP1,Vallecano,Osasuna,2,1,GG,Yes,0,1,Away Win,5,1,6,Home Win,4,1,Home Win
20/04/2024,SP1,Valencia,Betis,1,2,GG,Yes,0,1,Away Win,7,6,13,Home Win,2,3,Away Win
20/04/2024,SP1,Girona,Cadiz,4,1,GG,Yes,2,0,Home Win,2,4,6,Away Win,1,2,Away Win
21/04/2024,SP1,Getafe,Sociedad,1,1,GG,No,1,1,Draw,0,4,4,Away Win,0,2,Away Win
21/04/2024,SP1,Almeria,Villarreal,1,2,GG,Yes,1,1,Draw,5,2,7,Home Win,3,4,Away Win
21/04/2024,SP1,Alaves,Ath Madrid,2,0,NG,No,1,0,Home Win,1,11,12,Away Win,5,3,Home Win
21/04/2024,SP1,Real Madrid,Barcelona,3,2,GG,Yes,1,1,Draw,2,8,10,Away Win,3,2,Home Win
22/04/2024,SP1,Sevilla,Mallorca,2,1,GG,Yes,0,0,Draw,4,4,8,Draw,0,2,Away Win
26/04/2024,SP1,Sociedad,Real Madrid,0,1,NG,No,0,1,Away Win,11,3,14,Home Win,3,4,Away Win
27/04/2024,SP1,Las Palmas,Girona,0,2,NG,No,0,1,Away Win,4,2,6,Home Win,1,3,Away Win
27/04/2024,SP1,Almeria,Getafe,1,3,GG,Yes,1,1,Draw,9,2,11,Home Win,5,4,Home Win
27/04/2024,SP1,Alaves,Celta,3,0,NG,Yes,0,0,Draw,8,3,11,Home Win,3,3,Draw
27/04/2024,SP1,Ath Madrid,Ath Bilbao,3,1,GG,Yes,1,1,Draw,3,5,8,Away Win,3,2,Home Win
28/04/2024,SP1,Cadiz,Mallorca,1,1,GG,No,0,1,Away Win,3,1,4,Home Win,3,2,Home Win
28/04/2024,SP1,Granada,Osasuna,3,0,NG,Yes,1,0,Home Win,0,6,6,Away Win,4,0,Home Win
28/04/2024,SP1,Villarreal,Vallecano,3,0,NG,Yes,1,0,Home Win,3,6,9,Away Win,2,1,Home Win
28/04/2024,SP1,Betis,Sevilla,1,1,GG,No,1,0,Home Win,4,6,10,Away Win,3,5,Away Win
29/04/2024,SP1,Barcelona,Valencia,4,2,GG,Yes,1,2,Away Win,15,1,16,Home Win,1,0,Home Win
03/05/2024,SP1,Getafe,Ath Bilbao,0,2,NG,No,0,1,Away Win,10,6,16,Home Win,0,2,Away Win
04/05/2024,SP1,Sociedad,Las Palmas,2,0,NG,No,2,0,Home Win,7,2,9,Home Win,2,1,Home Win
04/05/2024,SP1,Real Madrid,Cadiz,3,0,NG,Yes,0,0,Draw,7,4,11,Home Win,0,1,Away Win
04/05/2024,SP1,Girona,Barcelona,4,2,GG,Yes,1,2,Away Win,5,4,9,Home Win,0,3,Away Win
04/05/2024,SP1,Mallorca,Ath Madrid,0,1,NG,No,0,1,Away Win,6,2,8,Home Win,2,0,Home Win
05/05/2024,SP1,Osasuna,Betis,0,2,NG,No,0,2,Away Win,8,5,13,Home Win,2,2,Draw
05/05/2024,SP1,Celta,Villarreal,3,2,GG,Yes,2,1,Home Win,2,1,3,Home Win,4,0,Home Win
05/05/2024,SP1,Valencia,Alaves,0,1,NG,No,0,0,Draw,5,7,12,Away Win,1,3,Away Win
05/05/2024,SP1,Sevilla,Granada,3,0,NG,Yes,1,0,Home Win,5,4,9,Home Win,2,2,Draw
05/05/2024,SP1,Vallecano,Almeria,0,1,NG,No,0,1,Away Win,9,2,11,Home Win,3,2,Home Win
10/05/2024,SP1,Alaves,Girona,2,2,GG,Yes,1,2,Away Win,5,3,8,Home Win,3,2,Home Win
11/05/2024,SP1,Mallorca,Las Palmas,1,0,NG,No,1,0,Home Win,2,2,4,Draw,6,2,Home Win
11/05/2024,SP1,Villarreal,Sevilla,3,2,GG,Yes,1,2,Away Win,10,1,11,Home Win,3,5,Away Win
11/05/2024,SP1,Granada,Real Madrid,0,4,NG,Yes,0,2,Away Win,8,5,13,Home Win,2,0,Home Win
11/05/2024,SP1,Ath Bilbao,Osasuna,2,2,GG,Yes,0,1,Away Win,8,6,14,Home Win,2,4,Away Win
12/05/2024,SP1,Cadiz,Getafe,1,0,NG,No,1,0,Home Win,6,2,8,Home Win,5,2,Home Win
12/05/2024,SP1,Ath Madrid,Celta,1,0,NG,No,0,0,Draw,4,7,11,Away Win,1,1,Draw
12/05/2024,SP1,Valencia,Vallecano,0,0,NG,No,0,0,Draw,6,3,9,Home Win,1,2,Away Win
12/05/2024,SP1,Betis,Almeria,3,2,GG,Yes,2,1,Home Win,3,5,8,Away Win,0,2,Away Win
13/05/2024,SP1,Barcelona,Sociedad,2,0,NG,No,1,0,Home Win,6,2,8,Home Win,2,3,Away Win
14/05/2024,SP1,Osasuna,Mallorca,1,1,GG,No,1,0,Home Win,2,4,6,Away Win,0,1,Away Win
14/05/2024,SP1,Real Madrid,Alaves,5,0,NG,Yes,3,0,Home Win,4,1,5,Home Win,1,1,Draw
14/05/2024,SP1,Girona,Villarreal,0,1,NG,No,0,0,Draw,5,1,6,Home Win,1,5,Away Win
15/05/2024,SP1,Sevilla,Cadiz,0,1,NG,No,0,0,Draw,1,9,10,Away Win,6,2,Home Win
15/05/2024,SP1,Vallecano,Granada,2,1,GG,Yes,1,0,Home Win,6,6,12,Draw,4,3,Home Win
15/05/2024,SP1,Celta,Ath Bilbao,2,1,GG,Yes,0,1,Away Win,2,3,5,Away Win,2,0,Home Win
15/05/2024,SP1,Getafe,Ath Madrid,0,3,NG,Yes,0,2,Away Win,6,3,9,Home Win,4,3,Home Win
16/05/2024,SP1,Las Palmas,Betis,2,2,GG,Yes,1,1,Draw,4,8,12,Away Win,2,1,Home Win
16/05/2024,SP1,Almeria,Barcelona,0,2,NG,No,0,1,Away Win,4,7,11,Away Win,0,1,Away Win
16/05/2024,SP1,Sociedad,Valencia,1,0,NG,No,1,0,Home Win,3,3,6,Draw,0,2,Away Win
18/05/2024,SP1,Alaves,Getafe,1,0,NG,No,1,0,Home Win,2,1,3,Home Win,5,7,Away Win
19/05/2024,SP1,Ath Bilbao,Sevilla,2,0,NG,No,2,0,Home Win,8,3,11,Home Win,1,1,Draw
19/05/2024,SP1,Ath Madrid,Osasuna,1,4,GG,Yes,0,1,Away Win,7,5,12,Home Win,2,2,Draw
19/05/2024,SP1,Barcelona,Vallecano,3,0,NG,Yes,1,0,Home Win,7,5,12,Home Win,4,2,Home Win
19/05/2024,SP1,Betis,Sociedad,0,2,NG,No,0,2,Away Win,6,2,8,Home Win,3,4,Away Win
19/05/2024,SP1,Cadiz,Las Palmas,0,0,NG,No,0,0,Draw,5,3,8,Home Win,3,1,Home Win
19/05/2024,SP1,Granada,Celta,1,2,GG,Yes,0,0,Draw,10,2,12,Home Win,2,1,Home Win
19/05/2024,SP1,Mallorca,Almeria,2,2,GG,Yes,1,1,Draw,12,2,14,Home Win,2,3,Away Win
19/05/2024,SP1,Valencia,Girona,1,3,GG,Yes,0,1,Away Win,5,4,9,Home Win,2,0,Home Win
19/05/2024,SP1,Villarreal,Real Madrid,4,4,GG,Yes,1,4,Away Win,3,3,6,Draw,3,2,Home Win
24/05/2024,SP1,Girona,Granada,7,0,NG,Yes,3,0,Home Win,4,2,6,Home Win,3,5,Away Win
25/05/2024,SP1,Osasuna,Villarreal,1,1,GG,No,1,0,Home Win,6,4,10,Home Win,4,3,Home Win
25/05/2024,SP1,Sociedad,Ath Madrid,0,2,NG,No,0,1,Away Win,8,4,12,Home Win,3,5,Away Win
25/05/2024,SP1,Almeria,Cadiz,6,1,GG,Yes,0,1,Away Win,1,4,5,Away Win,2,2,Draw
25/05/2024,SP1,Vallecano,Ath Bilbao,0,1,NG,No,0,0,Draw,8,2,10,Home Win,1,1,Draw
25/05/2024,SP1,Real Madrid,Betis,0,0,NG,No,0,0,Draw,4,5,9,Away Win,2,1,Home Win
26/05/2024,SP1,Getafe,Mallorca,1,2,GG,Yes,0,0,Draw,3,4,7,Away Win,0,2,Away Win
26/05/2024,SP1,Celta,Valencia,2,2,GG,Yes,0,1,Away Win,2,2,4,Draw,0,0,Draw
26/05/2024,SP1,Las Palmas,Alaves,1,1,GG,No,0,0,Draw,2,6,8,Away Win,2,1,Home Win
26/05/2024,SP1,Sevilla,Barcelona,1,2,GG,Yes,1,1,Draw,6,5,11,Home Win,2,1,Home Win
15/08/2024,SP1,Ath Bilbao,Getafe,1,1,GG,No,1,0,Home Win,5,6,11,Away Win,4,1,Home Win
15/08/2024,SP1,Betis,Girona,1,1,GG,No,1,0,Home Win,4,4,8,Draw,2,0,Home Win
16/08/2024,SP1,Celta,Alaves,2,1,GG,Yes,0,1,Away Win,3,3,6,Draw,3,2,Home Win
16/08/2024,SP1,Las Palmas,Sevilla,2,2,GG,Yes,1,1,Draw,6,3,9,Home Win,0,0,Draw
17/08/2024,SP1,Osasuna,Leganes,1,1,GG,No,0,1,Away Win,6,4,10,Home Win,3,2,Home Win
17/08/2024,SP1,Valencia,Barcelona,1,2,GG,Yes,1,1,Draw,3,8,11,Away Win,2,3,Away Win
18/08/2024,SP1,Sociedad,Vallecano,1,2,GG,Yes,0,0,Draw,10,5,15,Home Win,2,4,Away Win
18/08/2024,SP1,Mallorca,Real Madrid,1,1,GG,No,0,1,Away Win,8,7,15,Home Win,1,0,Home Win
19/08/2024,SP1,Valladolid,Espanol,1,0,NG,No,1,0,Home Win,3,2,5,Home Win,2,2,Draw
19/08/2024,SP1,Villarreal,Ath Madrid,2,2,GG,Yes,2,2,Draw,2,3,5,Away Win,1,3,Away Win
23/08/2024,SP1,Celta,Valencia,3,1,GG,Yes,2,1,Home Win,4,7,11,Away Win,3,0,Home Win
23/08/2024,SP1,Sevilla,Villarreal,1,2,GG,Yes,1,1,Draw,7,2,9,Home Win,3,5,Away Win
24/08/2024,SP1,Osasuna,Mallorca,1,0,NG,No,0,0,Draw,5,4,9,Home Win,2,1,Home Win
24/08/2024,SP1,Barcelona,Ath Bilbao,2,1,GG,Yes,1,1,Draw,5,6,11,Away Win,4,5,Away Win
24/08/2024,SP1,Espanol,Sociedad,0,1,NG,No,0,0,Draw,7,4,11,Home Win,2,2,Draw
24/08/2024,SP1,Getafe,Vallecano,0,0,NG,No,0,0,Draw,3,2,5,Home Win,1,2,Away Win
25/08/2024,SP1,Real Madrid,Valladolid,3,0,NG,Yes,0,0,Draw,5,5,10,Draw,1,1,Draw
25/08/2024,SP1,Leganes,Las Palmas,2,1,GG,Yes,0,0,Draw,3,7,10,Away Win,1,1,Draw
25/08/2024,SP1,Alaves,Betis,0,0,NG,No,0,0,Draw,3,8,11,Away Win,1,4,Away Win
25/08/2024,SP1,Ath Madrid,Girona,3,0,NG,Yes,1,0,Home Win,1,9,10,Away Win,1,3,Away Win
26/08/2024,SP1,Villarreal,Celta,4,3,GG,Yes,1,2,Away Win,7,4,11,Home Win,4,3,Home Win
27/08/2024,SP1,Mallorca,Sevilla,0,0,NG,No,0,0,Draw,5,9,14,Away Win,0,1,Away Win
27/08/2024,SP1,Vallecano,Barcelona,1,2,GG,Yes,1,0,Home Win,6,6,12,Draw,3,1,Home Win
28/08/2024,SP1,Ath Bilbao,Valencia,1,0,NG,No,1,0,Home Win,5,3,8,Home Win,1,3,Away Win
28/08/2024,SP1,Valladolid,Leganes,0,0,NG,No,0,0,Draw,4,4,8,Draw,1,5,Away Win
28/08/2024,SP1,Ath Madrid,Espanol,0,0,NG,No,0,0,Draw,9,3,12,Home Win,0,2,Away Win
28/08/2024,SP1,Sociedad,Alaves,1,2,GG,Yes,1,1,Draw,8,6,14,Home Win,4,4,Draw
29/08/2024,SP1,Girona,Osasuna,4,0,NG,Yes,1,0,Home Win,5,0,5,Home Win,0,0,Draw
29/08/2024,SP1,Las Palmas,Real Madrid,1,1,GG,No,1,0,Home Win,2,6,8,Away Win,0,2,Away Win
31/08/2024,SP1,Barcelona,Valladolid,7,0,NG,Yes,3,0,Home Win,10,1,11,Home Win,0,3,Away Win
31/08/2024,SP1,Ath Bilbao,Ath Madrid,0,1,NG,No,0,0,Draw,2,2,4,Draw,3,1,Home Win
31/08/2024,SP1,Espanol,Vallecano,2,1,GG,Yes,1,1,Draw,3,7,10,Away Win,3,2,Home Win
31/08/2024,SP1,Leganes,Mallorca,0,1,NG,No,0,1,Away Win,1,3,4,Away Win,1,3,Away Win
31/08/2024,SP1,Valencia,Villarreal,1,1,GG,No,1,1,Draw,14,3,17,Home Win,3,5,Away Win
01/09/2024,SP1,Alaves,Las Palmas,2,0,NG,No,1,0,Home Win,6,5,11,Home Win,3,0,Home Win
01/09/2024,SP1,Osasuna,Celta,3,2,GG,Yes,2,1,Home Win,6,3,9,Home Win,2,0,Home Win
01/09/2024,SP1,Sevilla,Girona,0,2,NG,No,0,1,Away Win,7,5,12,Home Win,3,2,Home Win
01/09/2024,SP1,Getafe,Sociedad,0,0,NG,No,0,0,Draw,4,1,5,Home Win,1,1,Draw
01/09/2024,SP1,Real Madrid,Betis,2,0,NG,No,0,0,Draw,7,3,10,Home Win,2,0,Home Win
13/09/2024,SP1,Betis,Leganes,2,0,NG,No,0,0,Draw,11,1,12,Home Win,1,2,Away Win
14/09/2024,SP1,Mallorca,Villarreal,1,2,GG,Yes,0,1,Away Win,7,6,13,Home Win,3,3,Draw
14/09/2024,SP1,Espanol,Alaves,3,2,GG,Yes,1,1,Draw,0,5,5,Away Win,2,3,Away Win
14/09/2024,SP1,Sevilla,Getafe,1,0,NG,No,1,0,Home Win,3,4,7,Away Win,3,4,Away Win
14/09/2024,SP1,Sociedad,Real Madrid,0,2,NG,No,0,0,Draw,6,6,12,Draw,4,1,Home Win
15/09/2024,SP1,Celta,Valladolid,3,1,GG,Yes,2,0,Home Win,5,3,8,Home Win,3,5,Away Win
15/09/2024,SP1,Girona,Barcelona,1,4,GG,Yes,0,2,Away Win,1,6,7,Away Win,3,2,Home Win
15/09/2024,SP1,Las Palmas,Ath Bilbao,2,3,GG,Yes,0,2,Away Win,9,3,12,Home Win,1,2,Away Win
15/09/2024,SP1,Ath Madrid,Valencia,3,0,NG,Yes,1,0,Home Win,7,3,10,Home Win,1,2,Away Win
16/09/2024,SP1,Vallecano,Osasuna,3,1,GG,Yes,0,1,Away Win,7,4,11,Home Win,3,2,Home Win
17/09/2024,SP1,Mallorca,Sociedad,1,0,NG,No,1,0,Home Win,5,5,10,Draw,1,1,Draw
18/09/2024,SP1,Betis,Getafe,2,1,GG,Yes,0,0,Draw,8,4,12,Home Win,3,5,Away Win
19/09/2024,SP1,Leganes,Ath Bilbao,0,2,NG,No,0,0,Draw,4,7,11,Away Win,3,0,Home Win
20/09/2024,SP1,Alaves,Sevilla,2,1,GG,Yes,1,0,Home Win,3,5,8,Away Win,1,4,Away Win
21/09/2024,SP1,Valladolid,Sociedad,0,0,NG,No,0,0,Draw,5,7,12,Away Win,4,4,Draw
21/09/2024,SP1,Osasuna,Las Palmas,2,1,GG,Yes,1,1,Draw,2,4,6,Away Win,2,5,Away Win
21/09/2024,SP1,Valencia,Girona,2,0,NG,No,0,0,Draw,5,4,9,Home Win,3,2,Home Win
21/09/2024,SP1,Real Madrid,Espanol,4,1,GG,Yes,0,0,Draw,9,4,13,Home Win,4,3,Home Win
22/09/2024,SP1,Getafe,Leganes,1,1,GG,No,0,0,Draw,6,2,8,Home Win,3,2,Home Win
22/09/2024,SP1,Ath Bilbao,Celta,3,1,GG,Yes,2,1,Home Win,3,6,9,Away Win,3,2,Home Win
22/09/2024,SP1,Villarreal,Barcelona,1,5,GG,Yes,1,2,Away Win,7,3,10,Home Win,6,1,Home Win
22/09/2024,SP1,Vallecano,Ath Madrid,1,1,GG,No,1,0,Home Win,3,4,7,Away Win,0,0,Draw
23/09/2024,SP1,Betis,Mallorca,1,2,GG,Yes,1,1,Draw,6,3,9,Home Win,3,2,Home Win
24/09/2024,SP1,Sevilla,Valladolid,2,1,GG,Yes,1,0,Home Win,6,4,10,Home Win,5,4,Home Win
24/09/2024,SP1,Valencia,Osasuna,0,0,NG,No,0,0,Draw,10,5,15,Home Win,2,3,Away Win
24/09/2024,SP1,Real Madrid,Alaves,3,2,GG,Yes,2,0,Home Win,4,4,8,Draw,4,0,Home Win
25/09/2024,SP1,Girona,Vallecano,0,0,NG,No,0,0,Draw,4,3,7,Home Win,3,4,Away Win
25/09/2024,SP1,Barcelona,Getafe,1,0,NG,No,1,0,Home Win,7,5,12,Home Win,1,1,Draw
26/09/2024,SP1,Espanol,Villarreal,1,2,GG,Yes,1,1,Draw,4,1,5,Home Win,5,3,Home Win
26/09/2024,SP1,Las Palmas,Betis,1,1,GG,No,1,1,Draw,1,4,5,Away Win,4,2,Home Win
26/09/2024,SP1,Celta,Ath Madrid,0,1,NG,No,0,0,Draw,2,3,5,Away Win,2,2,Draw
27/09/2024,SP1,Valladolid,Mallorca,1,2,GG,Yes,0,0,Draw,7,4,11,Home Win,3,2,Home Win
28/09/2024,SP1,Getafe,Alaves,2,0,NG,No,1,0,Home Win,2,2,4,Draw,3,6,Away Win
28/09/2024,SP1,Vallecano,Leganes,1,1,GG,No,1,0,Home Win,5,5,10,Draw,2,1,Home Win
28/09/2024,SP1,Sociedad,Valencia,3,0,NG,Yes,1,0,Home Win,6,4,10,Home Win,0,0,Draw
28/09/2024,SP1,Osasuna,Barcelona,4,2,GG,Yes,2,0,Home Win,5,8,13,Away Win,2,2,Draw
29/09/2024,SP1,Celta,Girona,1,1,GG,No,0,1,Away Win,4,4,8,Draw,1,0,Home Win
29/09/2024,SP1,Ath Bilbao,Sevilla,1,1,GG,No,1,0,Home Win,4,7,11,Away Win,0,3,Away Win
29/09/2024,SP1,Betis,Espanol,1,0,NG,No,0,0,Draw,8,4,12,Home Win,2,4,Away Win
29/09/2024,SP1,Ath Madrid,Real Madrid,1,1,GG,No,0,0,Draw,5,5,10,Draw,3,1,Home Win
30/09/2024,SP1,Villarreal,Las Palmas,3,1,GG,Yes,1,0,Home Win,3,2,5,Home Win,0,3,Away Win
04/10/2024,SP1,Leganes,Valencia,0,0,NG,No,0,0,Draw,1,2,3,Away Win,2,2,Draw
05/10/2024,SP1,Espanol,Mallorca,2,1,GG,Yes,1,0,Home Win,4,6,10,Away Win,1,5,Away Win
05/10/2024,SP1,Getafe,Osasuna,1,1,GG,No,1,0,Home Win,4,2,6,Home Win,2,4,Away Win
05/10/2024,SP1,Las Palmas,Celta,0,1,NG,No,0,1,Away Win,11,2,13,Home Win,3,8,Away Win
05/10/2024,SP1,Valladolid,Vallecano,1,2,GG,Yes,0,0,Draw,5,13,18,Away Win,4,2,Home Win
05/10/2024,SP1,Real Madrid,Villarreal,2,0,NG,No,1,0,Home Win,2,5,7,Away Win,0,1,Away Win
06/10/2024,SP1,Girona,Ath Bilbao,2,1,GG,Yes,1,1,Draw,6,1,7,Home Win,4,3,Home Win
06/10/2024,SP1,Alaves,Barcelona,0,3,NG,Yes,0,3,Away Win,11,3,14,Home Win,2,2,Draw
06/10/2024,SP1,Sevilla,Betis,1,0,NG,No,0,0,Draw,4,1,5,Home Win,6,3,Home Win
06/10/2024,SP1,Sociedad,Ath Madrid,1,1,GG,No,0,1,Away Win,5,1,6,Home Win,0,2,Away Win
18/10/2024,SP1,Alaves,Valladolid,2,3,GG,Yes,1,1,Draw,5,6,11,Away Win,6,2,Home Win
19/10/2024,SP1,Ath Bilbao,Espanol,4,1,GG,Yes,3,0,Home Win,5,5,10,Draw,2,3,Away Win
19/10/2024,SP1,Osasuna,Betis,1,2,GG,Yes,0,1,Away Win,10,2,12,Home Win,2,1,Home Win
19/10/2024,SP1,Girona,Sociedad,0,1,NG,No,0,1,Away Win,6,6,12,Draw,2,1,Home Win
19/10/2024,SP1,Celta,Real Madrid,1,2,GG,Yes,0,1,Away Win,6,2,8,Home Win,2,1,Home Win
20/10/2024,SP1,Mallorca,Vallecano,1,0,NG,No,0,0,Draw,9,2,11,Home Win,1,1,Draw
20/10/2024,SP1,Ath Madrid,Leganes,3,1,GG,Yes,0,1,Away Win,8,2,10,Home Win,5,1,Home Win
20/10/2024,SP1,Villarreal,Getafe,1,1,GG,No,1,0,Home Win,5,5,10,Draw,4,3,Home Win
20/10/2024,SP1,Barcelona,Sevilla,5,1,GG,Yes,3,0,Home Win,5,5,10,Draw,1,2,Away Win
21/10/2024,SP1,Valencia,Las Palmas,2,3,GG,Yes,1,1,Draw,11,2,13,Home Win,4,9,Away Win
25/10/2024,SP1,Espanol,Sevilla,0,2,NG,No,0,2,Away Win,13,2,15,Home Win,2,0,Home Win
26/10/2024,SP1,Valladolid,Villarreal,1,2,GG,Yes,0,1,Away Win,4,6,10,Away Win,4,3,Home Win
26/10/2024,SP1,Vallecano,Alaves,1,0,NG,No,0,0,Draw,6,2,8,Home Win,2,4,Away Win
26/10/2024,SP1,Las Palmas,Girona,1,0,NG,No,1,0,Home Win,3,5,8,Away Win,4,5,Away Win
26/10/2024,SP1,Real Madrid,Barcelona,0,4,NG,Yes,0,0,Draw,10,3,13,Home Win,2,5,Away Win
27/10/2024,SP1,Leganes,Celta,3,0,NG,Yes,0,0,Draw,4,2,6,Home Win,2,2,Draw
27/10/2024,SP1,Getafe,Valencia,1,1,GG,No,0,1,Away Win,8,2,10,Home Win,3,7,Away Win
27/10/2024,SP1,Betis,Ath Madrid,1,0,NG,No,1,0,Home Win,3,10,13,Away Win,3,2,Home Win
27/10/2024,SP1,Sociedad,Osasuna,0,2,NG,No,0,2,Away Win,14,4,18,Home Win,3,4,Away Win
28/10/2024,SP1,Mallorca,Ath Bilbao,0,0,NG,No,0,0,Draw,1,14,15,Away Win,5,1,Home Win
01/11/2024,SP1,Alaves,Mallorca,1,0,NG,No,0,0,Draw,7,2,9,Home Win,3,2,Home Win
02/11/2024,SP1,Osasuna,Valladolid,1,0,NG,No,1,0,Home Win,7,2,9,Home Win,1,5,Away Win
02/11/2024,SP1,Girona,Leganes,4,3,GG,Yes,2,2,Draw,6,1,7,Home Win,2,4,Away Win
03/11/2024,SP1,Ath Madrid,Las Palmas,2,0,NG,No,1,0,Home Win,9,1,10,Home Win,1,1,Draw
03/11/2024,SP1,Barcelona,Espanol,3,1,GG,Yes,3,0,Home Win,9,5,14,Home Win,0,3,Away Win
03/11/2024,SP1,Sevilla,Sociedad,0,2,NG,No,0,1,Away Win,5,9,14,Away Win,2,1,Home Win
03/11/2024,SP1,Ath Bilbao,Betis,1,1,GG,No,0,0,Draw,6,2,8,Home Win,0,0,Draw
04/11/2024,SP1,Celta,Getafe,1,0,NG,No,1,0,Home Win,0,2,2,Away Win,1,4,Away Win
08/11/2024,SP1,Vallecano,Las Palmas,1,3,GG,Yes,0,1,Away Win,12,4,16,Home Win,1,3,Away Win
09/11/2024,SP1,Real Madrid,Osasuna,4,0,NG,Yes,2,0,Home Win,11,3,14,Home Win,0,2,Away Win
09/11/2024,SP1,Villarreal,Alaves,3,0,NG,Yes,1,0,Home Win,7,2,9,Home Win,1,3,Away Win
09/11/2024,SP1,Leganes,Sevilla,1,0,NG,No,0,0,Draw,0,6,6,Away Win,2,1,Home Win
10/11/2024,SP1,Betis,Celta,2,2,GG,Yes,1,1,Draw,2,0,2,Home Win,3,0,Home Win
10/11/2024,SP1,Mallorca,Ath Madrid,0,1,NG,No,0,0,Draw,7,2,9,Home Win,1,3,Away Win
10/11/2024,SP1,Getafe,Girona,0,1,NG,No,0,1,Away Win,5,2,7,Home Win,3,3,Draw
10/11/2024,SP1,Valladolid,Ath Bilbao,1,1,GG,No,0,0,Draw,5,5,10,Draw,4,4,Draw
10/11/2024,SP1,Sociedad,Barcelona,1,0,NG,No,1,0,Home Win,7,6,13,Home Win,3,1,Home Win
22/11/2024,SP1,Getafe,Valladolid,2,0,NG,No,0,0,Draw,3,2,5,Home Win,3,2,Home Win
23/11/2024,SP1,Valencia,Betis,4,2,GG,Yes,1,1,Draw,2,4,6,Away Win,4,2,Home Win
23/11/2024,SP1,Ath Madrid,Alaves,2,1,GG,Yes,0,1,Away Win,5,0,5,Home Win,3,3,Draw
23/11/2024,SP1,Girona,Espanol,4,1,GG,Yes,4,0,Home Win,6,3,9,Home Win,0,3,Away Win
23/11/2024,SP1,Las Palmas,Mallorca,2,3,GG,Yes,0,0,Draw,4,3,7,Home Win,4,2,Home Win
23/11/2024,SP1,Celta,Barcelona,2,2,GG,Yes,0,1,Away Win,5,1,6,Home Win,5,5,Draw
24/11/2024,SP1,Osasuna,Villarreal,2,2,GG,Yes,2,0,Home Win,0,8,8,Away Win,6,5,Home Win
24/11/2024,SP1,Sevilla,Vallecano,1,0,NG,No,1,0,Home Win,8,3,11,Home Win,2,5,Away Win
24/11/2024,SP1,Leganes,Real Madrid,0,3,NG,Yes,0,1,Away Win,2,4,6,Away Win,2,0,Home Win
24/11/2024,SP1,Ath Bilbao,Sociedad,1,0,NG,No,1,0,Home Win,4,4,8,Draw,3,4,Away Win
29/11/2024,SP1,Mallorca,Valencia,2,1,GG,Yes,1,1,Draw,3,6,9,Away Win,0,0,Draw
30/11/2024,SP1,Barcelona,Las Palmas,1,2,GG,Yes,0,0,Draw,7,0,7,Home Win,0,0,Draw
30/11/2024,SP1,Alaves,Leganes,1,1,GG,No,0,0,Draw,13,8,21,Home Win,1,4,Away Win
30/11/2024,SP1,Espanol,Celta,3,1,GG,Yes,1,0,Home Win,2,5,7,Away Win,2,2,Draw
30/11/2024,SP1,Valladolid,Ath Madrid,0,5,NG,Yes,0,3,Away Win,3,5,8,Away Win,1,2,Away Win
01/12/2024,SP1,Villarreal,Girona,2,2,GG,Yes,1,0,Home Win,1,5,6,Away Win,2,6,Away Win
01/12/2024,SP1,Real Madrid,Getafe,2,0,NG,No,2,0,Home Win,5,3,8,Home Win,2,6,Away Win
01/12/2024,SP1,Vallecano,Ath Bilbao,1,2,GG,Yes,1,0,Home Win,1,7,8,Away Win,3,0,Home Win
01/12/2024,SP1,Sociedad,Betis,2,0,NG,No,2,0,Home Win,0,4,4,Away Win,3,2,Home Win
02/12/2024,SP1,Sevilla,Osasuna,1,1,GG,No,0,0,Draw,5,1,6,Home Win,1,1,Draw
03/12/2024,SP1,Mallorca,Barcelona,1,5,GG,Yes,1,1,Draw,2,5,7,Away Win,4,3,Home Win
04/12/2024,SP1,Ath Bilbao,Real Madrid,2,1,GG,Yes,0,0,Draw,5,2,7,Home Win,3,3,Draw
06/12/2024,SP1,Celta,Mallorca,2,0,NG,No,1,0,Home Win,3,3,6,Draw,1,0,Home Win
07/12/2024,SP1,Las Palmas,Valladolid,2,1,GG,Yes,1,1,Draw,3,3,6,Draw,4,3,Home Win
07/12/2024,SP1,Betis,Barcelona,2,2,GG,Yes,0,1,Away Win,6,4,10,Home Win,1,2,Away Win
07/12/2024,SP1,Valencia,Vallecano,0,1,NG,No,0,1,Away Win,9,4,13,Home Win,2,2,Draw
07/12/2024,SP1,Girona,Real Madrid,0,3,NG,Yes,0,1,Away Win,6,3,9,Home Win,3,2,Home Win
08/12/2024,SP1,Leganes,Sociedad,0,3,NG,Yes,0,1,Away Win,5,3,8,Home Win,2,2,Draw
08/12/2024,SP1,Ath Bilbao,Villarreal,2,0,NG,No,1,0,Home Win,3,3,6,Draw,2,1,Home Win
08/12/2024,SP1,Osasuna,Alaves,2,2,GG,Yes,0,1,Away Win,8,3,11,Home Win,4,3,Home Win
08/12/2024,SP1,Ath Madrid,Sevilla,4,3,GG,Yes,1,2,Away Win,5,3,8,Home Win,4,3,Home Win
09/12/2024,SP1,Getafe,Espanol,1,0,NG,No,1,0,Home Win,3,3,6,Draw,3,6,Away Win
13/12/2024,SP1,Valladolid,Valencia,1,0,NG,No,1,0,Home Win,1,7,8,Away Win,4,3,Home Win
14/12/2024,SP1,Espanol,Osasuna,0,0,NG,No,0,0,Draw,5,4,9,Home Win,3,1,Home Win
14/12/2024,SP1,Mallorca,Girona,2,1,GG,Yes,1,1,Draw,2,4,6,Away Win,5,2,Home Win
14/12/2024,SP1,Sevilla,Celta,1,0,NG,No,0,0,Draw,3,4,7,Away Win,7,3,Home Win
14/12/2024,SP1,Vallecano,Real Madrid,3,3,GG,Yes,2,2,Draw,4,3,7,Home Win,4,2,Home Win
15/12/2024,SP1,Ath Madrid,Getafe,1,0,NG,No,0,0,Draw,8,3,11,Home Win,3,1,Home Win
15/12/2024,SP1,Alaves,Ath Bilbao,1,1,GG,No,0,1,Away Win,2,4,6,Away Win,2,2,Draw
15/12/2024,SP1,Sociedad,Las Palmas,0,0,NG,No,0,0,Draw,8,6,14,Home Win,2,3,Away Win
15/12/2024,SP1,Villarreal,Betis,1,2,GG,Yes,0,1,Away Win,5,5,10,Draw,5,2,Home Win
15/12/2024,SP1,Barcelona,Leganes,0,1,NG,No,0,1,Away Win,8,2,10,Home Win,0,2,Away Win
18/12/2024,SP1,Espanol,Valencia,1,1,GG,No,1,0,Home Win,4,7,11,Away Win,1,0,Home Win
18/12/2024,SP1,Villarreal,Vallecano,1,1,GG,No,1,1,Draw,7,7,14,Draw,4,3,Home Win
20/12/2024,SP1,Girona,Valladolid,3,0,NG,Yes,2,0,Home Win,9,1,10,Home Win,3,1,Home Win
21/12/2024,SP1,Getafe,Mallorca,0,1,NG,No,0,0,Draw,3,0,3,Home Win,4,3,Home Win
21/12/2024,SP1,Celta,Sociedad,2,0,NG,No,2,0,Home Win,5,7,12,Away Win,3,5,Away Win
21/12/2024,SP1,Osasuna,Ath Bilbao,1,2,GG,Yes,1,1,Draw,4,4,8,Draw,0,1,Away Win
21/12/2024,SP1,Barcelona,Ath Madrid,1,2,GG,Yes,1,0,Home Win,11,3,14,Home Win,0,3,Away Win
22/12/2024,SP1,Valencia,Alaves,2,2,GG,Yes,0,1,Away Win,5,4,9,Home Win,2,1,Home Win
22/12/2024,SP1,Real Madrid,Sevilla,4,2,GG,Yes,3,1,Home Win,6,6,12,Draw,1,2,Away Win
22/12/2024,SP1,Las Palmas,Espanol,1,0,NG,No,0,0,Draw,2,2,4,Draw,4,2,Home Win
22/12/2024,SP1,Leganes,Villarreal,2,5,GG,Yes,2,2,Draw,1,5,6,Away Win,1,2,Away Win
22/12/2024,SP1,Betis,Vallecano,1,1,GG,No,1,0,Home Win,5,5,10,Draw,0,4,Away Win
03/01/2025,SP1,Valencia,Real Madrid,1,2,GG,Yes,1,0,Home Win,2,5,7,Away Win,2,3,Away Win
10/01/2025,SP1,Vallecano,Celta,2,1,GG,Yes,1,1,Draw,3,3,6,Draw,2,3,Away Win
11/01/2025,SP1,Alaves,Girona,0,1,NG,No,0,0,Draw,6,3,9,Home Win,1,4,Away Win
11/01/2025,SP1,Valladolid,Betis,1,0,NG,No,0,0,Draw,1,8,9,Away Win,2,4,Away Win
11/01/2025,SP1,Espanol,Leganes,1,1,GG,No,1,1,Draw,8,4,12,Home Win,2,2,Draw
11/01/2025,SP1,Sevilla,Valencia,1,1,GG,No,0,0,Draw,10,1,11,Home Win,1,2,Away Win
12/01/2025,SP1,Las Palmas,Getafe,1,2,GG,Yes,0,0,Draw,4,5,9,Away Win,2,3,Away Win
12/01/2025,SP1,Ath Madrid,Osasuna,1,0,NG,No,0,0,Draw,4,0,4,Home Win,2,0,Home Win
13/01/2025,SP1,Sociedad,Villarreal,1,0,NG,No,0,0,Draw,3,7,10,Away Win,4,2,Home Win
17/01/2025,SP1,Espanol,Valladolid,2,1,GG,Yes,1,0,Home Win,1,7,8,Away Win,2,2,Draw
18/01/2025,SP1,Girona,Sevilla,1,2,GG,Yes,1,0,Home Win,7,4,11,Home Win,0,4,Away Win
18/01/2025,SP1,Leganes,Ath Madrid,1,0,NG,No,0,0,Draw,2,9,11,Away Win,1,3,Away Win
18/01/2025,SP1,Betis,Alaves,1,3,GG,Yes,1,1,Draw,2,3,5,Away Win,4,5,Away Win
18/01/2025,SP1,Getafe,Barcelona,1,1,GG,No,1,1,Draw,2,10,12,Away Win,3,2,Home Win
19/01/2025,SP1,Celta,Ath Bilbao,1,2,GG,Yes,0,0,Draw,3,4,7,Away Win,0,0,Draw
19/01/2025,SP1,Real Madrid,Las Palmas,4,1,GG,Yes,3,1,Home Win,8,2,10,Home Win,0,1,Away Win
19/01/2025,SP1,Osasuna,Vallecano,1,1,GG,No,0,1,Away Win,6,3,9,Home Win,3,2,Home Win
19/01/2025,SP1,Valencia,Sociedad,1,0,NG,No,1,0,Home Win,4,7,11,Away Win,3,4,Away Win
20/01/2025,SP1,Villarreal,Mallorca,4,0,NG,Yes,4,0,Home Win,6,5,11,Home Win,1,3,Away Win
24/01/2025,SP1,Las Palmas,Osasuna,1,1,GG,No,0,0,Draw,4,2,6,Home Win,7,8,Away Win
25/01/2025,SP1,Mallorca,Betis,0,1,NG,No,0,0,Draw,4,4,8,Draw,2,2,Draw
25/01/2025,SP1,Ath Madrid,Villarreal,1,1,GG,No,0,1,Away Win,5,6,11,Away Win,4,2,Home Win
25/01/2025,SP1,Sevilla,Espanol,1,1,GG,No,0,1,Away Win,5,1,6,Home Win,1,4,Away Win
25/01/2025,SP1,Valladolid,Real Madrid,0,3,NG,Yes,0,1,Away Win,1,7,8,Away Win,3,3,Draw
26/01/2025,SP1,Vallecano,Girona,2,1,GG,Yes,0,0,Draw,4,1,5,Home Win,3,1,Home Win
26/01/2025,SP1,Sociedad,Getafe,0,3,NG,Yes,0,0,Draw,5,2,7,Home Win,3,6,Away Win
26/01/2025,SP1,Ath Bilbao,Leganes,0,0,NG,No,0,0,Draw,16,1,17,Home Win,1,1,Draw
26/01/2025,SP1,Barcelona,Valencia,7,1,GG,Yes,5,0,Home Win,14,4,18,Home Win,0,1,Away Win
27/01/2025,SP1,Alaves,Celta,1,1,GG,No,1,0,Home Win,3,4,7,Away Win,2,3,Away Win
31/01/2025,SP1,Leganes,Vallecano,0,1,NG,No,0,0,Draw,2,9,11,Away Win,2,4,Away Win
01/02/2025,SP1,Getafe,Sevilla,0,0,NG,No,0,0,Draw,6,5,11,Home Win,4,6,Away Win
01/02/2025,SP1,Villarreal,Valladolid,5,1,GG,Yes,1,0,Home Win,3,6,9,Away Win,1,2,Away Win
01/02/2025,SP1,Ath Madrid,Mallorca,2,0,NG,No,1,0,Home Win,10,4,14,Home Win,2,3,Away Win
01/02/2025,SP1,Espanol,Real Madrid,1,0,NG,No,0,0,Draw,1,8,9,Away Win,2,0,Home Win
02/02/2025,SP1,Barcelona,Alaves,1,0,NG,No,0,0,Draw,5,2,7,Home Win,5,2,Home Win
02/02/2025,SP1,Valencia,Celta,2,1,GG,Yes,1,0,Home Win,5,2,7,Home Win,1,2,Away Win
02/02/2025,SP1,Osasuna,Sociedad,2,1,GG,Yes,1,0,Home Win,3,5,8,Away Win,3,3,Draw
02/02/2025,SP1,Betis,Ath Bilbao,2,2,GG,Yes,2,1,Home Win,3,7,10,Away Win,3,1,Home Win
03/02/2025,SP1,Girona,Las Palmas,2,1,GG,Yes,1,0,Home Win,11,3,14,Home Win,2,2,Draw
07/02/2025,SP1,Vallecano,Valladolid,1,0,NG,No,0,0,Draw,4,2,6,Home Win,2,2,Draw
08/02/2025,SP1,Celta,Betis,3,2,GG,Yes,0,2,Away Win,4,7,11,Away Win,3,5,Away Win
08/02/2025,SP1,Ath Bilbao,Girona,3,0,NG,Yes,2,0,Home Win,11,2,13,Home Win,0,4,Away Win
08/02/2025,SP1,Las Palmas,Villarreal,1,2,GG,Yes,0,0,Draw,6,5,11,Home Win,6,3,Home Win
08/02/2025,SP1,Real Madrid,Ath Madrid,1,1,GG,No,0,1,Away Win,6,1,7,Home Win,1,3,Away Win
09/02/2025,SP1,Alaves,Getafe,0,1,NG,No,0,1,Away Win,8,3,11,Home Win,2,6,Away Win
09/02/2025,SP1,Valencia,Leganes,2,0,NG,No,2,0,Home Win,9,3,12,Home Win,1,1,Draw
09/02/2025,SP1,Sociedad,Espanol,2,1,GG,Yes,1,0,Home Win,6,0,6,Home Win,1,2,Away Win
09/02/2025,SP1,Sevilla,Barcelona,1,4,GG,Yes,1,1,Draw,5,6,11,Away Win,5,2,Home Win
10/02/2025,SP1,Mallorca,Osasuna,1,1,GG,No,0,0,Draw,7,11,18,Away Win,1,4,Away Win
14/02/2025,SP1,Girona,Getafe,1,2,GG,Yes,0,1,Away Win,3,3,6,Draw,2,3,Away Win
15/02/2025,SP1,Leganes,Alaves,3,3,GG,Yes,2,1,Home Win,3,2,5,Home Win,4,5,Away Win
15/02/2025,SP1,Osasuna,Real Madrid,1,1,GG,No,0,1,Away Win,6,2,8,Home Win,3,1,Home Win
15/02/2025,SP1,Ath Madrid,Celta,1,1,GG,No,0,0,Draw,2,7,9,Away Win,3,5,Away Win
15/02/2025,SP1,Villarreal,Valencia,1,1,GG,No,1,0,Home Win,4,5,9,Away Win,0,5,Away Win
16/02/2025,SP1,Espanol,Ath Bilbao,1,1,GG,No,0,0,Draw,2,7,9,Away Win,1,1,Draw
16/02/2025,SP1,Valladolid,Sevilla,0,4,NG,Yes,0,2,Away Win,3,2,5,Home Win,4,2,Home Win
16/02/2025,SP1,Mallorca,Las Palmas,3,1,GG,Yes,3,0,Home Win,3,5,8,Away Win,1,4,Away Win
16/02/2025,SP1,Betis,Sociedad,3,0,NG,Yes,0,0,Draw,5,5,10,Draw,0,2,Away Win
17/02/2025,SP1,Barcelona,Vallecano,1,0,NG,No,1,0,Home Win,4,5,9,Away Win,2,3,Away Win
21/02/2025,SP1,Celta,Osasuna,1,0,NG,No,0,0,Draw,5,4,9,Home Win,1,0,Home Win
22/02/2025,SP1,Alaves,Espanol,0,1,NG,No,0,0,Draw,7,0,7,Home Win,2,2,Draw
22/02/2025,SP1,Vallecano,Villarreal,0,1,NG,No,0,0,Draw,3,5,8,Away Win,1,4,Away Win
22/02/2025,SP1,Valencia,Ath Madrid,0,3,NG,Yes,0,2,Away Win,7,0,7,Home Win,1,3,Away Win
22/02/2025,SP1,Las Palmas,Barcelona,0,2,NG,No,0,0,Draw,5,3,8,Home Win,1,1,Draw
23/02/2025,SP1,Ath Bilbao,Valladolid,7,1,GG,Yes,4,0,Home Win,4,4,8,Draw,2,3,Away Win
23/02/2025,SP1,Real Madrid,Girona,2,0,NG,No,1,0,Home Win,11,5,16,Home Win,0,2,Away Win
23/02/2025,SP1,Getafe,Betis,1,2,GG,Yes,0,1,Away Win,2,5,7,Away Win,3,0,Home Win
23/02/2025,SP1,Sociedad,Leganes,3,0,NG,Yes,1,0,Home Win,3,3,6,Draw,3,3,Draw
24/02/2025,SP1,Sevilla,Mallorca,1,1,GG,No,1,0,Home Win,4,4,8,Draw,1,3,Away Win
28/02/2025,SP1,Valladolid,Las Palmas,1,1,GG,No,0,1,Away Win,13,4,17,Home Win,2,1,Home Win
01/03/2025,SP1,Girona,Celta,2,2,GG,Yes,1,1,Draw,4,2,6,Home Win,0,0,Draw
01/03/2025,SP1,Vallecano,Sevilla,1,1,GG,No,0,0,Draw,6,6,12,Draw,1,0,Home Win
01/03/2025,SP1,Betis,Real Madrid,2,1,GG,Yes,1,1,Draw,9,2,11,Home Win,3,4,Away Win
01/03/2025,SP1,Ath Madrid,Ath Bilbao,1,0,NG,No,0,0,Draw,6,2,8,Home Win,2,3,Away Win
02/03/2025,SP1,Leganes,Getafe,1,0,NG,No,0,0,Draw,2,6,8,Away Win,1,1,Draw
02/03/2025,SP1,Barcelona,Sociedad,4,0,NG,Yes,2,0,Home Win,12,0,12,Home Win,0,0,Draw
02/03/2025,SP1,Mallorca,Alaves,1,1,GG,No,1,0,Home Win,3,9,12,Away Win,0,2,Away Win
02/03/2025,SP1,Osasuna,Valencia,3,3,GG,Yes,3,2,Home Win,3,3,6,Draw,2,1,Home Win
08/03/2025,SP1,Celta,Leganes,2,1,GG,Yes,2,1,Home Win,2,5,7,Away Win,3,2,Home Win
08/03/2025,SP1,Alaves,Villarreal,1,0,NG,No,1,0,Home Win,1,6,7,Away Win,3,1,Home Win
08/03/2025,SP1,Valencia,Valladolid,2,1,GG,Yes,1,1,Draw,5,4,9,Home Win,1,3,Away Win
09/03/2025,SP1,Getafe,Ath Madrid,2,1,GG,Yes,0,0,Draw,4,4,8,Draw,6,2,Home Win
09/03/2025,SP1,Real Madrid,Vallecano,2,1,GG,Yes,2,1,Home Win,4,6,10,Away Win,3,1,Home Win
09/03/2025,SP1,Ath Bilbao,Mallorca,1,1,GG,No,0,0,Draw,3,3,6,Draw,1,3,Away Win
09/03/2025,SP1,Betis,Las Palmas,1,0,NG,No,0,0,Draw,11,1,12,Home Win,2,8,Away Win
09/03/2025,SP1,Sociedad,Sevilla,0,1,NG,No,0,0,Draw,6,3,9,Home Win,2,1,Home Win
10/03/2025,SP1,Espanol,Girona,1,1,GG,No,0,0,Draw,4,9,13,Away Win,3,3,Draw
14/03/2025,SP1,Las Palmas,Alaves,2,2,GG,Yes,0,1,Away Win,4,5,9,Away Win,5,5,Draw
15/03/2025,SP1,Valladolid,Celta,0,1,NG,No,0,0,Draw,3,4,7,Away Win,3,3,Draw
15/03/2025,SP1,Mallorca,Espanol,2,1,GG,Yes,0,0,Draw,6,2,8,Home Win,0,2,Away Win
15/03/2025,SP1,Villarreal,Real Madrid,1,2,GG,Yes,1,2,Away Win,11,4,15,Home Win,2,1,Home Win
15/03/2025,SP1,Girona,Valencia,1,1,GG,No,0,0,Draw,9,4,13,Home Win,2,1,Home Win
16/03/2025,SP1,Leganes,Betis,2,3,GG,Yes,2,0,Home Win,3,7,10,Away Win,2,1,Home Win
16/03/2025,SP1,Sevilla,Ath Bilbao,0,1,NG,No,0,0,Draw,4,6,10,Away Win,4,2,Home Win
16/03/2025,SP1,Osasuna,Getafe,1,2,GG,Yes,1,0,Home Win,3,2,5,Home Win,2,3,Away Win
16/03/2025,SP1,Vallecano,Sociedad,2,2,GG,Yes,0,1,Away Win,4,4,8,Draw,3,2,Home Win
16/03/2025,SP1,Ath Madrid,Barcelona,2,4,GG,Yes,1,0,Home Win,6,6,12,Draw,1,3,Away Win
27/03/2025,SP1,Barcelona,Osasuna,3,0,NG,Yes,2,0,Home Win,8,4,12,Home Win,1,3,Away Win
29/03/2025,SP1,Sociedad,Valladolid,2,1,GG,Yes,1,0,Home Win,3,6,9,Away Win,2,3,Away Win
29/03/2025,SP1,Espanol,Ath Madrid,1,1,GG,No,0,1,Away Win,4,3,7,Home Win,2,1,Home Win
29/03/2025,SP1,Alaves,Vallecano,0,2,NG,No,0,1,Away Win,8,5,13,Home Win,3,5,Away Win
29/03/2025,SP1,Real Madrid,Leganes,3,2,GG,Yes,1,2,Away Win,8,3,11,Home Win,1,4,Away Win
30/03/2025,SP1,Getafe,Villarreal,1,2,GG,Yes,1,2,Away Win,3,1,4,Home Win,1,4,Away Win
30/03/2025,SP1,Barcelona,Girona,4,1,GG,Yes,1,0,Home Win,10,2,12,Home Win,0,1,Away Win
30/03/2025,SP1,Ath Bilbao,Osasuna,0,0,NG,No,0,0,Draw,3,4,7,Away Win,1,1,Draw
30/03/2025,SP1,Valencia,Mallorca,1,0,NG,No,0,0,Draw,4,5,9,Away Win,5,5,Draw
30/03/2025,SP1,Betis,Sevilla,2,1,GG,Yes,2,1,Home Win,2,2,4,Draw,4,4,Draw
31/03/2025,SP1,Celta,Las Palmas,1,1,GG,No,1,0,Home Win,4,2,6,Home Win,3,0,Home Win
04/04/2025,SP1,Vallecano,Espanol,0,4,NG,Yes,0,2,Away Win,8,4,12,Home Win,2,2,Draw
05/04/2025,SP1,Girona,Alaves,0,1,NG,No,0,0,Draw,1,5,6,Away Win,1,4,Away Win
05/04/2025,SP1,Real Madrid,Valencia,1,2,GG,Yes,0,1,Away Win,9,4,13,Home Win,0,4,Away Win
05/04/2025,SP1,Mallorca,Celta,1,2,GG,Yes,1,0,Home Win,4,2,6,Home Win,3,0,Home Win
05/04/2025,SP1,Barcelona,Betis,1,1,GG,No,1,1,Draw,9,3,12,Home Win,2,1,Home Win
06/04/2025,SP1,Las Palmas,Sociedad,1,3,GG,Yes,0,1,Away Win,5,4,9,Home Win,0,2,Away Win
06/04/2025,SP1,Sevilla,Ath Madrid,1,2,GG,Yes,1,1,Draw,7,7,14,Draw,1,4,Away Win
06/04/2025,SP1,Valladolid,Getafe,0,4,NG,Yes,0,3,Away Win,3,4,7,Away Win,3,1,Home Win
06/04/2025,SP1,Villarreal,Ath Bilbao,0,0,NG,No,0,0,Draw,6,5,11,Home Win,0,1,Away Win
07/04/2025,SP1,Leganes,Osasuna,1,1,GG,No,0,0,Draw,4,8,12,Away Win,3,3,Draw
11/04/2025,SP1,Valencia,Sevilla,1,0,NG,No,1,0,Home Win,3,3,6,Draw,3,2,Home Win
12/04/2025,SP1,Sociedad,Mallorca,0,2,NG,No,0,1,Away Win,8,2,10,Home Win,3,1,Home Win
12/04/2025,SP1,Getafe,Las Palmas,1,3,GG,Yes,1,0,Home Win,3,2,5,Home Win,0,2,Away Win
12/04/2025,SP1,Celta,Espanol,0,2,NG,No,0,1,Away Win,13,5,18,Home Win,2,2,Draw
12/04/2025,SP1,Leganes,Barcelona,0,1,NG,No,0,0,Draw,4,8,12,Away Win,2,1,Home Win
13/04/2025,SP1,Osasuna,Girona,2,1,GG,Yes,1,0,Home Win,4,4,8,Draw,2,0,Home Win
13/04/2025,SP1,Alaves,Real Madrid,0,1,NG,No,0,1,Away Win,4,4,8,Draw,4,4,Draw
13/04/2025,SP1,Betis,Villarreal,1,2,GG,Yes,1,1,Draw,5,5,10,Draw,0,4,Away Win
13/04/2025,SP1,Ath Bilbao,Vallecano,3,1,GG,Yes,0,1,Away Win,7,1,8,Home Win,4,3,Home Win
14/04/2025,SP1,Ath Madrid,Valladolid,4,2,GG,Yes,2,1,Home Win,5,1,6,Home Win,1,1,Draw
18/04/2025,SP1,Espanol,Getafe,1,0,NG,No,1,0,Home Win,6,8,14,Away Win,0,2,Away Win
19/04/2025,SP1,Vallecano,Valencia,1,1,GG,No,1,0,Home Win,5,2,7,Home Win,3,1,Home Win
19/04/2025,SP1,Barcelona,Celta,4,3,GG,Yes,1,1,Draw,4,1,5,Home Win,2,2,Draw
19/04/2025,SP1,Mallorca,Leganes,0,0,NG,No,0,0,Draw,4,4,8,Draw,2,1,Home Win
19/04/2025,SP1,Las Palmas,Ath Madrid,1,0,NG,No,0,0,Draw,4,4,8,Draw,3,1,Home Win
20/04/2025,SP1,Valladolid,Osasuna,2,3,GG,Yes,0,2,Away Win,5,2,7,Home Win,2,0,Home Win
20/04/2025,SP1,Villarreal,Sociedad,2,2,GG,Yes,1,1,Draw,10,4,14,Home Win,5,1,Home Win
20/04/2025,SP1,Sevilla,Alaves,1,1,GG,No,1,1,Draw,3,6,9,Away Win,2,2,Draw
20/04/2025,SP1,Real Madrid,Ath Bilbao,1,0,NG,No,0,0,Draw,14,1,15,Home Win,1,2,Away Win
21/04/2025,SP1,Girona,Betis,1,3,GG,Yes,0,3,Away Win,8,9,17,Away Win,3,2,Home Win
22/04/2025,SP1,Valencia,Espanol,1,1,GG,No,0,1,Away Win,6,4,10,Home Win,2,1,Home Win
22/04/2025,SP1,Barcelona,Mallorca,1,0,NG,No,0,0,Draw,13,2,15,Home Win,0,1,Away Win
23/04/2025,SP1,Ath Bilbao,Las Palmas,1,0,NG,No,1,0,Home Win,3,3,6,Draw,1,3,Away Win
23/04/2025,SP1,Celta,Villarreal,3,0,NG,Yes,1,0,Home Win,6,3,9,Home Win,2,1,Home Win
23/04/2025,SP1,Alaves,Sociedad,1,0,NG,No,0,0,Draw,6,6,12,Draw,4,5,Away Win
23/04/2025,SP1,Getafe,Real Madrid,0,1,NG,No,0,1,Away Win,4,4,8,Draw,3,1,Home Win
24/04/2025,SP1,Leganes,Girona,1,1,GG,No,0,0,Draw,4,5,9,Away Win,4,2,Home Win
24/04/2025,SP1,Osasuna,Sevilla,1,0,NG,No,1,0,Home Win,4,4,8,Draw,4,2,Home Win
24/04/2025,SP1,Ath Madrid,Vallecano,3,0,NG,Yes,2,0,Home Win,6,3,9,Home Win,0,2,Away Win
24/04/2025,SP1,Betis,Valladolid,5,1,GG,Yes,1,1,Draw,4,4,8,Draw,1,0,Home Win
27/04/2025,SP1,Villarreal,Espanol,1,0,NG,No,0,0,Draw,8,6,14,Home Win,4,0,Home Win
02/05/2025,SP1,Vallecano,Getafe,1,0,NG,No,1,0,Home Win,7,3,10,Home Win,3,2,Home Win
03/05/2025,SP1,Alaves,Ath Madrid,0,0,NG,No,0,0,Draw,3,5,8,Away Win,3,2,Home Win
03/05/2025,SP1,Villarreal,Osasuna,4,2,GG,Yes,3,0,Home Win,2,8,10,Away Win,4,1,Home Win
03/05/2025,SP1,Las Palmas,Valencia,2,3,GG,Yes,1,1,Draw,9,5,14,Home Win,1,1,Draw
03/05/2025,SP1,Valladolid,Barcelona,1,2,GG,Yes,1,0,Home Win,4,8,12,Away Win,3,2,Home Win
04/05/2025,SP1,Real Madrid,Celta,3,2,GG,Yes,2,0,Home Win,4,6,10,Away Win,2,1,Home Win
04/05/2025,SP1,Sevilla,Leganes,2,2,GG,Yes,1,1,Draw,8,2,10,Home Win,4,5,Away Win
04/05/2025,SP1,Espanol,Betis,1,2,GG,Yes,1,0,Home Win,3,7,10,Away Win,2,0,Home Win
04/05/2025,SP1,Sociedad,Ath Bilbao,0,0,NG,No,0,0,Draw,7,3,10,Home Win,1,2,Away Win
05/05/2025,SP1,Girona,Mallorca,1,0,NG,No,1,0,Home Win,5,2,7,Home Win,0,2,Away Win
09/05/2025,SP1,Las Palmas,Vallecano,0,1,NG,No,0,0,Draw,8,8,16,Draw,2,3,Away Win
10/05/2025,SP1,Valencia,Getafe,3,0,NG,Yes,3,0,Home Win,2,6,8,Away Win,3,5,Away Win
10/05/2025,SP1,Celta,Sevilla,3,2,GG,Yes,1,1,Draw,3,6,9,Away Win,0,2,Away Win
10/05/2025,SP1,Girona,Villarreal,0,1,NG,No,0,0,Draw,5,3,8,Home Win,2,3,Away Win
10/05/2025,SP1,Mallorca,Valladolid,2,1,GG,Yes,1,1,Draw,5,10,15,Away Win,2,1,Home Win
10/05/2025,SP1,Ath Madrid,Sociedad,4,0,NG,Yes,4,0,Home Win,3,3,6,Draw,0,1,Away Win
11/05/2025,SP1,Leganes,Espanol,3,2,GG,Yes,2,0,Home Win,3,8,11,Away Win,2,2,Draw
11/05/2025,SP1,Barcelona,Real Madrid,4,3,GG,Yes,4,2,Home Win,10,2,12,Home Win,4,3,Home Win
11/05/2025,SP1,Ath Bilbao,Alaves,1,0,NG,No,0,0,Draw,9,2,11,Home Win,1,1,Draw
11/05/2025,SP1,Betis,Osasuna,1,1,GG,No,0,0,Draw,6,7,13,Away Win,3,2,Home Win
13/05/2025,SP1,Valladolid,Girona,0,1,NG,No,0,0,Draw,6,4,10,Home Win,0,0,Draw
13/05/2025,SP1,Sociedad,Celta,0,1,NG,No,0,1,Away Win,14,1,15,Home Win,3,1,Home Win
13/05/2025,SP1,Sevilla,Las Palmas,1,0,NG,No,0,0,Draw,4,2,6,Home Win,6,6,Draw
14/05/2025,SP1,Alaves,Valencia,1,0,NG,No,0,0,Draw,9,4,13,Home Win,4,3,Home Win
14/05/2025,SP1,Villarreal,Leganes,3,0,NG,Yes,3,0,Home Win,3,6,9,Away Win,1,1,Draw
14/05/2025,SP1,Real Madrid,Mallorca,2,1,GG,Yes,0,1,Away Win,26,0,26,Home Win,0,3,Away Win
15/05/2025,SP1,Vallecano,Betis,2,2,GG,Yes,2,0,Home Win,10,7,17,Home Win,1,3,Away Win
15/05/2025,SP1,Osasuna,Ath Madrid,2,0,NG,No,1,0,Home Win,3,5,8,Away Win,1,1,Draw
15/05/2025,SP1,Espanol,Barcelona,0,2,NG,No,0,0,Draw,3,3,6,Draw,2,2,Draw
15/05/2025,SP1,Getafe,Ath Bilbao,0,2,NG,No,0,0,Draw,2,5,7,Away Win,1,0,Home Win
18/05/2025,SP1,Ath Madrid,Betis,4,1,GG,Yes,2,0,Home Win,7,4,11,Home Win,1,1,Draw
18/05/2025,SP1,Barcelona,Villarreal,2,3,GG,Yes,2,1,Home Win,11,3,14,Home Win,2,0,Home Win
18/05/2025,SP1,Celta,Vallecano,1,2,GG,Yes,1,2,Away Win,9,2,11,Home Win,2,3,Away Win
18/05/2025,SP1,Las Palmas,Leganes,0,1,NG,No,0,1,Away Win,9,2,11,Home Win,2,2,Draw
18/05/2025,SP1,Mallorca,Getafe,1,2,GG,Yes,0,0,Draw,3,4,7,Away Win,2,2,Draw
18/05/2025,SP1,Osasuna,Espanol,2,0,NG,No,1,0,Home Win,8,6,14,Home Win,1,1,Draw
18/05/2025,SP1,Sevilla,Real Madrid,0,2,NG,No,0,0,Draw,1,7,8,Away Win,0,1,Away Win
18/05/2025,SP1,Sociedad,Girona,3,2,GG,Yes,2,1,Home Win,9,2,11,Home Win,1,3,Away Win
18/05/2025,SP1,Valencia,Ath Bilbao,0,1,NG,No,0,0,Draw,5,3,8,Home Win,3,1,Home Win
18/05/2025,SP1,Valladolid,Alaves,0,1,NG,No,0,1,Away Win,5,9,14,Away Win,0,2,Away Win
23/05/2025,SP1,Betis,Valencia,1,1,GG,No,1,0,Home Win,3,2,5,Home Win,1,2,Away Win
24/05/2025,SP1,Real Madrid,Sociedad,2,0,NG,No,1,0,Home Win,11,4,15,Home Win,0,0,Draw
24/05/2025,SP1,Espanol,Las Palmas,2,0,NG,No,0,0,Draw,3,6,9,Away Win,3,2,Home Win
24/05/2025,SP1,Leganes,Valladolid,3,0,NG,Yes,3,0,Home Win,3,4,7,Away Win,0,1,Away Win
24/05/2025,SP1,Alaves,Osasuna,1,1,GG,No,0,0,Draw,5,9,14,Away Win,2,2,Draw
24/05/2025,SP1,Getafe,Celta,1,2,GG,Yes,1,1,Draw,2,6,8,Away Win,3,4,Away Win
24/05/2025,SP1,Vallecano,Mallorca,0,0,NG,No,0,0,Draw,11,2,13,Home Win,2,2,Draw
25/05/2025,SP1,Girona,Ath Madrid,0,4,NG,Yes,0,0,Draw,1,8,9,Away Win,0,1,Away Win
25/05/2025,SP1,Villarreal,Sevilla,4,2,GG,Yes,3,1,Home Win,3,5,8,Away Win,0,1,Away Win
25/05/2025,SP1,Ath Bilbao,Barcelona,0,3,NG,Yes,0,2,Away Win,2,6,8,Away Win,1,0,Home Win
,,,,,,,,,,,,,,,,,Draw
,,,,,,,,,,,,,,,,,Draw
,,,,,,,,,,,,,,,,,Draw
,,,,,,,,,,,,,,,,,Draw
,,,,,,,,,,,,,,,,,Draw
,,,,,,,,,,,,,,,,,Draw
,,,,,,,,,,,,,,,,,Draw
,,,,,,,,,,,,,,,,,Draw
,,,,,,,,,,,,,,,,,Draw
,,,,,,,,,,,,,,,,,Draw
,,,,,,,,,,,,,,,,,Draw
,,,,,,,,,,,,,,,,,Draw
,,,,,,,,,,,,,,,,,Draw
,,,,,,,,,,,,,,,,,Draw
,,,,,,,,,,,,,,,,,Draw
,,,,,,,,,,,,,,,,,Draw
,,,,,,,,,,,,,,,,,Draw
,,,,,,,,,,,,,,,,,Draw
,,,,,,,,,,,,,,,,,Draw
,,,,,,,,,,,,,,,,,Draw
,,,,,,,,,,,,,,,,,Draw
,,,,,,,,,,,,,,,,,Draw
,,,,,,,,,,,,,,,,,Draw
,,,,,,,,,,,,,,,,,Draw
,,,,,,,,,,,,,,,,,Draw
,,,,,,,,,,,,,,,,,Draw
,,,,,,,,,,,,,,,,,Draw
,,,,,,,,,,,,,,,,,Draw
,,,,,,,,,,,,,,,,,Draw
,,,,,,,,,,,,,,,,,Draw
,,,,,,,,,,,,,,,,,Draw
,,,,,,,,,,,,,,,,,Draw
,,,,,,,,,,,,,,,,,Draw
,,,,,,,,,,,,,,,,,Draw
,,,,,,,,,,,,,,,,,Draw
,,,,,,,,,,,,,,,,,Draw
,,,,,,,,,,,,,,,,,Draw
,,,,,,,,,,,,,,,,,Draw
,,,,,,,,,,,,,,,,,Draw
,,,,,,,,,,,,,,,,,Draw
,,,,,,,,,,,,,,,,,Draw
,,,,,,,,,,,,,,,,,Draw
,,,,,,,,,,,,,,,,,Draw
,,,,,,,,,,,,,,,,,Draw
,,,,,,,,,,,,,,,,,Draw
,,,,,,,,,,,,,,,,,Draw
,,,,,,,,,,,,,,,,,Draw
,,,,,,,,,,,,,,,,,Draw
,,,,,,,,,,,,,,,,,Draw
,,,,,,,,,,,,,,,,,Draw
,,,,,,,,,,,,,,,,,Draw
,,,,,,,,,,,,,,,,,Draw
,,,,,,,,,,,,,,,,,Draw
,,,,,,,,,,,,,,,,,Draw
,,,,,,,,,,,,,,,,,Draw
,,,,,,,,,,,,,,,,,Draw
,,,,,,,,,,,,,,,,,Draw
,,,,,,,,,,,,,,,,,Draw
,,,,,,,,,,,,,,,,,Draw
,,,,,,,,,,,,,,,,,Draw
,,,,,,,,,,,,,,,,,Draw
,,,,,,,,,,,,,,,,,Draw
,,,,,,,,,,,,,,,,,Draw
,,,,,,,,,,,,,,,,,Draw
,,,,,,,,,,,,,,,,,Draw
,,,,,,,,,,,,,,,,,Draw
,,,,,,,,,,,,,,,,,Draw
,,,,,,,,,,,,,,,,,Draw
,,,,,,,,,,,,,,,,,Draw
,,,,,,,,,,,,,,,,,Draw
,,,,,,,,,,,,,,,,,Draw
,,,,,,,,,,,,,,,,,Draw
,,,,,,,,,,,,,,,,,Draw
,,,,,,,,,,,,,,,,,Draw
,,,,,,,,,,,,,,,,,Draw
,,,,,,,,,,,,,,,,,Draw
,,,,,,,,,,,,,,,,,Draw
,,,,,,,,,,,,,,,,,Draw
,,,,,,,,,,,,,,,,,Draw
,,,,,,,,,,,,,,,,,Draw
,,,,,,,,,,,,,,,,,Draw
,,,,,,,,,,,,,,,,,Draw
,,,,,,,,,,,,,,,,,Draw
,,,,,,,,,,,,,,,,,Draw
,,,,,,,,,,,,,,,,,Draw
,,,,,,,,,,,,,,,,,Draw
,,,,,,,,,,,,,,,,,Draw
,,,,,,,,,,,,,,,,,Draw
,,,,,,,,,,,,,,,,,Draw
,,,,,,,,,,,,,,,,,Draw
,,,,,,,,,,,,,,,,,Draw
,,,,,,,,,,,,,,,,,Draw
,,,,,,,,,,,,,,,,,Draw
,,,,,,,,,,,,,,,,,Draw
,,,,,,,,,,,,,,,,,Draw
,,,,,,,,,,,,,,,,,Draw
,,,,,,,,,,,,,,,,,Draw
,,,,,,,,,,,,,,,,,Draw
,,,,,,,,,,,,,,,,,Draw
,,,,,,,,,,,,,,,,,Draw
,,,,,,,,,,,,,,,,,Draw
,,,,,,,,,,,,,,,,,Draw
,,,,,,,,,,,,,,,,,Draw
,,,,,,,,,,,,,,,,,Draw
,,,,,,,,,,,,,,,,,Draw
,,,,,,,,,,,,,,,,,Draw
,,,,,,,,,,,,,,,,,Draw
,,,,,,,,,,,,,,,,,Draw
,,,,,,,,,,,,,,,,,Draw
,,,,,,,,,,,,,,,,,Draw
,,,,,,,,,,,,,,,,,Draw
,,,,,,,,,,,,,,,,,Draw
,,,,,,,,,,,,,,,,,Draw
,,,,,,,,,,,,,,,,,Draw
,,,,,,,,,,,,,,,,,Draw
,,,,,,,,,,,,,,,,,Draw
,,,,,,,,,,,,,,,,,Draw
,,,,,,,,,,,,,,,,,Draw
,,,,,,,,,,,,,,,,,Draw
,,,,,,,,,,,,,,,,,Draw
,,,,,,,,,,,,,,,,,Draw
,,,,,,,,,,,,,,,,,Draw
,,,,,,,,,,,,,,,,,Draw
,,,,,,,,,,,,,,,,,Draw
,,,,,,,,,,,,,,,,,Draw
,,,,,,,,,,,,,,,,,Draw
,,,,,,,,,,,,,,,,,Draw
,,,,,,,,,,,,,,,,,Draw
,,,,,,,,,,,,,,,,,Draw
,,,,,,,,,,,,,,,,,Draw
,,,,,,,,,,,,,,,,,Draw
,,,,,,,,,,,,,,,,,Draw
,,,,,,,,,,,,,,,,,Draw
,,,,,,,,,,,,,,,,,Draw
,,,,,,,,,,,,,,,,,Draw
,,,,,,,,,,,,,,,,,Draw
,,,,,,,,,,,,,,,,,Draw
,,,,,,,,,,,,,,,,,Draw
,,,,,,,,,,,,,,,,,Draw
,,,,,,,,,,,,,,,,,Draw
,,,,,,,,,,,,,,,,,Draw
,,,,,,,,,,,,,,,,,Draw
,,,,,,,,,,,,,,,,,Draw
,,,,,,,,,,,,,,,,,Draw
,,,,,,,,,,,,,,,,,Draw
,,,,,,,,,,,,,,,,,Draw
,,,,,,,,,,,,,,,,,Draw
,,,,,,,,,,,,,,,,,Draw
,,,,,,,,,,,,,,,,,Draw
,,,,,,,,,,,,,,,,,Draw
,,,,,,,,,,,,,,,,,Draw
,,,,,,,,,,,,,,,,,Draw
,,,,,,,,,,,,,,,,,Draw
,,,,,,,,,,,,,,,,,Draw
,,,,,,,,,,,,,,,,,Draw
,,,,,,,,,,,,,,,,,Draw
,,,,,,,,,,,,,,,,,Draw
,,,,,,,,,,,,,,,,,Draw
,,,,,,,,,,,,,,,,,Draw
,,,,,,,,,,,,,,,,,Draw
,,,,,,,,,,,,,,,,,Draw
,,,,,,,,,,,,,,,,,Draw
,,,,,,,,,,,,,,,,,Draw
,,,,,,,,,,,,,,,,,Draw
,,,,,,,,,,,,,,,,,Draw
,,,,,,,,,,,,,,,,,Draw
,,,,,,,,,,,,,,,,,Draw
,,,,,,,,,,,,,,,,,Draw
,,,,,,,,,,,,,,,,,Draw
,,,,,,,,,,,,,,,,,Draw
,,,,,,,,,,,,,,,,,Draw
,,,,,,,,,,,,,,,,,Draw
,,,,,,,,,,,,,,,,,Draw
,,,,,,,,,,,,,,,,,Draw
,,,,,,,,,,,,,,,,,Draw
,,,,,,,,,,,,,,,,,Draw
,,,,,,,,,,,,,,,,,Draw
,,,,,,,,,,,,,,,,,Draw
,,,,,,,,,,,,,,,,,Draw
,,,,,,,,,,,,,,,,,Draw
,,,,,,,,,,,,,,,,,Draw
,,,,,,,,,,,,,,,,,Draw
,,,,,,,,,,,,,,,,,Draw
,,,,,,,,,,,,,,,,,Draw
,,,,,,,,,,,,,,,,,Draw
,,,,,,,,,,,,,,,,,Draw
,,,,,,,,,,,,,,,,,Draw
,,,,,,,,,,,,,,,,,Draw
,,,,,,,,,,,,,,,,,Draw
,,,,,,,,,,,,,,,,,Draw
,,,,,,,,,,,,,,,,,Draw
,,,,,,,,,,,,,,,,,Draw
,,,,,,,,,,,,,,,,,Draw
,,,,,,,,,,,,,,,,,Draw
,,,,,,,,,,,,,,,,,Draw
,,,,,,,,,,,,,,,,,Draw
,,,,,,,,,,,,,,,,,Draw
,,,,,,,,,,,,,,,,,Draw
,,,,,,,,,,,,,,,,,Draw
,,,,,,,,,,,,,,,,,Draw
,,,,,,,,,,,,,,,,,Draw
,,,,,,,,,,,,,,,,,Draw
,,,,,,,,,,,,,,,,,Draw
,,,,,,,,,,,,,,,,,Draw
,,,,,,,,,,,,,,,,,Draw
,,,,,,,,,,,,,,,,,Draw
,,,,,,,,,,,,,,,,,Draw
,,,,,,,,,,,,,,,,,Draw
,,,,,,,,,,,,,,,,,Draw
,,,,,,,,,,,,,,,,,Draw
,,,,,,,,,,,,,,,,,Draw
,,,,,,,,,,,,,,,,,Draw
,,,,,,,,,,,,,,,,,Draw
,,,,,,,,,,,,,,,,,Draw
,,,,,,,,,,,,,,,,,Draw
,,,,,,,,,,,,,,,,,Draw
,,,,,,,,,,,,,,,,,Draw
,,,,,,,,,,,,,,,,,Draw
,,,,,,,,,,,,,,,,,Draw
,,,,,,,,,,,,,,,,,Draw
,,,,,,,,,,,,,,,,,Draw
,,,,,,,,,,,,,,,,,Draw
,,,,,,,,,,,,,,,,,Draw
,,,,,,,,,,,,,,,,,Draw
,,,,,,,,,,,,,,,,,Draw
,,,,,,,,,,,,,,,,,Draw
,,,,,,,,,,,,,,,,,Draw
,,,,,,,,,,,,,,,,,Draw
,,,,,,,,,,,,,,,,,Draw
,,,,,,,,,,,,,,,,,Draw
,,,,,,,,,,,,,,,,,Draw
,,,,,,,,,,,,,,,,,Draw
,,,,,,,,,,,,,,,,,Draw
,,,,,,,,,,,,,,,,,Draw
,,,,,,,,,,,,,,,,,Draw
,,,,,,,,,,,,,,,,,Draw
,,,,,,,,,,,,,,,,,Draw
,,,,,,,,,,,,,,,,,Draw
,,,,,,,,,,,,,,,,,Draw
,,,,,,,,,,,,,,,,,Draw
,,,,,,,,,,,,,,,,,Draw
,,,,,,,,,,,,,,,,,Draw
,,,,,,,,,,,,,,,,,Draw
,,,,,,,,,,,,,,,,,Draw
,,,,,,,,,,,,,,,,,Draw
,,,,,,,,,,,,,,,,,Draw
,,,,,,,,,,,,,,,,,Draw
,,,,,,,,,,,,,,,,,Draw
,,,,,,,,,,,,,,,,,Draw
,,,,,,,,,,,,,,,,,Draw
,,,,,,,,,,,,,,,,,Draw
,,,,,,,,,,,,,,,,,Draw
,,,,,,,,,,,,,,,,,Draw
,,,,,,,,,,,,,,,,,Draw
,,,,,,,,,,,,,,,,,Draw
,,,,,,,,,,,,,,,,,Draw
,,,,,,,,,,,,,,,,,Draw
,,,,,,,,,,,,,,,,,Draw
,,,,,,,,,,,,,,,,,Draw
,,,,,,,,,,,,,,,,,Draw
,,,,,,,,,,,,,,,,,Draw
,,,,,,,,,,,,,,,,,Draw
,,,,,,,,,,,,,,,,,Draw
,,,,,,,,,,,,,,,,,Draw
,,,,,,,,,,,,,,,,,Draw
,,,,,,,,,,,,,,,,,Draw
,,,,,,,,,,,,,,,,,Draw
,,,,,,,,,,,,,,,,,Draw
,,,,,,,,,,,,,,,,,Draw
,,,,,,,,,,,,,,,,,Draw
,,,,,,,,,,,,,,,,,Draw
,,,,,,,,,,,,,,,,,Draw
,,,,,,,,,,,,,,,,,Draw
,,,,,,,,,,,,,,,,,Draw
,,,,,,,,,,,,,,,,,Draw
,,,,,,,,,,,,,,,,,Draw
,,,,,,,,,,,,,,,,,Draw
,,,,,,,,,,,,,,,,,Draw
,,,,,,,,,,,,,,,,,Draw
,,,,,,,,,,,,,,,,,Draw
,,,,,,,,,,,,,,,,,Draw
,,,,,,,,,,,,,,,,,Draw
,,,,,,,,,,,,,,,,,Draw
,,,,,,,,,,,,,,,,,Draw
,,,,,,,,,,,,,,,,,Draw
,,,,,,,,,,,,,,,,,Draw
,,,,,,,,,,,,,,,,,Draw
,,,,,,,,,,,,,,,,,Draw
,,,,,,,,,,,,,,,,,Draw
,,,,,,,,,,,,,,,,,Draw
,,,,,,,,,,,,,,,,,Draw
,,,,,,,,,,,,,,,,,Draw
,,,,,,,,,,,,,,,,,Draw
,,,,,,,,,,,,,,,,,Draw
,,,,,,,,,,,,,,,,,Draw
,,,,,,,,,,,,,,,,,Draw
,,,,,,,,,,,,,,,,,Draw
,,,,,,,,,,,,,,,,,Draw
,,,,,,,,,,,,,,,,,Draw
,,,,,,,,,,,,,,,,,Draw
,,,,,,,,,,,,,,,,,Draw
,,,,,,,,,,,,,,,,,Draw
,,,,,,,,,,,,,,,,,Draw
,,,,,,,,,,,,,,,,,Draw
,,,,,,,,,,,,,,,,,Draw
,,,,,,,,,,,,,,,,,Draw
,,,,,,,,,,,,,,,,,Draw
,,,,,,,,,,,,,,,,,Draw
,,,,,,,,,,,,,,,,,Draw
,,,,,,,,,,,,,,,,,Draw
,,,,,,,,,,,,,,,,,Draw
,,,,,,,,,,,,,,,,,Draw
,,,,,,,,,,,,,,,,,Draw
,,,,,,,,,,,,,,,,,Draw
,,,,,,,,,,,,,,,,,Draw
,,,,,,,,,,,,,,,,,Draw
,,,,,,,,,,,,,,,,,Draw
,,,,,,,,,,,,,,,,,Draw
,,,,,,,,,,,,,,,,,Draw
,,,,,,,,,,,,,,,,,Draw
,,,,,,,,,,,,,,,,,Draw
,,,,,,,,,,,,,,,,,Draw
,,,,,,,,,,,,,,,,,Draw
,,,,,,,,,,,,,,,,,Draw
,,,,,,,,,,,,,,,,,Draw
,,,,,,,,,,,,,,,,,Draw
,,,,,,,,,,,,,,,,,Draw
,,,,,,,,,,,,,,,,,Draw
,,,,,,,,,,,,,,,,,Draw
,,,,,,,,,,,,,,,,,Draw
,,,,,,,,,,,,,,,,,Draw
,,,,,,,,,,,,,,,,,Draw
,,,,,,,,,,,,,,,,,Draw
,,,,,,,,,,,,,,,,,Draw
,,,,,,,,,,,,,,,,,Draw
,,,,,,,,,,,,,,,,,Draw
,,,,,,,,,,,,,,,,,Draw
,,,,,,,,,,,,,,,,,Draw
,,,,,,,,,,,,,,,,,Draw
,,,,,,,,,,,,,,,,,Draw
,,,,,,,,,,,,,,,,,Draw
,,,,,,,,,,,,,,,,,Draw
,,,,,,,,,,,,,,,,,Draw
,,,,,,,,,,,,,,,,,Draw
,,,,,,,,,,,,,,,,,Draw
,,,,,,,,,,,,,,,,,Draw
,,,,,,,,,,,,,,,,,Draw
,,,,,,,,,,,,,,,,,Draw
,,,,,,,,,,,,,,,,,Draw
,,,,,,,,,,,,,,,,,Draw
,,,,,,,,,,,,,,,,,Draw
,,,,,,,,,,,,,,,,,Draw
,,,,,,,,,,,,,,,,,Draw
,,,,,,,,,,,,,,,,,Draw
,,,,,,,,,,,,,,,,,Draw
,,,,,,,,,,,,,,,,,Draw
,,,,,,,,,,,,,,,,,Draw
,,,,,,,,,,,,,,,,,Draw
,,,,,,,,,,,,,,,,,Draw
,,,,,,,,,,,,,,,,,Draw
,,,,,,,,,,,,,,,,,Draw
,,,,,,,,,,,,,,,,,Draw
,,,,,,,,,,,,,,,,,Draw
,,,,,,,,,,,,,,,,,Draw
,,,,,,,,,,,,,,,,,Draw
,,,,,,,,,,,,,,,,,Draw
,,,,,,,,,,,,,,,,,Draw
,,,,,,,,,,,,,,,,,Draw
,,,,,,,,,,,,,,,,,Draw
,,,,,,,,,,,,,,,,,Draw
,,,,,,,,,,,,,,,,,Draw
,,,,,,,,,,,,,,,,,Draw
,,,,,,,,,,,,,,,,,Draw
,,,,,,,,,,,,,,,,,Draw
,,,,,,,,,,,,,,,,,Draw
,,,,,,,,,,,,,,,,,Draw
,,,,,,,,,,,,,,,,,Draw
,,,,,,,,,,,,,,,,,Draw
,,,,,,,,,,,,,,,,,Draw
,,,,,,,,,,,,,,,,,Draw
,,,,,,,,,,,,,,,,,Draw
,,,,,,,,,,,,,,,,,Draw
,,,,,,,,,,,,,,,,,Draw
,,,,,,,,,,,,,,,,,Draw
,,,,,,,,,,,,,,,,,Draw
,,,,,,,,,,,,,,,,,Draw
,,,,,,,,,,,,,,,,,Draw
,,,,,,,,,,,,,,,,,Draw
,,,,,,,,,,,,,,,,,Draw
,,,,,,,,,,,,,,,,,Draw
,,,,,,,,,,,,,,,,,Draw
,,,,,,,,,,,,,,,,,Draw
,,,,,,,,,,,,,,,,,Draw
,,,,,,,,,,,,,,,,,Draw
,,,,,,,,,,,,,,,,,Draw
,,,,,,,,,,,,,,,,,Draw
,,,,,,,,,,,,,,,,,Draw
,,,,,,,,,,,,,,,,,Draw
,,,,,,,,,,,,,,,,,Draw
,,,,,,,,,,,,,,,,,Draw
,,,,,,,,,,,,,,,,,Draw
,,,,,,,,,,,,,,,,,Draw
,,,,,,,,,,,,,,,,,Draw
,,,,,,,,,,,,,,,,,Draw
,,,,,,,,,,,,,,,,,Draw
,,,,,,,,,,,,,,,,,Draw
,,,,,,,,,,,,,,,,,Draw
,,,,,,,,,,,,,,,,,Draw
,,,,,,,,,,,,,,,,,Draw
,,,,,,,,,,,,,,,,,Draw
,,,,,,,,,,,,,,,,,Draw
,,,,,,,,,,,,,,,,,Draw
,,,,,,,,,,,,,,,,,Draw
,,,,,,,,,,,,,,,,,Draw
,,,,,,,,,,,,,,,,,Draw
,,,,,,,,,,,,,,,,,Draw
,,,,,,,,,,,,,,,,,Draw
,,,,,,,,,,,,,,,,,Draw
,,,,,,,,,,,,,,,,,Draw
,,,,,,,,,,,,,,,,,Draw
,,,,,,,,,,,,,,,,,Draw
,,,,,,,,,,,,,,,,,Draw
,,,,,,,,,,,,,,,,,Draw
,,,,,,,,,,,,,,,,,Draw
,,,,,,,,,,,,,,,,,Draw
,,,,,,,,,,,,,,,,,Draw
,,,,,,,,,,,,,,,,,Draw
,,,,,,,,,,,,,,,,,Draw
,,,,,,,,,,,,,,,,,Draw
,,,,,,,,,,,,,,,,,Draw
,,,,,,,,,,,,,,,,,Draw
,,,,,,,,,,,,,,,,,Draw
,,,,,,,,,,,,,,,,,Draw
,,,,,,,,,,,,,,,,,Draw
,,,,,,,,,,,,,,,,,Draw
,,,,,,,,,,,,,,,,,Draw
,,,,,,,,,,,,,,,,,Draw
,,,,,,,,,,,,,,,,,Draw
,,,,,,,,,,,,,,,,,Draw
,,,,,,,,,,,,,,,,,Draw
,,,,,,,,,,,,,,,,,Draw
,,,,,,,,,,,,,,,,,Draw
,,,,,,,,,,,,,,,,,Draw
,,,,,,,,,,,,,,,,,Draw
,,,,,,,,,,,,,,,,,Draw
,,,,,,,,,,,,,,,,,Draw
,,,,,,,,,,,,,,,,,Draw
,,,,,,,,,,,,,,,,,Draw
,,,,,,,,,,,,,,,,,Draw
,,,,,,,,,,,,,,,,,Draw
,,,,,,,,,,,,,,,,,Draw
,,,,,,,,,,,,,,,,,Draw
,,,,,,,,,,,,,,,,,Draw
,,,,,,,,,,,,,,,,,Draw
,,,,,,,,,,,,,,,,,Draw
,,,,,,,,,,,,,,,,,Draw
,,,,,,,,,,,,,,,,,Draw
,,,,,,,,,,,,,,,,,Draw
,,,,,,,,,,,,,,,,,Draw
,,,,,,,,,,,,,,,,,Draw
,,,,,,,,,,,,,,,,,Draw
,,,,,,,,,,,,,,,,,Draw
,,,,,,,,,,,,,,,,,Draw
,,,,,,,,,,,,,,,,,Draw
,,,,,,,,,,,,,,,,,Draw
,,,,,,,,,,,,,,,,,Draw
,,,,,,,,,,,,,,,,,Draw
,,,,,,,,,,,,,,,,,Draw
,,,,,,,,,,,,,,,,,Draw
,,,,,,,,,,,,,,,,,Draw
,,,,,,,,,,,,,,,,,Draw
,,,,,,,,,,,,,,,,,Draw
,,,,,,,,,,,,,,,,,Draw
,,,,,,,,,,,,,,,,,Draw
,,,,,,,,,,,,,,,,,Draw
,,,,,,,,,,,,,,,,,Draw
,,,,,,,,,,,,,,,,,Draw
,,,,,,,,,,,,,,,,,Draw
,,,,,,,,,,,,,,,,,Draw
,,,,,,,,,,,,,,,,,Draw
,,,,,,,,,,,,,,,,,Draw
,,,,,,,,,,,,,,,,,Draw
,,,,,,,,,,,,,,,,,Draw
,,,,,,,,,,,,,,,,,Draw
,,,,,,,,,,,,,,,,,Draw
,,,,,,,,,,,,,,,,,Draw
,,,,,,,,,,,,,,,,,Draw
,,,,,,,,,,,,,,,,,Draw
,,,,,,,,,,,,,,,,,Draw
,,,,,,,,,,,,,,,,,Draw
,,,,,,,,,,,,,,,,,Draw
,,,,,,,,,,,,,,,,,Draw
,,,,,,,,,,,,,,,,,Draw
,,,,,,,,,,,,,,,,,Draw
,,,,,,,,,,,,,,,,,Draw
,,,,,,,,,,,,,,,,,Draw
,,,,,,,,,,,,,,,,,Draw
,,,,,,,,,,,,,,,,,Draw
,,,,,,,,,,,,,,,,,Draw
,,,,,,,,,,,,,,,,,Draw
,,,,,,,,,,,,,,,,,Draw
,,,,,,,,,,,,,,,,,Draw
,,,,,,,,,,,,,,,,,Draw
,,,,,,,,,,,,,,,,,Draw
,,,,,,,,,,,,,,,,,Draw
,,,,,,,,,,,,,,,,,Draw
,,,,,,,,,,,,,,,,,Draw
,,,,,,,,,,,,,,,,,Draw
,,,,,,,,,,,,,,,,,Draw
,,,,,,,,,,,,,,,,,Draw
,,,,,,,,,,,,,,,,,Draw
,,,,,,,,,,,,,,,,,Draw
,,,,,,,,,,,,,,,,,Draw
,,,,,,,,,,,,,,,,,Draw
,,,,,,,,,,,,,,,,,Draw
,,,,,,,,,,,,,,,,,Draw
,,,,,,,,,,,,,,,,,Draw
,,,,,,,,,,,,,,,,,Draw
,,,,,,,,,,,,,,,,,Draw
,,,,,,,,,,,,,,,,,Draw
,,,,,,,,,,,,,,,,,Draw
,,,,,,,,,,,,,,,,,Draw
,,,,,,,,,,,,,,,,,Draw
,,,,,,,,,,,,,,,,,Draw
,,,,,,,,,,,,,,,,,Draw
,,,,,,,,,,,,,,,,,Draw
,,,,,,,,,,,,,,,,,Draw
,,,,,,,,,,,,,,,,,Draw
,,,,,,,,,,,,,,,,,Draw
,,,,,,,,,,,,,,,,,Draw
,,,,,,,,,,,,,,,,,Draw
,,,,,,,,,,,,,,,,,Draw
,,,,,,,,,,,,,,,,,Draw
,,,,,,,,,,,,,,,,,Draw
,,,,,,,,,,,,,,,,,Draw
,,,,,,,,,,,,,,,,,Draw
,,,,,,,,,,,,,,,,,Draw
,,,,,,,,,,,,,,,,,Draw
,,,,,,,,,,,,,,,,,Draw
,,,,,,,,,,,,,,,,,Draw
,,,,,,,,,,,,,,,,,Draw
,,,,,,,,,,,,,,,,,Draw
,,,,,,,,,,,,,,,,,Draw
,,,,,,,,,,,,,,,,,Draw
,,,,,,,,,,,,,,,,,Draw
,,,,,,,,,,,,,,,,,Draw
,,,,,,,,,,,,,,,,,Draw
,,,,,,,,,,,,,,,,,Draw
,,,,,,,,,,,,,,,,,Draw
,,,,,,,,,,,,,,,,,Draw
,,,,,,,,,,,,,,,,,Draw
,,,,,,,,,,,,,,,,,Draw
,,,,,,,,,,,,,,,,,Draw
,,,,,,,,,,,,,,,,,Draw
,,,,,,,,,,,,,,,,,Draw
,,,,,,,,,,,,,,,,,Draw
,,,,,,,,,,,,,,,,,Draw
,,,,,,,,,,,,,,,,,Draw
,,,,,,,,,,,,,,,,,Draw
,,,,,,,,,,,,,,,,,Draw
,,,,,,,,,,,,,,,,,Draw
,,,,,,,,,,,,,,,,,Draw
,,,,,,,,,,,,,,,,,Draw
,,,,,,,,,,,,,,,,,Draw
,,,,,,,,,,,,,,,,,Draw
,,,,,,,,,,,,,,,,,Draw
,,,,,,,,,,,,,,,,,Draw
,,,,,,,,,,,,,,,,,Draw
,,,,,,,,,,,,,,,,,Draw
,,,,,,,,,,,,,,,,,Draw
,,,,,,,,,,,,,,,,,Draw
,,,,,,,,,,,,,,,,,Draw
,,,,,,,,,,,,,,,,,Draw
,,,,,,,,,,,,,,,,,Draw
,,,,,,,,,,,,,,,,,Draw
,,,,,,,,,,,,,,,,,Draw
,,,,,,,,,,,,,,,,,Draw
,,,,,,,,,,,,,,,,,Draw
,,,,,,,,,,,,,,,,,Draw
,,,,,,,,,,,,,,,,,Draw
,,,,,,,,,,,,,,,,,Draw
,,,,,,,,,,,,,,,,,Draw
,,,,,,,,,,,,,,,,,Draw
,,,,,,,,,,,,,,,,,Draw
,,,,,,,,,,,,,,,,,Draw
,,,,,,,,,,,,,,,,,Draw
,,,,,,,,,,,,,,,,,Draw
,,,,,,,,,,,,,,,,,Draw
,,,,,,,,,,,,,,,,,Draw
,,,,,,,,,,,,,,,,,Draw
,,,,,,,,,,,,,,,,,Draw
,,,,,,,,,,,,,,,,,Draw
,,,,,,,,,,,,,,,,,Draw
,,,,,,,,,,,,,,,,,Draw
,,,,,,,,,,,,,,,,,Draw
,,,,,,,,,,,,,,,,,Draw
,,,,,,,,,,,,,,,,,Draw
,,,,,,,,,,,,,,,,,Draw
,,,,,,,,,,,,,,,,,Draw
,,,,,,,,,,,,,,,,,Draw
,,,,,,,,,,,,,,,,,Draw
,,,,,,,,,,,,,,,,,Draw
,,,,,,,,,,,,,,,,,Draw
,,,,,,,,,,,,,,,,,Draw
,,,,,,,,,,,,,,,,,Draw
,,,,,,,,,,,,,,,,,Draw
,,,,,,,,,,,,,,,,,Draw
,,,,,,,,,,,,,,,,,Draw
,,,,,,,,,,,,,,,,,Draw
,,,,,,,,,,,,,,,,,Draw
,,,,,,,,,,,,,,,,,Draw
,,,,,,,,,,,,,,,,,Draw
,,,,,,,,,,,,,,,,,Draw
,,,,,,,,,,,,,,,,,Draw
,,,,,,,,,,,,,,,,,Draw
,,,,,,,,,,,,,,,,,Draw
,,,,,,,,,,,,,,,,,Draw
,,,,,,,,,,,,,,,,,Draw
,,,,,,,,,,,,,,,,,Draw
,,,,,,,,,,,,,,,,,Draw
,,,,,,,,,,,,,,,,,Draw
,,,,,,,,,,,,,,,,,Draw
,,,,,,,,,,,,,,,,,Draw
,,,,,,,,,,,,,,,,,Draw
,,,,,,,,,,,,,,,,,Draw
,,,,,,,,,,,,,,,,,Draw
,,,,,,,,,,,,,,,,,Draw
,,,,,,,,,,,,,,,,,Draw
,,,,,,,,,,,,,,,,,Draw
,,,,,,,,,,,,,,,,,Draw
,,,,,,,,,,,,,,,,,Draw
,,,,,,,,,,,,,,,,,Draw
,,,,,,,,,,,,,,,,,Draw
,,,,,,,,,,,,,,,,,Draw
,,,,,,,,,,,,,,,,,Draw
,,,,,,,,,,,,,,,,,Draw
,,,,,,,,,,,,,,,,,Draw
,,,,,,,,,,,,,,,,,Draw
,,,,,,,,,,,,,,,,,Draw
,,,,,,,,,,,,,,,,,Draw
,,,,,,,,,,,,,,,,,Draw
,,,,,,,,,,,,,,,,,Draw
,,,,,,,,,,,,,,,,,Draw
,,,,,,,,,,,,,,,,,Draw
,,,,,,,,,,,,,,,,,Draw
,,,,,,,,,,,,,,,,,Draw
,,,,,,,,,,,,,,,,,Draw
,,,,,,,,,,,,,,,,,Draw
,,,,,,,,,,,,,,,,,Draw
,,,,,,,,,,,,,,,,,Draw
,,,,,,,,,,,,,,,,,Draw
,,,,,,,,,,,,,,,,,Draw
,,,,,,,,,,,,,,,,,Draw
,,,,,,,,,,,,,,,,,Draw
,,,,,,,,,,,,,,,,,Draw
,,,,,,,,,,,,,,,,,Draw
,,,,,,,,,,,,,,,,,Draw
,,,,,,,,,,,,,,,,,Draw
,,,,,,,,,,,,,,,,,Draw
,,,,,,,,,,,,,,,,,Draw
,,,,,,,,,,,,,,,,,Draw
,,,,,,,,,,,,,,,,,Draw
,,,,,,,,,,,,,,,,,Draw
,,,,,,,,,,,,,,,,,Draw
,,,,,,,,,,,,,,,,,Draw
,,,,,,,,,,,,,,,,,Draw
,,,,,,,,,,,,,,,,,Draw
,,,,,,,,,,,,,,,,,Draw
,,,,,,,,,,,,,,,,,Draw
,,,,,,,,,,,,,,,,,Draw
,,,,,,,,,,,,,,,,,Draw
,,,,,,,,,,,,,,,,,Draw
,,,,,,,,,,,,,,,,,Draw
,,,,,,,,,,,,,,,,,Draw
,,,,,,,,,,,,,,,,,Draw
,,,,,,,,,,,,,,,,,Draw
,,,,,,,,,,,,,,,,,Draw
,,,,,,,,,,,,,,,,,Draw
,,,,,,,,,,,,,,,,,Draw
,,,,,,,,,,,,,,,,,Draw
,,,,,,,,,,,,,,,,,Draw
,,,,,,,,,,,,,,,,,Draw
,,,,,,,,,,,,,,,,,Draw
,,,,,,,,,,,,,,,,,Draw
,,,,,,,,,,,,,,,,,Draw
,,,,,,,,,,,,,,,,,Draw
,,,,,,,,,,,,,,,,,Draw
,,,,,,,,,,,,,,,,,Draw
,,,,,,,,,,,,,,,,,Draw
,,,,,,,,,,,,,,,,,Draw
,,,,,,,,,,,,,,,,,Draw
,,,,,,,,,,,,,,,,,Draw
,,,,,,,,,,,,,,,,,Draw
,,,,,,,,,,,,,,,,,Draw
,,,,,,,,,,,,,,,,,Draw
,,,,,,,,,,,,,,,,,Draw
,,,,,,,,,,,,,,,,,Draw
,,,,,,,,,,,,,,,,,Draw
,,,,,,,,,,,,,,,,,Draw
,,,,,,,,,,,,,,,,,Draw
,,,,,,,,,,,,,,,,,Draw
,,,,,,,,,,,,,,,,,Draw
,,,,,,,,,,,,,,,,,Draw
,,,,,,,,,,,,,,,,,Draw
,,,,,,,,,,,,,,,,,Draw
,,,,,,,,,,,,,,,,,Draw
,,,,,,,,,,,,,,,,,Draw
,,,,,,,,,,,,,,,,,Draw
,,,,,,,,,,,,,,,,,Draw
,,,,,,,,,,,,,,,,,Draw
,,,,,,,,,,,,,,,,,Draw
,,,,,,,,,,,,,,,,,Draw
,,,,,,,,,,,,,,,,,Draw
,,,,,,,,,,,,,,,,,Draw
,,,,,,,,,,,,,,,,,Draw
,,,,,,,,,,,,,,,,,Draw
,,,,,,,,,,,,,,,,,Draw
,,,,,,,,,,,,,,,,,Draw
,,,,,,,,,,,,,,,,,Draw
,,,,,,,,,,,,,,,,,Draw
,,,,,,,,,,,,,,,,,Draw
,,,,,,,,,,,,,,,,,Draw
,,,,,,,,,,,,,,,,,Draw
,,,,,,,,,,,,,,,,,Draw
,,,,,,,,,,,,,,,,,Draw
,,,,,,,,,,,,,,,,,Draw
,,,,,,,,,,,,,,,,,Draw
,,,,,,,,,,,,,,,,,Draw
,,,,,,,,,,,,,,,,,Draw
,,,,,,,,,,,,,,,,,Draw
,,,,,,,,,,,,,,,,,Draw
,,,,,,,,,,,,,,,,,Draw
,,,,,,,,,,,,,,,,,Draw
,,,,,,,,,,,,,,,,,Draw
,,,,,,,,,,,,,,,,,Draw
,,,,,,,,,,,,,,,,,Draw
,,,,,,,,,,,,,,,,,Draw
,,,,,,,,,,,,,,,,,Draw
,,,,,,,,,,,,,,,,,Draw
,,,,,,,,,,,,,,,,,Draw
,,,,,,,,,,,,,,,,,Draw
,,,,,,,,,,,,,,,,,Draw
,,,,,,,,,,,,,,,,,Draw
,,,,,,,,,,,,,,,,,Draw
,,,,,,,,,,,,,,,,,Draw
,,,,,,,,,,,,,,,,,Draw
,,,,,,,,,,,,,,,,,Draw
,,,,,,,,,,,,,,,,,Draw
,,,,,,,,,,,,,,,,,Draw
,,,,,,,,,,,,,,,,,Draw
,,,,,,,,,,,,,,,,,Draw
,,,,,,,,,,,,,,,,,Draw
,,,,,,,,,,,,,,,,,Draw
,,,,,,,,,,,,,,,,,Draw
,,,,,,,,,,,,,,,,,Draw
,,,,,,,,,,,,,,,,,Draw
,,,,,,,,,,,,,,,,,Draw
,,,,,,,,,,,,,,,,,Draw
,,,,,,,,,,,,,,,,,Draw
,,,,,,,,,,,,,,,,,Draw
,,,,,,,,,,,,,,,,,Draw
,,,,,,,,,,,,,,,,,Draw
,,,,,,,,,,,,,,,,,Draw
,,,,,,,,,,,,,,,,,Draw
,,,,,,,,,,,,,,,,,Draw
,,,,,,,,,,,,,,,,,Draw
,,,,,,,,,,,,,,,,,Draw
,,,,,,,,,,,,,,,,,Draw
,,,,,,,,,,,,,,,,,Draw
,,,,,,,,,,,,,,,,,Draw
,,,,,,,,,,,,,,,,,Draw
,,,,,,,,,,,,,,,,,Draw
,,,,,,,,,,,,,,,,,Draw
,,,,,,,,,,,,,,,,,Draw
,,,,,,,,,,,,,,,,,Draw
,,,,,,,,,,,,,,,,,Draw
,,,,,,,,,,,,,,,,,Draw
,,,,,,,,,,,,,,,,,Draw
,,,,,,,,,,,,,,,,,Draw
,,,,,,,,,,,,,,,,,Draw
,,,,,,,,,,,,,,,,,Draw
,,,,,,,,,,,,,,,,,Draw
,,,,,,,,,,,,,,,,,Draw
,,,,,,,,,,,,,,,,,Draw
,,,,,,,,,,,,,,,,,Draw
,,,,,,,,,,,,,,,,,Draw
,,,,,,,,,,,,,,,,,Draw
,,,,,,,,,,,,,,,,,Draw
,,,,,,,,,,,,,,,,,Draw
,,,,,,,,,,,,,,,,,Draw
,,,,,,,,,,,,,,,,,Draw
,,,,,,,,,,,,,,,,,Draw
,,,,,,,,,,,,,,,,,Draw
,,,,,,,,,,,,,,,,,Draw
,,,,,,,,,,,,,,,,,Draw
,,,,,,,,,,,,,,,,,Draw
,,,,,,,,,,,,,,,,,Draw
,,,,,,,,,,,,,,,,,Draw
,,,,,,,,,,,,,,,,,Draw
,,,,,,,,,,,,,,,,,Draw
,,,,,,,,,,,,,,,,,Draw
,,,,,,,,,,,,,,,,,Draw
,,,,,,,,,,,,,,,,,Draw
,,,,,,,,,,,,,,,,,Draw
,,,,,,,,,,,,,,,,,Draw
,,,,,,,,,,,,,,,,,Draw
,,,,,,,,,,,,,,,,,Draw
,,,,,,,,,,,,,,,,,Draw
,,,,,,,,,,,,,,,,,Draw
,,,,,,,,,,,,,,,,,Draw
,,,,,,,,,,,,,,,,,Draw
,,,,,,,,,,,,,,,,,Draw
,,,,,,,,,,,,,,,,,Draw
,,,,,,,,,,,,,,,,,Draw
,,,,,,,,,,,,,,,,,Draw
,,,,,,,,,,,,,,,,,Draw
,,,,,,,,,,,,,,,,,Draw
,,,,,,,,,,,,,,,,,Draw
,,,,,,,,,,,,,,,,,Draw
,,,,,,,,,,,,,,,,,Draw
,,,,,,,,,,,,,,,,,Draw
,,,,,,,,,,,,,,,,,Draw
,,,,,,,,,,,,,,,,,Draw
,,,,,,,,,,,,,,,,,Draw
,,,,,,,,,,,,,,,,,Draw
,,,,,,,,,,,,,,,,,Draw
,,,,,,,,,,,,,,,,,Draw
,,,,,,,,,,,,,,,,,Draw
,,,,,,,,,,,,,,,,,Draw
,,,,,,,,,,,,,,,,,Draw
,,,,,,,,,,,,,,,,,Draw
,,,,,,,,,,,,,,,,,Draw
,,,,,,,,,,,,,,,,,Draw
,,,,,,,,,,,,,,,,,Draw
,,,,,,,,,,,,,,,,,Draw
,,,,,,,,,,,,,,,,,Draw
,,,,,,,,,,,,,,,,,Draw
,,,,,,,,,,,,,,,,,Draw
,,,,,,,,,,,,,,,,,Draw
,,,,,,,,,,,,,,,,,Draw
,,,,,,,,,,,,,,,,,Draw
,,,,,,,,,,,,,,,,,Draw
,,,,,,,,,,,,,,,,,Draw
,,,,,,,,,,,,,,,,,Draw
,,,,,,,,,,,,,,,,,Draw
,,,,,,,,,,,,,,,,,Draw
,,,,,,,,,,,,,,,,,Draw
,,,,,,,,,,,,,,,,,Draw
,,,,,,,,,,,,,,,,,Draw
,,,,,,,,,,,,,,,,,Draw
,,,,,,,,,,,,,,,,,Draw
,,,,,,,,,,,,,,,,,Draw
,,,,,,,,,,,,,,,,,Draw
,,,,,,,,,,,,,,,,,Draw
,,,,,,,,,,,,,,,,,Draw
,,,,,,,,,,,,,,,,,Draw
,,,,,,,,,,,,,,,,,Draw
,,,,,,,,,,,,,,,,,Draw
,,,,,,,,,,,,,,,,,Draw
,,,,,,,,,,,,,,,,,Draw
,,,,,,,,,,,,,,,,,Draw
,,,,,,,,,,,,,,,,,Draw
,,,,,,,,,,,,,,,,,Draw
,,,,,,,,,,,,,,,,,Draw
,,,,,,,,,,,,,,,,,Draw
,,,,,,,,,,,,,,,,,Draw
,,,,,,,,,,,,,,,,,Draw
,,,,,,,,,,,,,,,,,Draw
,,,,,,,,,,,,,,,,,Draw
,,,,,,,,,,,,,,,,,Draw
,,,,,,,,,,,,,,,,,Draw
,,,,,,,,,,,,,,,,,Draw
,,,,,,,,,,,,,,,,,Draw
,,,,,,,,,,,,,,,,,Draw
,,,,,,,,,,,,,,,,,Draw
,,,,,,,,,,,,,,,,,Draw
,,,,,,,,,,,,,,,,,Draw
,,,,,,,,,,,,,,,,,Draw
,,,,,,,,,,,,,,,,,Draw
,,,,,,,,,,,,,,,,,Draw
,,,,,,,,,,,,,,,,,Draw
,,,,,,,,,,,,,,,,,Draw
,,,,,,,,,,,,,,,,,Draw
,,,,,,,,,,,,,,,,,Draw
,,,,,,,,,,,,,,,,,Draw
,,,,,,,,,,,,,,,,,Draw
,,,,,,,,,,,,,,,,,Draw
,,,,,,,,,,,,,,,,,Draw
,,,,,,,,,,,,,,,,,Draw
,,,,,,,,,,,,,,,,,Draw
,,,,,,,,,,,,,,,,,Draw
,,,,,,,,,,,,,,,,,Draw
,,,,,,,,,,,,,,,,,Draw
,,,,,,,,,,,,,,,,,Draw
,,,,,,,,,,,,,,,,,Draw
,,,,,,,,,,,,,,,,,Draw
,,,,,,,,,,,,,,,,,Draw
,,,,,,,,,,,,,,,,,Draw
,,,,,,,,,,,,,,,,,Draw
,,,,,,,,,,,,,,,,,Draw
,,,,,,,,,,,,,,,,,Draw
,,,,,,,,,,,,,,,,,Draw
,,,,,,,,,,,,,,,,,Draw
,,,,,,,,,,,,,,,,,Draw
,,,,,,,,,,,,,,,,,Draw
,,,,,,,,,,,,,,,,,Draw
,,,,,,,,,,,,,,,,,Draw
,,,,,,,,,,,,,,,,,Draw
,,,,,,,,,,,,,,,,,Draw
,,,,,,,,,,,,,,,,,Draw
,,,,,,,,,,,,,,,,,Draw
,,,,,,,,,,,,,,,,,Draw
,,,,,,,,,,,,,,,,,Draw
,,,,,,,,,,,,,,,,,Draw
,,,,,,,,,,,,,,,,,Draw
,,,,,,,,,,,,,,,,,Draw
,,,,,,,,,,,,,,,,,Draw
,,,,,,,,,,,,,,,,,Draw
,,,,,,,,,,,,,,,,,Draw
,,,,,,,,,,,,,,,,,Draw
,,,,,,,,,,,,,,,,,Draw
,,,,,,,,,,,,,,,,,Draw
,,,,,,,,,,,,,,,,,Draw
,,,,,,,,,,,,,,,,,Draw
,,,,,,,,,,,,,,,,,Draw
,,,,,,,,,,,,,,,,,Draw
,,,,,,,,,,,,,,,,,Draw
,,,,,,,,,,,,,,,,,Draw
,,,,,,,,,,,,,,,,,Draw
,,,,,,,,,,,,,,,,,Draw
,,,,,,,,,,,,,,,,,Draw
,,,,,,,,,,,,,,,,,Draw
,,,,,,,,,,,,,,,,,Draw
,,,,,,,,,,,,,,,,,Draw
,,,,,,,,,,,,,,,,,Draw
,,,,,,,,,,,,,,,,,Draw
,,,,,,,,,,,,,,,,,Draw
,,,,,,,,,,,,,,,,,Draw
,,,,,,,,,,,,,,,,,Draw
,,,,,,,,,,,,,,,,,Draw
,,,,,,,,,,,,,,,,,Draw
,,,,,,,,,,,,,,,,,Draw
,,,,,,,,,,,,,,,,,Draw
,,,,,,,,,,,,,,,,,Draw
,,,,,,,,,,,,,,,,,Draw
,,,,,,,,,,,,,,,,,Draw
,,,,,,,,,,,,,,,,,Draw
,,,,,,,,,,,,,,,,,Draw
,,,,,,,,,,,,,,,,,Draw
,,,,,,,,,,,,,,,,,Draw
,,,,,,,,,,,,,,,,,Draw
,,,,,,,,,,,,,,,,,Draw
,,,,,,,,,,,,,,,,,Draw
,,,,,,,,,,,,,,,,,Draw
,,,,,,,,,,,,,,,,,Draw
,,,,,,,,,,,,,,,,,Draw
,,,,,,,,,,,,,,,,,Draw
,,,,,,,,,,,,,,,,,Draw
,,,,,,,,,,,,,,,,,Draw
,,,,,,,,,,,,,,,,,Draw
,,,,,,,,,,,,,,,,,Draw
,,,,,,,,,,,,,,,,,Draw
,,,,,,,,,,,,,,,,,Draw
,,,,,,,,,,,,,,,,,Draw
,,,,,,,,,,,,,,,,,Draw
,,,,,,,,,,,,,,,,,Draw
,,,,,,,,,,,,,,,,,Draw
,,,,,,,,,,,,,,,,,Draw
,,,,,,,,,,,,,,,,,Draw
,,,,,,,,,,,,,,,,,Draw
,,,,,,,,,,,,,,,,,Draw
,,,,,,,,,,,,,,,,,Draw
,,,,,,,,,,,,,,,,,Draw
,,,,,,,,,,,,,,,,,Draw
,,,,,,,,,,,,,,,,,Draw
,,,,,,,,,,,,,,,,,Draw
,,,,,,,,,,,,,,,,,Draw
,,,,,,,,,,,,,,,,,Draw
,,,,,,,,,,,,,,,,,Draw
,,,,,,,,,,,,,,,,,Draw
,,,,,,,,,,,,,,,,,Draw
,,,,,,,,,,,,,,,,,Draw
,,,,,,,,,,,,,,,,,Draw
,,,,,,,,,,,,,,,,,Draw
,,,,,,,,,,,,,,,,,Draw
,,,,,,,,,,,,,,,,,Draw
,,,,,,,,,,,,,,,,,Draw
,,,,,,,,,,,,,,,,,Draw
,,,,,,,,,,,,,,,,,Draw
,,,,,,,,,,,,,,,,,Draw
,,,,,,,,,,,,,,,,,Draw
,,,,,,,,,,,,,,,,,Draw
,,,,,,,,,,,,,,,,,Draw
,,,,,,,,,,,,,,,,,Draw
,,,,,,,,,,,,,,,,,Draw
,,,,,,,,,,,,,,,,,Draw
,,,,,,,,,,,,,,,,,Draw
,,,,,,,,,,,,,,,,,Draw
,,,,,,,,,,,,,,,,,Draw
,,,,,,,,,,,,,,,,,Draw
,,,,,,,,,,,,,,,,,Draw
,,,,,,,,,,,,,,,,,Draw
,,,,,,,,,,,,,,,,,Draw
,,,,,,,,,,,,,,,,,Draw
,,,,,,,,,,,,,,,,,Draw
,,,,,,,,,,,,,,,,,Draw
,,,,,,,,,,,,,,,,,Draw
,,,,,,,,,,,,,,,,,Draw
,,,,,,,,,,,,,,,,,Draw
,,,,,,,,,,,,,,,,,Draw
,,,,,,,,,,,,,,,,,Draw
,,,,,,,,,,,,,,,,,Draw
,,,,,,,,,,,,,,,,,Draw
,,,,,,,,,,,,,,,,,Draw
,,,,,,,,,,,,,,,,,Draw
,,,,,,,,,,,,,,,,,Draw
,,,,,,,,,,,,,,,,,Draw
,,,,,,,,,,,,,,,,,Draw
,,,,,,,,,,,,,,,,,Draw
,,,,,,,,,,,,,,,,,Draw
,,,,,,,,,,,,,,,,,Draw
,,,,,,,,,,,,,,,,,Draw
,,,,,,,,,,,,,,,,,Draw
,,,,,,,,,,,,,,,,,Draw
,,,,,,,,,,,,,,,,,Draw
,,,,,,,,,,,,,,,,,Draw
,,,,,,,,,,,,,,,,,Draw
,,,,,,,,,,,,,,,,,Draw
,,,,,,,,,,,,,,,,,Draw
,,,,,,,,,,,,,,,,,Draw
,,,,,,,,,,,,,,,,,Draw
,,,,,,,,,,,,,,,,,Draw
,,,,,,,,,,,,,,,,,Draw
,,,,,,,,,,,,,,,,,Draw
,,,,,,,,,,,,,,,,,Draw
,,,,,,,,,,,,,,,,,Draw
,,,,,,,,,,,,,,,,,Draw
,,,,,,,,,,,,,,,,,Draw
,,,,,,,,,,,,,,,,,Draw
,,,,,,,,,,,,,,,,,Draw
,,,,,,,,,,,,,,,,,Draw
,,,,,,,,,,,,,,,,,Draw
,,,,,,,,,,,,,,,,,Draw
,,,,,,,,,,,,,,,,,Draw
,,,,,,,,,,,,,,,,,Draw
,,,,,,,,,,,,,,,,,Draw
,,,,,,,,,,,,,,,,,Draw
,,,,,,,,,,,,,,,,,Draw
,,,,,,,,,,,,,,,,,Draw
,,,,,,,,,,,,,,,,,Draw
,,,,,,,,,,,,,,,,,Draw
,,,,,,,,,,,,,,,,,Draw
,,,,,,,,,,,,,,,,,Draw
,,,,,,,,,,,,,,,,,Draw
,,,,,,,,,,,,,,,,,Draw
,,,,,,,,,,,,,,,,,Draw
,,,,,,,,,,,,,,,,,Draw
,,,,,,,,,,,,,,,,,Draw
,,,,,,,,,,,,,,,,,Draw
,,,,,,,,,,,,,,,,,Draw
,,,,,,,,,,,,,,,,,Draw
,,,,,,,,,,,,,,,,,Draw
,,,,,,,,,,,,,,,,,Draw
,,,,,,,,,,,,,,,,,Draw
,,,,,,,,,,,,,,,,,Draw
,,,,,,,,,,,,,,,,,Draw
,,,,,,,,,,,,,,,,,Draw
,,,,,,,,,,,,,,,,,Draw
,,,,,,,,,,,,,,,,,Draw
,,,,,,,,,,,,,,,,,Draw
,,,,,,,,,,,,,,,,,Draw
,,,,,,,,,,,,,,,,,Draw
,,,,,,,,,,,,,,,,,Draw
,,,,,,,,,,,,,,,,,Draw
,,,,,,,,,,,,,,,,,Draw
,,,,,,,,,,,,,,,,,Draw
,,,,,,,,,,,,,,,,,Draw
,,,,,,,,,,,,,,,,,Draw
,,,,,,,,,,,,,,,,,Draw
,,,,,,,,,,,,,,,,,Draw
,,,,,,,,,,,,,,,,,Draw
,,,,,,,,,,,,,,,,,Draw
,,,,,,,,,,,,,,,,,Draw
,,,,,,,,,,,,,,,,,Draw
,,,,,,,,,,,,,,,,,Draw
,,,,,,,,,,,,,,,,,Draw
,,,,,,,,,,,,,,,,,Draw
,,,,,,,,,,,,,,,,,Draw
,,,,,,,,,,,,,,,,,Draw
,,,,,,,,,,,,,,,,,Draw
,,,,,,,,,,,,,,,,,Draw
,,,,,,,,,,,,,,,,,Draw
,,,,,,,,,,,,,,,,,Draw
,,,,,,,,,,,,,,,,,Draw
,,,,,,,,,,,,,,,,,Draw
,,,,,,,,,,,,,,,,,Draw
,,,,,,,,,,,,,,,,,Draw
,,,,,,,,,,,,,,,,,Draw
,,,,,,,,,,,,,,,,,Draw
,,,,,,,,,,,,,,,,,Draw
,,,,,,,,,,,,,,,,,Draw
,,,,,,,,,,,,,,,,,Draw
,,,,,,,,,,,,,,,,,Draw
,,,,,,,,,,,,,,,,,Draw
,,,,,,,,,,,,,,,,,Draw
,,,,,,,,,,,,,,,,,Draw
,,,,,,,,,,,,,,,,,Draw
,,,,,,,,,,,,,,,,,Draw
,,,,,,,,,,,,,,,,,Draw
,,,,,,,,,,,,,,,,,Draw
,,,,,,,,,,,,,,,,,Draw
,,,,,,,,,,,,,,,,,Draw
,,,,,,,,,,,,,,,,,Draw
,,,,,,,,,,,,,,,,,Draw
,,,,,,,,,,,,,,,,,Draw
,,,,,,,,,,,,,,,,,Draw
,,,,,,,,,,,,,,,,,Draw
,,,,,,,,,,,,,,,,,Draw
,,,,,,,,,,,,,,,,,Draw
,,,,,,,,,,,,,,,,,Draw
,,,,,,,,,,,,,,,,,Draw
,,,,,,,,,,,,,,,,,Draw
,,,,,,,,,,,,,,,,,Draw
,,,,,,,,,,,,,,,,,Draw
,,,,,,,,,,,,,,,,,Draw
,,,,,,,,,,,,,,,,,Draw
,,,,,,,,,,,,,,,,,Draw
,,,,,,,,,,,,,,,,,Draw
,,,,,,,,,,,,,,,,,Draw
,,,,,,,,,,,,,,,,,Draw
,,,,,,,,,,,,,,,,,Draw
,,,,,,,,,,,,,,,,,Draw
,,,,,,,,,,,,,,,,,Draw
,,,,,,,,,,,,,,,,,Draw
,,,,,,,,,,,,,,,,,Draw
,,,,,,,,,,,,,,,,,Draw
,,,,,,,,,,,,,,,,,Draw
,,,,,,,,,,,,,,,,,Draw
,,,,,,,,,,,,,,,,,Draw
,,,,,,,,,,,,,,,,,Draw
,,,,,,,,,,,,,,,,,Draw
,,,,,,,,,,,,,,,,,Draw
,,,,,,,,,,,,,,,,,Draw
,,,,,,,,,,,,,,,,,Draw
,,,,,,,,,,,,,,,,,Draw
,,,,,,,,,,,,,,,,,Draw
,,,,,,,,,,,,,,,,,Draw
,,,,,,,,,,,,,,,,,Draw
,,,,,,,,,,,,,,,,,Draw
,,,,,,,,,,,,,,,,,Draw
,,,,,,,,,,,,,,,,,Draw
,,,,,,,,,,,,,,,,,Draw
,,,,,,,,,,,,,,,,,Draw
,,,,,,,,,,,,,,,,,Draw
,,,,,,,,,,,,,,,,,Draw
,,,,,,,,,,,,,,,,,Draw
,,,,,,,,,,,,,,,,,Draw
,,,,,,,,,,,,,,,,,Draw
,,,,,,,,,,,,,,,,,Draw
,,,,,,,,,,,,,,,,,Draw
,,,,,,,,,,,,,,,,,Draw
,,,,,,,,,,,,,,,,,Draw
,,,,,,,,,,,,,,,,,Draw
,,,,,,,,,,,,,,,,,Draw
,,,,,,,,,,,,,,,,,Draw
,,,,,,,,,,,,,,,,,Draw
,,,,,,,,,,,,,,,,,Draw
,,,,,,,,,,,,,,,,,Draw
,,,,,,,,,,,,,,,,,Draw
,,,,,,,,,,,,,,,,,Draw
,,,,,,,,,,,,,,,,,Draw
,,,,,,,,,,,,,,,,,Draw
,,,,,,,,,,,,,,,,,Draw
,,,,,,,,,,,,,,,,,Draw
,,,,,,,,,,,,,,,,,Draw
,,,,,,,,,,,,,,,,,Draw
,,,,,,,,,,,,,,,,,Draw
,,,,,,,,,,,,,,,,,Draw
,,,,,,,,,,,,,,,,,Draw
,,,,,,,,,,,,,,,,,Draw
,,,,,,,,,,,,,,,,,Draw
,,,,,,,,,,,,,,,,,Draw
,,,,,,,,,,,,,,,,,Draw
,,,,,,,,,,,,,,,,,Draw
,,,,,,,,,,,,,,,,,Draw
,,,,,,,,,,,,,,,,,Draw
,,,,,,,,,,,,,,,,,Draw
,,,,,,,,,,,,,,,,,Draw
,,,,,,,,,,,,,,,,,Draw
,,,,,,,,,,,,,,,,,Draw
,,,,,,,,,,,,,,,,,Draw
,,,,,,,,,,,,,,,,,Draw
,,,,,,,,,,,,,,,,,Draw
,,,,,,,,,,,,,,,,,Draw
,,,,,,,,,,,,,,,,,Draw
,,,,,,,,,,,,,,,,,Draw
,,,,,,,,,,,,,,,,,Draw
,,,,,,,,,,,,,,,,,Draw
,,,,,,,,,,,,,,,,,Draw
,,,,,,,,,,,,,,,,,Draw
,,,,,,,,,,,,,,,,,Draw
,,,,,,,,,,,,,,,,,Draw
,,,,,,,,,,,,,,,,,Draw
,,,,,,,,,,,,,,,,,Draw
,,,,,,,,,,,,,,,,,Draw
,,,,,,,,,,,,,,,,,Draw
,,,,,,,,,,,,,,,,,Draw
,,,,,,,,,,,,,,,,,Draw
,,,,,,,,,,,,,,,,,Draw
,,,,,,,,,,,,,,,,,Draw
,,,,,,,,,,,,,,,,,Draw
,,,,,,,,,,,,,,,,,Draw
,,,,,,,,,,,,,,,,,Draw
,,,,,,,,,,,,,,,,,Draw
,,,,,,,,,,,,,,,,,Draw
,,,,,,,,,,,,,,,,,Draw
,,,,,,,,,,,,,,,,,Draw
,,,,,,,,,,,,,,,,,Draw
,,,,,,,,,,,,,,,,,Draw
,,,,,,,,,,,,,,,,,Draw
,,,,,,,,,,,,,,,,,Draw
,,,,,,,,,,,,,,,,,Draw
,,,,,,,,,,,,,,,,,Draw
,,,,,,,,,,,,,,,,,Draw
,,,,,,,,,,,,,,,,,Draw
,,,,,,,,,,,,,,,,,Draw
,,,,,,,,,,,,,,,,,Draw
,,,,,,,,,,,,,,,,,Draw
,,,,,,,,,,,,,,,,,Draw
,,,,,,,,,,,,,,,,,Draw
,,,,,,,,,,,,,,,,,Draw
,,,,,,,,,,,,,,,,,Draw
,,,,,,,,,,,,,,,,,Draw
,,,,,,,,,,,,,,,,,Draw
,,,,,,,,,,,,,,,,,Draw
,,,,,,,,,,,,,,,,,Draw
,,,,,,,,,,,,,,,,,Draw
,,,,,,,,,,,,,,,,,Draw
,,,,,,,,,,,,,,,,,Draw
,,,,,,,,,,,,,,,,,Draw
,,,,,,,,,,,,,,,,,Draw
,,,,,,,,,,,,,,,,,Draw
,,,,,,,,,,,,,,,,,Draw
,,,,,,,,,,,,,,,,,Draw
,,,,,,,,,,,,,,,,,Draw
,,,,,,,,,,,,,,,,,Draw
,,,,,,,,,,,,,,,,,Draw
,,,,,,,,,,,,,,,,,Draw
,,,,,,,,,,,,,,,,,Draw
,,,,,,,,,,,,,,,,,Draw
,,,,,,,,,,,,,,,,,Draw
,,,,,,,,,,,,,,,,,Draw
,,,,,,,,,,,,,,,,,Draw
,,,,,,,,,,,,,,,,,Draw
,,,,,,,,,,,,,,,,,Draw
,,,,,,,,,,,,,,,,,Draw
,,,,,,,,,,,,,,,,,Draw
,,,,,,,,,,,,,,,,,Draw
,,,,,,,,,,,,,,,,,Draw
,,,,,,,,,,,,,,,,,Draw
,,,,,,,,,,,,,,,,,Draw
,,,,,,,,,,,,,,,,,Draw
,,,,,,,,,,,,,,,,,Draw
,,,,,,,,,,,,,,,,,Draw
,,,,,,,,,,,,,,,,,Draw
,,,,,,,,,,,,,,,,,Draw
,,,,,,,,,,,,,,,,,Draw
,,,,,,,,,,,,,,,,,Draw
,,,,,,,,,,,,,,,,,Draw
,,,,,,,,,,,,,,,,,Draw
,,,,,,,,,,,,,,,,,Draw
,,,,,,,,,,,,,,,,,Draw
,,,,,,,,,,,,,,,,,Draw
,,,,,,,,,,,,,,,,,Draw
,,,,,,,,,,,,,,,,,Draw
,,,,,,,,,,,,,,,,,Draw
,,,,,,,,,,,,,,,,,Draw
,,,,,,,,,,,,,,,,,Draw
,,,,,,,,,,,,,,,,,Draw
,,,,,,,,,,,,,,,,,Draw
,,,,,,,,,,,,,,,,,Draw
,,,,,,,,,,,,,,,,,Draw
,,,,,,,,,,,,,,,,,Draw
,,,,,,,,,,,,,,,,,Draw
,,,,,,,,,,,,,,,,,Draw
,,,,,,,,,,,,,,,,,Draw
,,,,,,,,,,,,,,,,,Draw
,,,,,,,,,,,,,,,,,Draw
,,,,,,,,,,,,,,,,,Draw
,,,,,,,,,,,,,,,,,Draw
,,,,,,,,,,,,,,,,,Draw
,,,,,,,,,,,,,,,,,Draw
,,,,,,,,,,,,,,,,,Draw
,,,,,,,,,,,,,,,,,Draw
,,,,,,,,,,,,,,,,,Draw
,,,,,,,,,,,,,,,,,Draw
,,,,,,,,,,,,,,,,,Draw
,,,,,,,,,,,,,,,,,Draw
,,,,,,,,,,,,,,,,,Draw
,,,,,,,,,,,,,,,,,Draw
,,,,,,,,,,,,,,,,,Draw
,,,,,,,,,,,,,,,,,Draw
,,,,,,,,,,,,,,,,,Draw
,,,,,,,,,,,,,,,,,Draw
,,,,,,,,,,,,,,,,,Draw
,,,,,,,,,,,,,,,,,Draw
,,,,,,,,,,,,,,,,,Draw
,,,,,,,,,,,,,,,,,Draw
,,,,,,,,,,,,,,,,,Draw
,,,,,,,,,,,,,,,,,Draw
,,,,,,,,,,,,,,,,,Draw
,,,,,,,,,,,,,,,,,Draw
,,,,,,,,,,,,,,,,,Draw
,,,,,,,,,,,,,,,,,Draw
,,,,,,,,,,,,,,,,,Draw
,,,,,,,,,,,,,,,,,Draw
,,,,,,,,,,,,,,,,,Draw
,,,,,,,,,,,,,,,,,Draw
,,,,,,,,,,,,,,,,,Draw
,,,,,,,,,,,,,,,,,Draw
,,,,,,,,,,,,,,,,,Draw
,,,,,,,,,,,,,,,,,Draw
,,,,,,,,,,,,,,,,,Draw
,,,,,,,,,,,,,,,,,Draw
,,,,,,,,,,,,,,,,,Draw
,,,,,,,,,,,,,,,,,Draw
,,,,,,,,,,,,,,,,,Draw
,,,,,,,,,,,,,,,,,Draw
,,,,,,,,,,,,,,,,,Draw
,,,,,,,,,,,,,,,,,Draw
,,,,,,,,,,,,,,,,,Draw
,,,,,,,,,,,,,,,,,Draw
,,,,,,,,,,,,,,,,,Draw
,,,,,,,,,,,,,,,,,Draw
,,,,,,,,,,,,,,,,,Draw
,,,,,,,,,,,,,,,,,Draw
,,,,,,,,,,,,,,,,,Draw
,,,,,,,,,,,,,,,,,Draw
,,,,,,,,,,,,,,,,,Draw
,,,,,,,,,,,,,,,,,Draw
,,,,,,,,,,,,,,,,,Draw
,,,,,,,,,,,,,,,,,Draw
,,,,,,,,,,,,,,,,,Draw
,,,,,,,,,,,,,,,,,Draw
,,,,,,,,,,,,,,,,,Draw
,,,,,,,,,,,,,,,,,Draw
,,,,,,,,,,,,,,,,,Draw
,,,,,,,,,,,,,,,,,Draw
,,,,,,,,,,,,,,,,,Draw
,,,,,,,,,,,,,,,,,Draw
,,,,,,,,,,,,,,,,,Draw
,,,,,,,,,,,,,,,,,Draw
,,,,,,,,,,,,,,,,,Draw
,,,,,,,,,,,,,,,,,Draw
,,,,,,,,,,,,,,,,,Draw
,,,,,,,,,,,,,,,,,Draw
,,,,,,,,,,,,,,,,,Draw
,,,,,,,,,,,,,,,,,Draw
,,,,,,,,,,,,,,,,,Draw
,,,,,,,,,,,,,,,,,Draw
,,,,,,,,,,,,,,,,,Draw
,,,,,,,,,,,,,,,,,Draw
,,,,,,,,,,,,,,,,,Draw
,,,,,,,,,,,,,,,,,Draw
,,,,,,,,,,,,,,,,,Draw
,,,,,,,,,,,,,,,,,Draw
,,,,,,,,,,,,,,,,,Draw
,,,,,,,,,,,,,,,,,Draw
,,,,,,,,,,,,,,,,,Draw
,,,,,,,,,,,,,,,,,Draw
,,,,,,,,,,,,,,,,,Draw
,,,,,,,,,,,,,,,,,Draw
,,,,,,,,,,,,,,,,,Draw
,,,,,,,,,,,,,,,,,Draw
,,,,,,,,,,,,,,,,,Draw
,,,,,,,,,,,,,,,,,Draw
,,,,,,,,,,,,,,,,,Draw
,,,,,,,,,,,,,,,,,Draw
,,,,,,,,,,,,,,,,,Draw
,,,,,,,,,,,,,,,,,Draw
,,,,,,,,,,,,,,,,,Draw
,,,,,,,,,,,,,,,,,Draw
,,,,,,,,,,,,,,,,,Draw
,,,,,,,,,,,,,,,,,Draw
,,,,,,,,,,,,,,,,,Draw
,,,,,,,,,,,,,,,,,Draw
,,,,,,,,,,,,,,,,,Draw
,,,,,,,,,,,,,,,,,Draw
,,,,,,,,,,,,,,,,,Draw
,,,,,,,,,,,,,,,,,Draw
,,,,,,,,,,,,,,,,,Draw
,,,,,,,,,,,,,,,,,Draw
,,,,,,,,,,,,,,,,,Draw
,,,,,,,,,,,,,,,,,Draw
,,,,,,,,,,,,,,,,,Draw
,,,,,,,,,,,,,,,,,Draw
,,,,,,,,,,,,,,,,,Draw
,,,,,,,,,,,,,,,,,Draw
,,,,,,,,,,,,,,,,,Draw
,,,,,,,,,,,,,,,,,Draw
,,,,,,,,,,,,,,,,,Draw
,,,,,,,,,,,,,,,,,Draw
,,,,,,,,,,,,,,,,,Draw
,,,,,,,,,,,,,,,,,Draw
,,,,,,,,,,,,,,,,,Draw
,,,,,,,,,,,,,,,,,Draw
,,,,,,,,,,,,,,,,,Draw
,,,,,,,,,,,,,,,,,Draw
,,,,,,,,,,,,,,,,,Draw
,,,,,,,,,,,,,,,,,Draw
,,,,,,,,,,,,,,,,,Draw
,,,,,,,,,,,,,,,,,Draw
,,,,,,,,,,,,,,,,,Draw
,,,,,,,,,,,,,,,,,Draw
,,,,,,,,,,,,,,,,,Draw
,,,,,,,,,,,,,,,,,Draw
,,,,,,,,,,,,,,,,,Draw
,,,,,,,,,,,,,,,,,Draw
,,,,,,,,,,,,,,,,,Draw
,,,,,,,,,,,,,,,,,Draw
,,,,,,,,,,,,,,,,,Draw
,,,,,,,,,,,,,,,,,Draw
,,,,,,,,,,,,,,,,,Draw
,,,,,,,,,,,,,,,,,Draw
,,,,,,,,,,,,,,,,,Draw
,,,,,,,,,,,,,,,,,Draw
,,,,,,,,,,,,,,,,,Draw
,,,,,,,,,,,,,,,,,Draw
,,,,,,,,,,,,,,,,,Draw
,,,,,,,,,,,,,,,,,Draw
,,,,,,,,,,,,,,,,,Draw
,,,,,,,,,,,,,,,,,Draw
,,,,,,,,,,,,,,,,,Draw
,,,,,,,,,,,,,,,,,Draw
,,,,,,,,,,,,,,,,,Draw
,,,,,,,,,,,,,,,,,Draw
,,,,,,,,,,,,,,,,,Draw
,,,,,,,,,,,,,,,,,Draw
,,,,,,,,,,,,,,,,,Draw
,,,,,,,,,,,,,,,,,Draw
,,,,,,,,,,,,,,,,,Draw
,,,,,,,,,,,,,,,,,Draw
,,,,,,,,,,,,,,,,,Draw
,,,,,,,,,,,,,,,,,Draw
,,,,,,,,,,,,,,,,,Draw
,,,,,,,,,,,,,,,,,Draw
,,,,,,,,,,,,,,,,,Draw
,,,,,,,,,,,,,,,,,Draw
,,,,,,,,,,,,,,,,,Draw
,,,,,,,,,,,,,,,,,Draw
,,,,,,,,,,,,,,,,,Draw
,,,,,,,,,,,,,,,,,Draw
,,,,,,,,,,,,,,,,,Draw
,,,,,,,,,,,,,,,,,Draw
,,,,,,,,,,,,,,,,,Draw
,,,,,,,,,,,,,,,,,Draw
,,,,,,,,,,,,,,,,,Draw
,,,,,,,,,,,,,,,,,Draw
,,,,,,,,,,,,,,,,,Draw
,,,,,,,,,,,,,,,,,Draw
,,,,,,,,,,,,,,,,,Draw
,,,,,,,,,,,,,,,,,Draw
,,,,,,,,,,,,,,,,,Draw
,,,,,,,,,,,,,,,,,Draw
,,,,,,,,,,,,,,,,,Draw
,,,,,,,,,,,,,,,,,Draw
,,,,,,,,,,,,,,,,,Draw
,,,,,,,,,,,,,,,,,Draw
,,,,,,,,,,,,,,,,,Draw
,,,,,,,,,,,,,,,,,Draw
,,,,,,,,,,,,,,,,,Draw
,,,,,,,,,,,,,,,,,Draw
,,,,,,,,,,,,,,,,,Draw
,,,,,,,,,,,,,,,,,Draw
,,,,,,,,,,,,,,,,,Draw
,,,,,,,,,,,,,,,,,Draw
,,,,,,,,,,,,,,,,,Draw
,,,,,,,,,,,,,,,,,Draw
,,,,,,,,,,,,,,,,,Draw
,,,,,,,,,,,,,,,,,Draw
,,,,,,,,,,,,,,,,,Draw
,,,,,,,,,,,,,,,,,Draw
,,,,,,,,,,,,,,,,,Draw
,,,,,,,,,,,,,,,,,Draw
,,,,,,,,,,,,,,,,,Draw
,,,,,,,,,,,,,,,,,Draw
,,,,,,,,,,,,,,,,,Draw
,,,,,,,,,,,,,,,,,Draw
,,,,,,,,,,,,,,,,,Draw
,,,,,,,,,,,,,,,,,Draw
,,,,,,,,,,,,,,,,,Draw
,,,,,,,,,,,,,,,,,Draw
,,,,,,,,,,,,,,,,,Draw
,,,,,,,,,,,,,,,,,Draw
,,,,,,,,,,,,,,,,,Draw
,,,,,,,,,,,,,,,,,Draw
,,,,,,,,,,,,,,,,,Draw
,,,,,,,,,,,,,,,,,Draw
,,,,,,,,,,,,,,,,,Draw
,,,,,,,,,,,,,,,,,Draw
,,,,,,,,,,,,,,,,,Draw
,,,,,,,,,,,,,,,,,Draw
,,,,,,,,,,,,,,,,,Draw
,,,,,,,,,,,,,,,,,Draw
,,,,,,,,,,,,,,,,,Draw
,,,,,,,,,,,,,,,,,Draw
,,,,,,,,,,,,,,,,,Draw
,,,,,,,,,,,,,,,,,Draw
,,,,,,,,,,,,,,,,,Draw
,,,,,,,,,,,,,,,,,Draw
,,,,,,,,,,,,,,,,,Draw
,,,,,,,,,,,,,,,,,Draw
,,,,,,,,,,,,,,,,,Draw
,,,,,,,,,,,,,,,,,Draw
,,,,,,,,,,,,,,,,,Draw
,,,,,,,,,,,,,,,,,Draw
,,,,,,,,,,,,,,,,,Draw
,,,,,,,,,,,,,,,,,Draw
,,,,,,,,,,,,,,,,,Draw
,,,,,,,,,,,,,,,,,Draw
,,,,,,,,,,,,,,,,,Draw
,,,,,,,,,,,,,,,,,Draw
,,,,,,,,,,,,,,,,,Draw
,,,,,,,,,,,,,,,,,Draw
,,,,,,,,,,,,,,,,,Draw
,,,,,,,,,,,,,,,,,Draw
,,,,,,,,,,,,,,,,,Draw
,,,,,,,,,,,,,,,,,Draw
,,,,,,,,,,,,,,,,,Draw
,,,,,,,,,,,,,,,,,Draw
,,,,,,,,,,,,,,,,,Draw
,,,,,,,,,,,,,,,,,Draw
,,,,,,,,,,,,,,,,,Draw
,,,,,,,,,,,,,,,,,Draw
,,,,,,,,,,,,,,,,,Draw
,,,,,,,,,,,,,,,,,Draw
,,,,,,,,,,,,,,,,,Draw
,,,,,,,,,,,,,,,,,Draw
,,,,,,,,,,,,,,,,,Draw
,,,,,,,,,,,,,,,,,Draw
,,,,,,,,,,,,,,,,,Draw
,,,,,,,,,,,,,,,,,Draw
,,,,,,,,,,,,,,,,,Draw
,,,,,,,,,,,,,,,,,Draw
,,,,,,,,,,,,,,,,,Draw
,,,,,,,,,,,,,,,,,Draw
,,,,,,,,,,,,,,,,,Draw
,,,,,,,,,,,,,,,,,Draw
,,,,,,,,,,,,,,,,,Draw
,,,,,,,,,,,,,,,,,Draw
,,,,,,,,,,,,,,,,,Draw
,,,,,,,,,,,,,,,,,Draw
,,,,,,,,,,,,,,,,,Draw
,,,,,,,,,,,,,,,,,Draw
,,,,,,,,,,,,,,,,,Draw
,,,,,,,,,,,,,,,,,Draw
,,,,,,,,,,,,,,,,,Draw
,,,,,,,,,,,,,,,,,Draw
,,,,,,,,,,,,,,,,,Draw
,,,,,,,,,,,,,,,,,Draw
,,,,,,,,,,,,,,,,,Draw
,,,,,,,,,,,,,,,,,Draw
,,,,,,,,,,,,,,,,,Draw
,,,,,,,,,,,,,,,,,Draw
,,,,,,,,,,,,,,,,,Draw
,,,,,,,,,,,,,,,,,Draw
,,,,,,,,,,,,,,,,,Draw
,,,,,,,,,,,,,,,,,Draw
,,,,,,,,,,,,,,,,,Draw
,,,,,,,,,,,,,,,,,Draw
,,,,,,,,,,,,,,,,,Draw
,,,,,,,,,,,,,,,,,Draw
,,,,,,,,,,,,,,,,,Draw
,,,,,,,,,,,,,,,,,Draw
,,,,,,,,,,,,,,,,,Draw
,,,,,,,,,,,,,,,,,Draw
,,,,,,,,,,,,,,,,,Draw
,,,,,,,,,,,,,,,,,Draw
,,,,,,,,,,,,,,,,,Draw
,,,,,,,,,,,,,,,,,Draw
,,,,,,,,,,,,,,,,,Draw
,,,,,,,,,,,,,,,,,Draw
,,,,,,,,,,,,,,,,,Draw
,,,,,,,,,,,,,,,,,Draw
,,,,,,,,,,,,,,,,,Draw
,,,,,,,,,,,,,,,,,Draw
,,,,,,,,,,,,,,,,,Draw
,,,,,,,,,,,,,,,,,Draw
,,,,,,,,,,,,,,,,,Draw
,,,,,,,,,,,,,,,,,Draw
,,,,,,,,,,,,,,,,,Draw
,,,,,,,,,,,,,,,,,Draw
,,,,,,,,,,,,,,,,,Draw
,,,,,,,,,,,,,,,,,Draw
,,,,,,,,,,,,,,,,,Draw
,,,,,,,,,,,,,,,,,Draw
,,,,,,,,,,,,,,,,,Draw
,,,,,,,,,,,,,,,,,Draw
,,,,,,,,,,,,,,,,,Draw
,,,,,,,,,,,,,,,,,Draw
,,,,,,,,,,,,,,,,,Draw
,,,,,,,,,,,,,,,,,Draw
,,,,,,,,,,,,,,,,,Draw
,,,,,,,,,,,,,,,,,Draw
,,,,,,,,,,,,,,,,,Draw
,,,,,,,,,,,,,,,,,Draw
,,,,,,,,,,,,,,,,,Draw
,,,,,,,,,,,,,,,,,Draw
,,,,,,,,,,,,,,,,,Draw
,,,,,,,,,,,,,,,,,Draw
,,,,,,,,,,,,,,,,,Draw
,,,,,,,,,,,,,,,,,Draw
,,,,,,,,,,,,,,,,,Draw
,,,,,,,,,,,,,,,,,Draw
,,,,,,,,,,,,,,,,,Draw
,,,,,,,,,,,,,,,,,Draw
,,,,,,,,,,,,,,,,,Draw
,,,,,,,,,,,,,,,,,Draw
,,,,,,,,,,,,,,,,,Draw
,,,,,,,,,,,,,,,,,Draw
,,,,,,,,,,,,,,,,,Draw
,,,,,,,,,,,,,,,,,Draw
,,,,,,,,,,,,,,,,,Draw
,,,,,,,,,,,,,,,,,Draw
,,,,,,,,,,,,,,,,,Draw
,,,,,,,,,,,,,,,,,Draw
,,,,,,,,,,,,,,,,,Draw
,,,,,,,,,,,,,,,,,Draw
,,,,,,,,,,,,,,,,,Draw
,,,,,,,,,,,,,,,,,Draw
,,,,,,,,,,,,,,,,,Draw
,,,,,,,,,,,,,,,,,Draw
,,,,,,,,,,,,,,,,,Draw
,,,,,,,,,,,,,,,,,Draw
,,,,,,,,,,,,,,,,,Draw
,,,,,,,,,,,,,,,,,Draw
,,,,,,,,,,,,,,,,,Draw
,,,,,,,,,,,,,,,,,Draw
,,,,,,,,,,,,,,,,,Draw
,,,,,,,,,,,,,,,,,Draw
,,,,,,,,,,,,,,,,,Draw
,,,,,,,,,,,,,,,,,Draw
,,,,,,,,,,,,,,,,,Draw
,,,,,,,,,,,,,,,,,Draw
,,,,,,,,,,,,,,,,,Draw
,,,,,,,,,,,,,,,,,Draw
,,,,,,,,,,,,,,,,,Draw
,,,,,,,,,,,,,,,,,Draw
,,,,,,,,,,,,,,,,,Draw
,,,,,,,,,,,,,,,,,Draw
,,,,,,,,,,,,,,,,,Draw
,,,,,,,,,,,,,,,,,Draw
,,,,,,,,,,,,,,,,,Draw
,,,,,,,,,,,,,,,,,Draw
,,,,,,,,,,,,,,,,,Draw
,,,,,,,,,,,,,,,,,Draw
,,,,,,,,,,,,,,,,,Draw
,,,,,,,,,,,,,,,,,Draw
,,,,,,,,,,,,,,,,,Draw
,,,,,,,,,,,,,,,,,Draw
,,,,,,,,,,,,,,,,,Draw
,,,,,,,,,,,,,,,,,Draw
,,,,,,,,,,,,,,,,,Draw
,,,,,,,,,,,,,,,,,Draw
,,,,,,,,,,,,,,,,,Draw
,,,,,,,,,,,,,,,,,Draw
,,,,,,,,,,,,,,,,,Draw
,,,,,,,,,,,,,,,,,Draw
,,,,,,,,,,,,,,,,,Draw
,,,,,,,,,,,,,,,,,Draw
,,,,,,,,,,,,,,,,,Draw
,,,,,,,,,,,,,,,,,Draw
,,,,,,,,,,,,,,,,,Draw
,,,,,,,,,,,,,,,,,Draw
,,,,,,,,,,,,,,,,,Draw
,,,,,,,,,,,,,,,,,Draw
,,,,,,,,,,,,,,,,,Draw
,,,,,,,,,,,,,,,,,Draw
,,,,,,,,,,,,,,,,,Draw
,,,,,,,,,,,,,,,,,Draw
,,,,,,,,,,,,,,,,,Draw
,,,,,,,,,,,,,,,,,Draw
,,,,,,,,,,,,,,,,,Draw
,,,,,,,,,,,,,,,,,Draw
,,,,,,,,,,,,,,,,,Draw
,,,,,,,,,,,,,,,,,Draw
,,,,,,,,,,,,,,,,,Draw
,,,,,,,,,,,,,,,,,Draw
,,,,,,,,,,,,,,,,,Draw
,,,,,,,,,,,,,,,,,Draw
,,,,,,,,,,,,,,,,,Draw
,,,,,,,,,,,,,,,,,Draw
,,,,,,,,,,,,,,,,,Draw
,,,,,,,,,,,,,,,,,Draw
,,,,,,,,,,,,,,,,,Draw
,,,,,,,,,,,,,,,,,Draw
,,,,,,,,,,,,,,,,,Draw
,,,,,,,,,,,,,,,,,Draw
,,,,,,,,,,,,,,,,,Draw
,,,,,,,,,,,,,,,,,Draw
,,,,,,,,,,,,,,,,,Draw
,,,,,,,,,,,,,,,,,Draw
,,,,,,,,,,,,,,,,,Draw
,,,,,,,,,,,,,,,,,Draw
,,,,,,,,,,,,,,,,,Draw
,,,,,,,,,,,,,,,,,Draw
,,,,,,,,,,,,,,,,,Draw
,,,,,,,,,,,,,,,,,Draw
,,,,,,,,,,,,,,,,,Draw
,,,,,,,,,,,,,,,,,Draw
,,,,,,,,,,,,,,,,,Draw
,,,,,,,,,,,,,,,,,Draw
,,,,,,,,,,,,,,,,,Draw
,,,,,,,,,,,,,,,,,Draw
,,,,,,,,,,,,,,,,,Draw
,,,,,,,,,,,,,,,,,Draw
,,,,,,,,,,,,,,,,,Draw
,,,,,,,,,,,,,,,,,Draw
,,,,,,,,,,,,,,,,,Draw
,,,,,,,,,,,,,,,,,Draw
,,,,,,,,,,,,,,,,,Draw
,,,,,,,,,,,,,,,,,Draw
,,,,,,,,,,,,,,,,,Draw
,,,,,,,,,,,,,,,,,Draw
,,,,,,,,,,,,,,,,,Draw
,,,,,,,,,,,,,,,,,Draw
,,,,,,,,,,,,,,,,,Draw
,,,,,,,,,,,,,,,,,Draw
,,,,,,,,,,,,,,,,,Draw
,,,,,,,,,,,,,,,,,Draw
,,,,,,,,,,,,,,,,,Draw
,,,,,,,,,,,,,,,,,Draw
,,,,,,,,,,,,,,,,,Draw
,,,,,,,,,,,,,,,,,Draw
,,,,,,,,,,,,,,,,,Draw
,,,,,,,,,,,,,,,,,Draw
,,,,,,,,,,,,,,,,,Draw
,,,,,,,,,,,,,,,,,Draw
,,,,,,,,,,,,,,,,,Draw
,,,,,,,,,,,,,,,,,Draw
,,,,,,,,,,,,,,,,,Draw
,,,,,,,,,,,,,,,,,Draw
,,,,,,,,,,,,,,,,,Draw
,,,,,,,,,,,,,,,,,Draw
,,,,,,,,,,,,,,,,,Draw
,,,,,,,,,,,,,,,,,Draw
,,,,,,,,,,,,,,,,,Draw
,,,,,,,,,,,,,,,,,Draw
,,,,,,,,,,,,,,,,,Draw
,,,,,,,,,,,,,,,,,Draw
,,,,,,,,,,,,,,,,,Draw
,,,,,,,,,,,,,,,,,Draw
,,,,,,,,,,,,,,,,,Draw
,,,,,,,,,,,,,,,,,Draw
,,,,,,,,,,,,,,,,,Draw
,,,,,,,,,,,,,,,,,Draw
,,,,,,,,,,,,,,,,,Draw
,,,,,,,,,,,,,,,,,Draw
,,,,,,,,,,,,,,,,,Draw
,,,,,,,,,,,,,,,,,Draw
,,,,,,,,,,,,,,,,,Draw
,,,,,,,,,,,,,,,,,Draw
,,,,,,,,,,,,,,,,,Draw
,,,,,,,,,,,,,,,,,Draw
,,,,,,,,,,,,,,,,,Draw
,,,,,,,,,,,,,,,,,Draw
,,,,,,,,,,,,,,,,,Draw
,,,,,,,,,,,,,,,,,Draw
,,,,,,,,,,,,,,,,,Draw
,,,,,,,,,,,,,,,,,Draw
,,,,,,,,,,,,,,,,,Draw
,,,,,,,,,,,,,,,,,Draw
,,,,,,,,,,,,,,,,,Draw
,,,,,,,,,,,,,,,,,Draw
,,,,,,,,,,,,,,,,,Draw
,,,,,,,,,,,,,,,,,Draw
,,,,,,,,,,,,,,,,,Draw
,,,,,,,,,,,,,,,,,Draw
,,,,,,,,,,,,,,,,,Draw
,,,,,,,,,,,,,,,,,Draw
,,,,,,,,,,,,,,,,,Draw
,,,,,,,,,,,,,,,,,Draw
,,,,,,,,,,,,,,,,,Draw
,,,,,,,,,,,,,,,,,Draw
,,,,,,,,,,,,,,,,,Draw
,,,,,,,,,,,,,,,,,Draw
,,,,,,,,,,,,,,,,,Draw
,,,,,,,,,,,,,,,,,Draw
,,,,,,,,,,,,,,,,,Draw
,,,,,,,,,,,,,,,,,Draw
,,,,,,,,,,,,,,,,,Draw
,,,,,,,,,,,,,,,,,Draw
,,,,,,,,,,,,,,,,,Draw
,,,,,,,,,,,,,,,,,Draw
,,,,,,,,,,,,,,,,,Draw
,,,,,,,,,,,,,,,,,Draw
,,,,,,,,,,,,,,,,,Draw
,,,,,,,,,,,,,,,,,Draw
,,,,,,,,,,,,,,,,,Draw
,,,,,,,,,,,,,,,,,Draw
,,,,,,,,,,,,,,,,,Draw
,,,,,,,,,,,,,,,,,Draw
,,,,,,,,,,,,,,,,,Draw
,,,,,,,,,,,,,,,,,Draw
,,,,,,,,,,,,,,,,,Draw
,,,,,,,,,,,,,,,,,Draw
,,,,,,,,,,,,,,,,,Draw
,,,,,,,,,,,,,,,,,Draw
,,,,,,,,,,,,,,,,,Draw
,,,,,,,,,,,,,,,,,Draw
,,,,,,,,,,,,,,,,,Draw
,,,,,,,,,,,,,,,,,Draw
,,,,,,,,,,,,,,,,,Draw
,,,,,,,,,,,,,,,,,Draw
,,,,,,,,,,,,,,,,,Draw
,,,,,,,,,,,,,,,,,Draw
,,,,,,,,,,,,,,,,,Draw
,,,,,,,,,,,,,,,,,Draw
,,,,,,,,,,,,,,,,,Draw
,,,,,,,,,,,,,,,,,Draw
,,,,,,,,,,,,,,,,,Draw
,,,,,,,,,,,,,,,,,Draw
,,,,,,,,,,,,,,,,,Draw
,,,,,,,,,,,,,,,,,Draw
,,,,,,,,,,,,,,,,,Draw
,,,,,,,,,,,,,,,,,Draw
,,,,,,,,,,,,,,,,,Draw
,,,,,,,,,,,,,,,,,Draw
,,,,,,,,,,,,,,,,,Draw
,,,,,,,,,,,,,,,,,Draw
,,,,,,,,,,,,,,,,,Draw
,,,,,,,,,,,,,,,,,Draw
,,,,,,,,,,,,,,,,,Draw
,,,,,,,,,,,,,,,,,Draw
,,,,,,,,,,,,,,,,,Draw
,,,,,,,,,,,,,,,,,Draw
,,,,,,,,,,,,,,,,,Draw
,,,,,,,,,,,,,,,,,Draw
,,,,,,,,,,,,,,,,,Draw
,,,,,,,,,,,,,,,,,Draw
,,,,,,,,,,,,,,,,,Draw
,,,,,,,,,,,,,,,,,Draw
,,,,,,,,,,,,,,,,,Draw
,,,,,,,,,,,,,,,,,Draw
,,,,,,,,,,,,,,,,,Draw
,,,,,,,,,,,,,,,,,Draw
,,,,,,,,,,,,,,,,,Draw
,,,,,,,,,,,,,,,,,Draw
,,,,,,,,,,,,,,,,,Draw
,,,,,,,,,,,,,,,,,Draw
,,,,,,,,,,,,,,,,,Draw
,,,,,,,,,,,,,,,,,Draw
,,,,,,,,,,,,,,,,,Draw
,,,,,,,,,,,,,,,,,Draw
,,,,,,,,,,,,,,,,,Draw
,,,,,,,,,,,,,,,,,Draw
,,,,,,,,,,,,,,,,,Draw
,,,,,,,,,,,,,,,,,Draw
,,,,,,,,,,,,,,,,,Draw
,,,,,,,,,,,,,,,,,Draw
,,,,,,,,,,,,,,,,,Draw
,,,,,,,,,,,,,,,,,Draw
,,,,,,,,,,,,,,,,,Draw
,,,,,,,,,,,,,,,,,Draw
,,,,,,,,,,,,,,,,,Draw
,,,,,,,,,,,,,,,,,Draw
,,,,,,,,,,,,,,,,,Draw
,,,,,,,,,,,,,,,,,Draw
,,,,,,,,,,,,,,,,,Draw
,,,,,,,,,,,,,,,,,Draw
,,,,,,,,,,,,,,,,,Draw
,,,,,,,,,,,,,,,,,Draw
,,,,,,,,,,,,,,,,,Draw
,,,,,,,,,,,,,,,,,Draw
,,,,,,,,,,,,,,,,,Draw
,,,,,,,,,,,,,,,,,Draw
,,,,,,,,,,,,,,,,,Draw
,,,,,,,,,,,,,,,,,Draw
,,,,,,,,,,,,,,,,,Draw
,,,,,,,,,,,,,,,,,Draw
,,,,,,,,,,,,,,,,,Draw
,,,,,,,,,,,,,,,,,Draw
,,,,,,,,,,,,,,,,,Draw
,,,,,,,,,,,,,,,,,Draw
,,,,,,,,,,,,,,,,,Draw
,,,,,,,,,,,,,,,,,Draw
,,,,,,,,,,,,,,,,,Draw
,,,,,,,,,,,,,,,,,Draw
,,,,,,,,,,,,,,,,,Draw
,,,,,,,,,,,,,,,,,Draw
,,,,,,,,,,,,,,,,,Draw
,,,,,,,,,,,,,,,,,Draw
,,,,,,,,,,,,,,,,,Draw
,,,,,,,,,,,,,,,,,Draw
,,,,,,,,,,,,,,,,,Draw
,,,,,,,,,,,,,,,,,Draw
,,,,,,,,,,,,,,,,,Draw
,,,,,,,,,,,,,,,,,Draw
,,,,,,,,,,,,,,,,,Draw
,,,,,,,,,,,,,,,,,Draw
,,,,,,,,,,,,,,,,,Draw
,,,,,,,,,,,,,,,,,Draw
,,,,,,,,,,,,,,,,,Draw
,,,,,,,,,,,,,,,,,Draw
,,,,,,,,,,,,,,,,,Draw
,,,,,,,,,,,,,,,,,Draw
,,,,,,,,,,,,,,,,,Draw
,,,,,,,,,,,,,,,,,Draw
,,,,,,,,,,,,,,,,,Draw
,,,,,,,,,,,,,,,,,Draw
,,,,,,,,,,,,,,,,,Draw
,,,,,,,,,,,,,,,,,Draw
,,,,,,,,,,,,,,,,,Draw
,,,,,,,,,,,,,,,,,Draw
,,,,,,,,,,,,,,,,,Draw
,,,,,,,,,,,,,,,,,Draw
,,,,,,,,,,,,,,,,,Draw
,,,,,,,,,,,,,,,,,Draw
,,,,,,,,,,,,,,,,,Draw
,,,,,,,,,,,,,,,,,Draw
,,,,,,,,,,,,,,,,,Draw
,,,,,,,,,,,,,,,,,Draw
,,,,,,,,,,,,,,,,,Draw
,,,,,,,,,,,,,,,,,Draw
,,,,,,,,,,,,,,,,,Draw
,,,,,,,,,,,,,,,,,Draw
,,,,,,,,,,,,,,,,,Draw
,,,,,,,,,,,,,,,,,Draw
,,,,,,,,,,,,,,,,,Draw
,,,,,,,,,,,,,,,,,Draw
,,,,,,,,,,,,,,,,,Draw
,,,,,,,,,,,,,,,,,Draw
,,,,,,,,,,,,,,,,,Draw
,,,,,,,,,,,,,,,,,Draw
,,,,,,,,,,,,,,,,,Draw
,,,,,,,,,,,,,,,,,Draw
,,,,,,,,,,,,,,,,,Draw
,,,,,,,,,,,,,,,,,Draw
,,,,,,,,,,,,,,,,,Draw
,,,,,,,,,,,,,,,,,Draw
,,,,,,,,,,,,,,,,,Draw
,,,,,,,,,,,,,,,,,Draw
,,,,,,,,,,,,,,,,,Draw
,,,,,,,,,,,,,,,,,Draw
,,,,,,,,,,,,,,,,,Draw
,,,,,,,,,,,,,,,,,Draw
,,,,,,,,,,,,,,,,,Draw
,,,,,,,,,,,,,,,,,Draw
,,,,,,,,,,,,,,,,,Draw
,,,,,,,,,,,,,,,,,Draw
,,,,,,,,,,,,,,,,,Draw
,,,,,,,,,,,,,,,,,Draw
,,,,,,,,,,,,,,,,,Draw
,,,,,,,,,,,,,,,,,Draw
,,,,,,,,,,,,,,,,,Draw
,,,,,,,,,,,,,,,,,Draw
,,,,,,,,,,,,,,,,,Draw
,,,,,,,,,,,,,,,,,Draw
,,,,,,,,,,,,,,,,,Draw
,,,,,,,,,,,,,,,,,Draw
,,,,,,,,,,,,,,,,,Draw
,,,,,,,,,,,,,,,,,Draw
,,,,,,,,,,,,,,,,,Draw
,,,,,,,,,,,,,,,,,Draw
,,,,,,,,,,,,,,,,,Draw
,,,,,,,,,,,,,,,,,Draw
,,,,,,,,,,,,,,,,,Draw
,,,,,,,,,,,,,,,,,Draw
,,,,,,,,,,,,,,,,,Draw
,,,,,,,,,,,,,,,,,Draw
,,,,,,,,,,,,,,,,,Draw
,,,,,,,,,,,,,,,,,Draw
,,,,,,,,,,,,,,,,,Draw
,,,,,,,,,,,,,,,,,Draw
,,,,,,,,,,,,,,,,,Draw
,,,,,,,,,,,,,,,,,Draw
,,,,,,,,,,,,,,,,,Draw
,,,,,,,,,,,,,,,,,Draw
,,,,,,,,,,,,,,,,,Draw
,,,,,,,,,,,,,,,,,Draw
,,,,,,,,,,,,,,,,,Draw
,,,,,,,,,,,,,,,,,Draw
,,,,,,,,,,,,,,,,,Draw
,,,,,,,,,,,,,,,,,Draw
,,,,,,,,,,,,,,,,,Draw
,,,,,,,,,,,,,,,,,Draw
,,,,,,,,,,,,,,,,,Draw
,,,,,,,,,,,,,,,,,Draw
,,,,,,,,,,,,,,,,,Draw
,,,,,,,,,,,,,,,,,Draw
,,,,,,,,,,,,,,,,,Draw
,,,,,,,,,,,,,,,,,Draw
,,,,,,,,,,,,,,,,,Draw
,,,,,,,,,,,,,,,,,Draw
,,,,,,,,,,,,,,,,,Draw
,,,,,,,,,,,,,,,,,Draw
,,,,,,,,,,,,,,,,,Draw
,,,,,,,,,,,,,,,,,Draw
,,,,,,,,,,,,,,,,,Draw
,,,,,,,,,,,,,,,,,Draw
,,,,,,,,,,,,,,,,,Draw
,,,,,,,,,,,,,,,,,Draw
,,,,,,,,,,,,,,,,,Draw
,,,,,,,,,,,,,,,,,Draw
,,,,,,,,,,,,,,,,,Draw
,,,,,,,,,,,,,,,,,Draw
,,,,,,,,,,,,,,,,,Draw
,,,,,,,,,,,,,,,,,Draw
,,,,,,,,,,,,,,,,,Draw
,,,,,,,,,,,,,,,,,Draw
,,,,,,,,,,,,,,,,,Draw
,,,,,,,,,,,,,,,,,Draw
,,,,,,,,,,,,,,,,,Draw
,,,,,,,,,,,,,,,,,Draw
,,,,,,,,,,,,,,,,,Draw
,,,,,,,,,,,,,,,,,Draw
,,,,,,,,,,,,,,,,,Draw
,,,,,,,,,,,,,,,,,Draw
,,,,,,,,,,,,,,,,,Draw
,,,,,,,,,,,,,,,,,Draw
,,,,,,,,,,,,,,,,,Draw
,,,,,,,,,,,,,,,,,Draw
,,,,,,,,,,,,,,,,,Draw
,,,,,,,,,,,,,,,,,Draw
,,,,,,,,,,,,,,,,,Draw
,,,,,,,,,,,,,,,,,Draw
,,,,,,,,,,,,,,,,,Draw
,,,,,,,,,,,,,,,,,Draw
,,,,,,,,,,,,,,,,,Draw
,,,,,,,,,,,,,,,,,Draw
,,,,,,,,,,,,,,,,,Draw
,,,,,,,,,,,,,,,,,Draw
,,,,,,,,,,,,,,,,,Draw
,,,,,,,,,,,,,,,,,Draw
,,,,,,,,,,,,,,,,,Draw
,,,,,,,,,,,,,,,,,Draw
,,,,,,,,,,,,,,,,,Draw
,,,,,,,,,,,,,,,,,Draw
,,,,,,,,,,,,,,,,,Draw
,,,,,,,,,,,,,,,,,Draw
,,,,,,,,,,,,,,,,,Draw
,,,,,,,,,,,,,,,,,Draw
,,,,,,,,,,,,,,,,,Draw
,,,,,,,,,,,,,,,,,Draw
,,,,,,,,,,,,,,,,,Draw
,,,,,,,,,,,,,,,,,Draw
,,,,,,,,,,,,,,,,,Draw
,,,,,,,,,,,,,,,,,Draw
,,,,,,,,,,,,,,,,,Draw
,,,,,,,,,,,,,,,,,Draw
,,,,,,,,,,,,,,,,,Draw
,,,,,,,,,,,,,,,,,Draw
,,,,,,,,,,,,,,,,,Draw
,,,,,,,,,,,,,,,,,Draw
,,,,,,,,,,,,,,,,,Draw
,,,,,,,,,,,,,,,,,Draw
,,,,,,,,,,,,,,,,,Draw
,,,,,,,,,,,,,,,,,Draw
,,,,,,,,,,,,,,,,,Draw
,,,,,,,,,,,,,,,,,Draw
,,,,,,,,,,,,,,,,,Draw
,,,,,,,,,,,,,,,,,Draw
,,,,,,,,,,,,,,,,,Draw
,,,,,,,,,,,,,,,,,Draw
,,,,,,,,,,,,,,,,,Draw
,,,,,,,,,,,,,,,,,Draw
,,,,,,,,,,,,,,,,,Draw
,,,,,,,,,,,,,,,,,Draw
,,,,,,,,,,,,,,,,,Draw
,,,,,,,,,,,,,,,,,Draw
,,,,,,,,,,,,,,,,,Draw
,,,,,,,,,,,,,,,,,Draw
,,,,,,,,,,,,,,,,,Draw
,,,,,,,,,,,,,,,,,Draw
,,,,,,,,,,,,,,,,,Draw
,,,,,,,,,,,,,,,,,Draw
,,,,,,,,,,,,,,,,,Draw
,,,,,,,,,,,,,,,,,Draw
,,,,,,,,,,,,,,,,,Draw
,,,,,,,,,,,,,,,,,Draw
,,,,,,,,,,,,,,,,,Draw
,,,,,,,,,,,,,,,,,Draw
,,,,,,,,,,,,,,,,,Draw
,,,,,,,,,,,,,,,,,Draw
,,,,,,,,,,,,,,,,,Draw
,,,,,,,,,,,,,,,,,Draw
,,,,,,,,,,,,,,,,,Draw
,,,,,,,,,,,,,,,,,Draw
,,,,,,,,,,,,,,,,,Draw
,,,,,,,,,,,,,,,,,Draw
,,,,,,,,,,,,,,,,,Draw
,,,,,,,,,,,,,,,,,Draw
,,,,,,,,,,,,,,,,,Draw
,,,,,,,,,,,,,,,,,Draw
,,,,,,,,,,,,,,,,,Draw
,,,,,,,,,,,,,,,,,Draw
,,,,,,,,,,,,,,,,,Draw
,,,,,,,,,,,,,,,,,Draw
,,,,,,,,,,,,,,,,,Draw
,,,,,,,,,,,,,,,,,Draw
,,,,,,,,,,,,,,,,,Draw
,,,,,,,,,,,,,,,,,Draw
,,,,,,,,,,,,,,,,,Draw
,,,,,,,,,,,,,,,,,Draw
,,,,,,,,,,,,,,,,,Draw
,,,,,,,,,,,,,,,,,Draw
,,,,,,,,,,,,,,,,,Draw
,,,,,,,,,,,,,,,,,Draw
,,,,,,,,,,,,,,,,,Draw
,,,,,,,,,,,,,,,,,Draw
,,,,,,,,,,,,,,,,,Draw
,,,,,,,,,,,,,,,,,Draw
,,,,,,,,,,,,,,,,,Draw
,,,,,,,,,,,,,,,,,Draw
,,,,,,,,,,,,,,,,,Draw
,,,,,,,,,,,,,,,,,Draw
,,,,,,,,,,,,,,,,,Draw
,,,,,,,,,,,,,,,,,Draw
,,,,,,,,,,,,,,,,,Draw
,,,,,,,,,,,,,,,,,Draw
,,,,,,,,,,,,,,,,,Draw
,,,,,,,,,,,,,,,,,Draw
,,,,,,,,,,,,,,,,,Draw
,,,,,,,,,,,,,,,,,Draw
,,,,,,,,,,,,,,,,,Draw
,,,,,,,,,,,,,,,,,Draw
,,,,,,,,,,,,,,,,,Draw
,,,,,,,,,,,,,,,,,Draw
,,,,,,,,,,,,,,,,,Draw
,,,,,,,,,,,,,,,,,Draw
,,,,,,,,,,,,,,,,,Draw
,,,,,,,,,,,,,,,,,Draw
,,,,,,,,,,,,,,,,,Draw
,,,,,,,,,,,,,,,,,Draw
,,,,,,,,,,,,,,,,,Draw
,,,,,,,,,,,,,,,,,Draw
,,,,,,,,,,,,,,,,,Draw
,,,,,,,,,,,,,,,,,Draw
,,,,,,,,,,,,,,,,,Draw
,,,,,,,,,,,,,,,,,Draw
,,,,,,,,,,,,,,,,,Draw
,,,,,,,,,,,,,,,,,Draw
,,,,,,,,,,,,,,,,,Draw
,,,,,,,,,,,,,,,,,Draw
,,,,,,,,,,,,,,,,,Draw
,,,,,,,,,,,,,,,,,Draw
,,,,,,,,,,,,,,,,,Draw
,,,,,,,,,,,,,,,,,Draw
,,,,,,,,,,,,,,,,,Draw
,,,,,,,,,,,,,,,,,Draw
,,,,,,,,,,,,,,,,,Draw
,,,,,,,,,,,,,,,,,Draw
,,,,,,,,,,,,,,,,,Draw
,,,,,,,,,,,,,,,,,Draw
,,,,,,,,,,,,,,,,,Draw
,,,,,,,,,,,,,,,,,Draw
,,,,,,,,,,,,,,,,,Draw
,,,,,,,,,,,,,,,,,Draw
,,,,,,,,,,,,,,,,,Draw
,,,,,,,,,,,,,,,,,Draw
,,,,,,,,,,,,,,,,,Draw
,,,,,,,,,,,,,,,,,Draw
,,,,,,,,,,,,,,,,,Draw
,,,,,,,,,,,,,,,,,Draw
,,,,,,,,,,,,,,,,,Draw
,,,,,,,,,,,,,,,,,Draw
,,,,,,,,,,,,,,,,,Draw
,,,,,,,,,,,,,,,,,Draw
,,,,,,,,,,,,,,,,,Draw
,,,,,,,,,,,,,,,,,Draw
,,,,,,,,,,,,,,,,,Draw
,,,,,,,,,,,,,,,,,Draw
,,,,,,,,,,,,,,,,,Draw
,,,,,,,,,,,,,,,,,Draw
,,,,,,,,,,,,,,,,,Draw
,,,,,,,,,,,,,,,,,Draw
,,,,,,,,,,,,,,,,,Draw
,,,,,,,,,,,,,,,,,Draw
,,,,,,,,,,,,,,,,,Draw
,,,,,,,,,,,,,,,,,Draw
,,,,,,,,,,,,,,,,,Draw
,,,,,,,,,,,,,,,,,Draw
,,,,,,,,,,,,,,,,,Draw
,,,,,,,,,,,,,,,,,Draw
,,,,,,,,,,,,,,,,,Draw
,,,,,,,,,,,,,,,,,Draw
,,,,,,,,,,,,,,,,,Draw
,,,,,,,,,,,,,,,,,Draw
,,,,,,,,,,,,,,,,,Draw
,,,,,,,,,,,,,,,,,Draw
,,,,,,,,,,,,,,,,,Draw
,,,,,,,,,,,,,,,,,Draw
,,,,,,,,,,,,,,,,,Draw
,,,,,,,,,,,,,,,,,Draw
,,,,,,,,,,,,,,,,,Draw
,,,,,,,,,,,,,,,,,Draw
,,,,,,,,,,,,,,,,,Draw
,,,,,,,,,,,,,,,,,Draw
,,,,,,,,,,,,,,,,,Draw
,,,,,,,,,,,,,,,,,Draw
,,,,,,,,,,,,,,,,,Draw
,,,,,,,,,,,,,,,,,Draw
,,,,,,,,,,,,,,,,,Draw
,,,,,,,,,,,,,,,,,Draw
,,,,,,,,,,,,,,,,,Draw
,,,,,,,,,,,,,,,,,Draw
,,,,,,,,,,,,,,,,,Draw
,,,,,,,,,,,,,,,,,Draw
,,,,,,,,,,,,,,,,,Draw
,,,,,,,,,,,,,,,,,Draw
,,,,,,,,,,,,,,,,,Draw
,,,,,,,,,,,,,,,,,Draw
,,,,,,,,,,,,,,,,,Draw
,,,,,,,,,,,,,,,,,Draw
,,,,,,,,,,,,,,,,,Draw
,,,,,,,,,,,,,,,,,Draw
,,,,,,,,,,,,,,,,,Draw
,,,,,,,,,,,,,,,,,Draw
,,,,,,,,,,,,,,,,,Draw
,,,,,,,,,,,,,,,,,Draw
,,,,,,,,,,,,,,,,,Draw
,,,,,,,,,,,,,,,,,Draw
,,,,,,,,,,,,,,,,,Draw
,,,,,,,,,,,,,,,,,Draw
,,,,,,,,,,,,,,,,,Draw
,,,,,,,,,,,,,,,,,Draw
,,,,,,,,,,,,,,,,,Draw
,,,,,,,,,,,,,,,,,Draw
,,,,,,,,,,,,,,,,,Draw
,,,,,,,,,,,,,,,,,Draw
,,,,,,,,,,,,,,,,,Draw
,,,,,,,,,,,,,,,,,Draw
,,,,,,,,,,,,,,,,,Draw
,,,,,,,,,,,,,,,,,Draw
,,,,,,,,,,,,,,,,,Draw
,,,,,,,,,,,,,,,,,Draw
,,,,,,,,,,,,,,,,,Draw
,,,,,,,,,,,,,,,,,Draw
,,,,,,,,,,,,,,,,,Draw
,,,,,,,,,,,,,,,,,Draw
,,,,,,,,,,,,,,,,,Draw
,,,,,,,,,,,,,,,,,Draw
,,,,,,,,,,,,,,,,,Draw
,,,,,,,,,,,,,,,,,Draw
,,,,,,,,,,,,,,,,,Draw
,,,,,,,,,,,,,,,,,Draw
,,,,,,,,,,,,,,,,,Draw
,,,,,,,,,,,,,,,,,Draw
,,,,,,,,,,,,,,,,,Draw
,,,,,,,,,,,,,,,,,Draw
,,,,,,,,,,,,,,,,,Draw
,,,,,,,,,,,,,,,,,Draw
,,,,,,,,,,,,,,,,,Draw
,,,,,,,,,,,,,,,,,Draw
,,,,,,,,,,,,,,,,,Draw
,,,,,,,,,,,,,,,,,Draw
,,,,,,,,,,,,,,,,,Draw
,,,,,,,,,,,,,,,,,Draw
,,,,,,,,,,,,,,,,,Draw
,,,,,,,,,,,,,,,,,Draw
,,,,,,,,,,,,,,,,,Draw
,,,,,,,,,,,,,,,,,Draw
,,,,,,,,,,,,,,,,,Draw
,,,,,,,,,,,,,,,,,Draw
,,,,,,,,,,,,,,,,,Draw
,,,,,,,,,,,,,,,,,Draw
,,,,,,,,,,,,,,,,,Draw
,,,,,,,,,,,,,,,,,Draw
,,,,,,,,,,,,,,,,,Draw
,,,,,,,,,,,,,,,,,Draw
,,,,,,,,,,,,,,,,,Draw
,,,,,,,,,,,,,,,,,Draw
,,,,,,,,,,,,,,,,,Draw
,,,,,,,,,,,,,,,,,Draw
,,,,,,,,,,,,,,,,,Draw
,,,,,,,,,,,,,,,,,Draw
,,,,,,,,,,,,,,,,,Draw
,,,,,,,,,,,,,,,,,Draw
,,,,,,,,,,,,,,,,,Draw
,,,,,,,,,,,,,,,,,Draw
,,,,,,,,,,,,,,,,,Draw
,,,,,,,,,,,,,,,,,Draw
,,,,,,,,,,,,,,,,,Draw
,,,,,,,,,,,,,,,,,Draw
,,,,,,,,,,,,,,,,,Draw
,,,,,,,,,,,,,,,,,Draw
,,,,,,,,,,,,,,,,,Draw
,,,,,,,,,,,,,,,,,Draw
,,,,,,,,,,,,,,,,,Draw
,,,,,,,,,,,,,,,,,Draw
,,,,,,,,,,,,,,,,,Draw
,,,,,,,,,,,,,,,,,Draw
,,,,,,,,,,,,,,,,,Draw
,,,,,,,,,,,,,,,,,Draw
,,,,,,,,,,,,,,,,,Draw
,,,,,,,,,,,,,,,,,Draw
,,,,,,,,,,,,,,,,,Draw
,,,,,,,,,,,,,,,,,Draw
,,,,,,,,,,,,,,,,,Draw
,,,,,,,,,,,,,,,,,Draw
,,,,,,,,,,,,,,,,,Draw
,,,,,,,,,,,,,,,,,Draw
,,,,,,,,,,,,,,,,,Draw
,,,,,,,,,,,,,,,,,Draw
,,,,,,,,,,,,,,,,,Draw
,,,,,,,,,,,,,,,,,Draw
,,,,,,,,,,,,,,,,,Draw
,,,,,,,,,,,,,,,,,Draw
,,,,,,,,,,,,,,,,,Draw
,,,,,,,,,,,,,,,,,Draw
,,,,,,,,,,,,,,,,,Draw
,,,,,,,,,,,,,,,,,Draw
,,,,,,,,,,,,,,,,,Draw
,,,,,,,,,,,,,,,,,Draw
,,,,,,,,,,,,,,,,,Draw
,,,,,,,,,,,,,,,,,Draw
,,,,,,,,,,,,,,,,,Draw
,,,,,,,,,,,,,,,,,Draw
,,,,,,,,,,,,,,,,,Draw
,,,,,,,,,,,,,,,,,Draw
,,,,,,,,,,,,,,,,,Draw
,,,,,,,,,,,,,,,,,Draw
,,,,,,,,,,,,,,,,,Draw
,,,,,,,,,,,,,,,,,Draw
,,,,,,,,,,,,,,,,,Draw
,,,,,,,,,,,,,,,,,Draw
,,,,,,,,,,,,,,,,,Draw
,,,,,,,,,,,,,,,,,Draw
,,,,,,,,,,,,,,,,,Draw
,,,,,,,,,,,,,,,,,Draw
,,,,,,,,,,,,,,,,,Draw
,,,,,,,,,,,,,,,,,Draw
,,,,,,,,,,,,,,,,,Draw
,,,,,,,,,,,,,,,,,Draw
,,,,,,,,,,,,,,,,,Draw
,,,,,,,,,,,,,,,,,Draw
,,,,,,,,,,,,,,,,,Draw
,,,,,,,,,,,,,,,,,Draw
,,,,,,,,,,,,,,,,,Draw
,,,,,,,,,,,,,,,,,Draw
,,,,,,,,,,,,,,,,,Draw
,,,,,,,,,,,,,,,,,Draw
,,,,,,,,,,,,,,,,,Draw
,,,,,,,,,,,,,,,,,Draw
,,,,,,,,,,,,,,,,,Draw
,,,,,,,,,,,,,,,,,Draw
,,,,,,,,,,,,,,,,,Draw
,,,,,,,,,,,,,,,,,Draw
,,,,,,,,,,,,,,,,,Draw
,,,,,,,,,,,,,,,,,Draw
,,,,,,,,,,,,,,,,,Draw
,,,,,,,,,,,,,,,,,Draw
,,,,,,,,,,,,,,,,,Draw
,,,,,,,,,,,,,,,,,Draw
,,,,,,,,,,,,,,,,,Draw
,,,,,,,,,,,,,,,,,Draw
,,,,,,,,,,,,,,,,,Draw
,,,,,,,,,,,,,,,,,Draw
,,,,,,,,,,,,,,,,,Draw
,,,,,,,,,,,,,,,,,Draw
,,,,,,,,,,,,,,,,,Draw
,,,,,,,,,,,,,,,,,Draw
,,,,,,,,,,,,,,,,,Draw
,,,,,,,,,,,,,,,,,Draw
,,,,,,,,,,,,,,,,,Draw
,,,,,,,,,,,,,,,,,Draw
,,,,,,,,,,,,,,,,,Draw
,,,,,,,,,,,,,,,,,Draw
,,,,,,,,,,,,,,,,,Draw
,,,,,,,,,,,,,,,,,Draw
,,,,,,,,,,,,,,,,,Draw
,,,,,,,,,,,,,,,,,Draw
,,,,,,,,,,,,,,,,,Draw
,,,,,,,,,,,,,,,,,Draw
,,,,,,,,,,,,,,,,,Draw
,,,,,,,,,,,,,,,,,Draw
,,,,,,,,,,,,,,,,,Draw
,,,,,,,,,,,,,,,,,Draw
,,,,,,,,,,,,,,,,,Draw
,,,,,,,,,,,,,,,,,Draw
,,,,,,,,,,,,,,,,,Draw
,,,,,,,,,,,,,,,,,Draw
,,,,,,,,,,,,,,,,,Draw
,,,,,,,,,,,,,,,,,Draw
,,,,,,,,,,,,,,,,,Draw
,,,,,,,,,,,,,,,,,Draw
,,,,,,,,,,,,,,,,,Draw
,,,,,,,,,,,,,,,,,Draw
,,,,,,,,,,,,,,,,,Draw
,,,,,,,,,,,,,,,,,Draw
,,,,,,,,,,,,,,,,,Draw
,,,,,,,,,,,,,,,,,Draw
,,,,,,,,,,,,,,,,,Draw
,,,,,,,,,,,,,,,,,Draw
,,,,,,,,,,,,,,,,,Draw
,,,,,,,,,,,,,,,,,Draw
,,,,,,,,,,,,,,,,,Draw
,,,,,,,,,,,,,,,,,Draw
,,,,,,,,,,,,,,,,,Draw
,,,,,,,,,,,,,,,,,Draw
,,,,,,,,,,,,,,,,,Draw
,,,,,,,,,,,,,,,,,Draw
,,,,,,,,,,,,,,,,,Draw
,,,,,,,,,,,,,,,,,Draw
,,,,,,,,,,,,,,,,,Draw
,,,,,,,,,,,,,,,,,Draw
,,,,,,,,,,,,,,,,,Draw
,,,,,,,,,,,,,,,,,Draw
,,,,,,,,,,,,,,,,,Draw
,,,,,,,,,,,,,,,,,Draw
,,,,,,,,,,,,,,,,,Draw
,,,,,,,,,,,,,,,,,Draw
,,,,,,,,,,,,,,,,,Draw
,,,,,,,,,,,,,,,,,Draw
,,,,,,,,,,,,,,,,,Draw
,,,,,,,,,,,,,,,,,Draw
,,,,,,,,,,,,,,,,,Draw
,,,,,,,,,,,,,,,,,Draw
,,,,,,,,,,,,,,,,,Draw
,,,,,,,,,,,,,,,,,Draw
,,,,,,,,,,,,,,,,,Draw
,,,,,,,,,,,,,,,,,Draw
,,,,,,,,,,,,,,,,,Draw
,,,,,,,,,,,,,,,,,Draw
,,,,,,,,,,,,,,,,,Draw
,,,,,,,,,,,,,,,,,Draw
,,,,,,,,,,,,,,,,,Draw
,,,,,,,,,,,,,,,,,Draw
,,,,,,,,,,,,,,,,,Draw
,,,,,,,,,,,,,,,,,Draw
,,,,,,,,,,,,,,,,,Draw
,,,,,,,,,,,,,,,,,Draw
,,,,,,,,,,,,,,,,,Draw
,,,,,,,,,,,,,,,,,Draw
,,,,,,,,,,,,,,,,,Draw
,,,,,,,,,,,,,,,,,Draw
,,,,,,,,,,,,,,,,,Draw
,,,,,,,,,,,,,,,,,Draw
,,,,,,,,,,,,,,,,,Draw
,,,,,,,,,,,,,,,,,Draw
,,,,,,,,,,,,,,,,,Draw
,,,,,,,,,,,,,,,,,Draw
,,,,,,,,,,,,,,,,,Draw
,,,,,,,,,,,,,,,,,Draw
,,,,,,,,,,,,,,,,,Draw
,,,,,,,,,,,,,,,,,Draw
,,,,,,,,,,,,,,,,,Draw
,,,,,,,,,,,,,,,,,Draw
,,,,,,,,,,,,,,,,,Draw
,,,,,,,,,,,,,,,,,Draw
,,,,,,,,,,,,,,,,,Draw
,,,,,,,,,,,,,,,,,Draw
,,,,,,,,,,,,,,,,,Draw
,,,,,,,,,,,,,,,,,Draw
,,,,,,,,,,,,,,,,,Draw
,,,,,,,,,,,,,,,,,Draw
,,,,,,,,,,,,,,,,,Draw
,,,,,,,,,,,,,,,,,Draw
,,,,,,,,,,,,,,,,,Draw
,,,,,,,,,,,,,,,,,Draw
,,,,,,,,,,,,,,,,,Draw
,,,,,,,,,,,,,,,,,Draw
,,,,,,,,,,,,,,,,,Draw
,,,,,,,,,,,,,,,,,Draw
,,,,,,,,,,,,,,,,,Draw
,,,,,,,,,,,,,,,,,Draw
,,,,,,,,,,,,,,,,,Draw
,,,,,,,,,,,,,,,,,Draw
,,,,,,,,,,,,,,,,,Draw
,,,,,,,,,,,,,,,,,Draw
,,,,,,,,,,,,,,,,,Draw
,,,,,,,,,,,,,,,,,Draw
,,,,,,,,,,,,,,,,,Draw
,,,,,,,,,,,,,,,,,Draw
,,,,,,,,,,,,,,,,,Draw
,,,,,,,,,,,,,,,,,Draw
,,,,,,,,,,,,,,,,,Draw
,,,,,,,,,,,,,,,,,Draw
,,,,,,,,,,,,,,,,,Draw
,,,,,,,,,,,,,,,,,Draw
,,,,,,,,,,,,,,,,,Draw
,,,,,,,,,,,,,,,,,Draw
,,,,,,,,,,,,,,,,,Draw
,,,,,,,,,,,,,,,,,Draw
,,,,,,,,,,,,,,,,,Draw
,,,,,,,,,,,,,,,,,Draw
,,,,,,,,,,,,,,,,,Draw
,,,,,,,,,,,,,,,,,Draw
,,,,,,,,,,,,,,,,,Draw
,,,,,,,,,,,,,,,,,Draw
,,,,,,,,,,,,,,,,,Draw
,,,,,,,,,,,,,,,,,Draw
,,,,,,,,,,,,,,,,,Draw
,,,,,,,,,,,,,,,,,Draw
,,,,,,,,,,,,,,,,,Draw
,,,,,,,,,,,,,,,,,Draw
,,,,,,,,,,,,,,,,,Draw
,,,,,,,,,,,,,,,,,Draw
,,,,,,,,,,,,,,,,,Draw
,,,,,,,,,,,,,,,,,Draw
,,,,,,,,,,,,,,,,,Draw
,,,,,,,,,,,,,,,,,Draw
,,,,,,,,,,,,,,,,,Draw
,,,,,,,,,,,,,,,,,Draw
,,,,,,,,,,,,,,,,,Draw
,,,,,,,,,,,,,,,,,Draw
,,,,,,,,,,,,,,,,,Draw
,,,,,,,,,,,,,,,,,Draw
,,,,,,,,,,,,,,,,,Draw
,,,,,,,,,,,,,,,,,Draw
,,,,,,,,,,,,,,,,,Draw
,,,,,,,,,,,,,,,,,Draw
,,,,,,,,,,,,,,,,,Draw
,,,,,,,,,,,,,,,,,Draw
,,,,,,,,,,,,,,,,,Draw
,,,,,,,,,,,,,,,,,Draw
,,,,,,,,,,,,,,,,,Draw
,,,,,,,,,,,,,,,,,Draw
,,,,,,,,,,,,,,,,,Draw
,,,,,,,,,,,,,,,,,Draw
,,,,,,,,,,,,,,,,,Draw
,,,,,,,,,,,,,,,,,Draw
,,,,,,,,,,,,,,,,,Draw
,,,,,,,,,,,,,,,,,Draw
,,,,,,,,,,,,,,,,,Draw
,,,,,,,,,,,,,,,,,Draw
,,,,,,,,,,,,,,,,,Draw
,,,,,,,,,,,,,,,,,Draw
,,,,,,,,,,,,,,,,,Draw
,,,,,,,,,,,,,,,,,Draw
,,,,,,,,,,,,,,,,,Draw
,,,,,,,,,,,,,,,,,Draw
,,,,,,,,,,,,,,,,,Draw
,,,,,,,,,,,,,,,,,Draw
,,,,,,,,,,,,,,,,,Draw
,,,,,,,,,,,,,,,,,Draw
,,,,,,,,,,,,,,,,,Draw
,,,,,,,,,,,,,,,,,Draw
,,,,,,,,,,,,,,,,,Draw
,,,,,,,,,,,,,,,,,Draw
,,,,,,,,,,,,,,,,,Draw
,,,,,,,,,,,,,,,,,Draw
,,,,,,,,,,,,,,,,,Draw
,,,,,,,,,,,,,,,,,Draw
,,,,,,,,,,,,,,,,,Draw
,,,,,,,,,,,,,,,,,Draw
,,,,,,,,,,,,,,,,,Draw
,,,,,,,,,,,,,,,,,Draw
,,,,,,,,,,,,,,,,,Draw
,,,,,,,,,,,,,,,,,Draw
,,,,,,,,,,,,,,,,,Draw
,,,,,,,,,,,,,,,,,Draw
,,,,,,,,,,,,,,,,,Draw
,,,,,,,,,,,,,,,,,Draw
,,,,,,,,,,,,,,,,,Draw
,,,,,,,,,,,,,,,,,Draw
,,,,,,,,,,,,,,,,,Draw
,,,,,,,,,,,,,,,,,Draw
,,,,,,,,,,,,,,,,,Draw
,,,,,,,,,,,,,,,,,Draw
,,,,,,,,,,,,,,,,,Draw
,,,,,,,,,,,,,,,,,Draw
,,,,,,,,,,,,,,,,,Draw
,,,,,,,,,,,,,,,,,Draw
,,,,,,,,,,,,,,,,,Draw
,,,,,,,,,,,,,,,,,Draw
,,,,,,,,,,,,,,,,,Draw
,,,,,,,,,,,,,,,,,Draw
,,,,,,,,,,,,,,,,,Draw
,,,,,,,,,,,,,,,,,Draw
,,,,,,,,,,,,,,,,,Draw
,,,,,,,,,,,,,,,,,Draw
,,,,,,,,,,,,,,,,,Draw
,,,,,,,,,,,,,,,,,Draw
,,,,,,,,,,,,,,,,,Draw
,,,,,,,,,,,,,,,,,Draw
,,,,,,,,,,,,,,,,,Draw
,,,,,,,,,,,,,,,,,Draw
,,,,,,,,,,,,,,,,,Draw
,,,,,,,,,,,,,,,,,Draw
,,,,,,,,,,,,,,,,,Draw
,,,,,,,,,,,,,,,,,Draw
,,,,,,,,,,,,,,,,,Draw
,,,,,,,,,,,,,,,,,Draw
,,,,,,,,,,,,,,,,,Draw
,,,,,,,,,,,,,,,,,Draw
,,,,,,,,,,,,,,,,,Draw
,,,,,,,,,,,,,,,,,Draw
,,,,,,,,,,,,,,,,,Draw
,,,,,,,,,,,,,,,,,Draw
,,,,,,,,,,,,,,,,,Draw
,,,,,,,,,,,,,,,,,Draw
,,,,,,,,,,,,,,,,,Draw
,,,,,,,,,,,,,,,,,Draw
,,,,,,,,,,,,,,,,,Draw
,,,,,,,,,,,,,,,,,Draw
,,,,,,,,,,,,,,,,,Draw
,,,,,,,,,,,,,,,,,Draw
,,,,,,,,,,,,,,,,,Draw
,,,,,,,,,,,,,,,,,Draw
,,,,,,,,,,,,,,,,,Draw
,,,,,,,,,,,,,,,,,Draw
,,,,,,,,,,,,,,,,,Draw
,,,,,,,,,,,,,,,,,Draw
,,,,,,,,,,,,,,,,,Draw
,,,,,,,,,,,,,,,,,Draw
,,,,,,,,,,,,,,,,,Draw
,,,,,,,,,,,,,,,,,Draw
,,,,,,,,,,,,,,,,,Draw
,,,,,,,,,,,,,,,,,Draw
,,,,,,,,,,,,,,,,,Draw
,,,,,,,,,,,,,,,,,Draw
,,,,,,,,,,,,,,,,,Draw
,,,,,,,,,,,,,,,,,Draw
,,,,,,,,,,,,,,,,,Draw
,,,,,,,,,,,,,,,,,Draw
,,,,,,,,,,,,,,,,,Draw
,,,,,,,,,,,,,,,,,Draw
,,,,,,,,,,,,,,,,,Draw
,,,,,,,,,,,,,,,,,Draw
,,,,,,,,,,,,,,,,,Draw
,,,,,,,,,,,,,,,,,Draw
,,,,,,,,,,,,,,,,,Draw
,,,,,,,,,,,,,,,,,Draw
,,,,,,,,,,,,,,,,,Draw
,,,,,,,,,,,,,,,,,Draw
,,,,,,,,,,,,,,,,,Draw
,,,,,,,,,,,,,,,,,Draw
,,,,,,,,,,,,,,,,,Draw
,,,,,,,,,,,,,,,,,Draw
,,,,,,,,,,,,,,,,,Draw
,,,,,,,,,,,,,,,,,Draw
,,,,,,,,,,,,,,,,,Draw
,,,,,,,,,,,,,,,,,Draw
,,,,,,,,,,,,,,,,,Draw
,,,,,,,,,,,,,,,,,Draw
,,,,,,,,,,,,,,,,,Draw
,,,,,,,,,,,,,,,,,Draw
,,,,,,,,,,,,,,,,,Draw
,,,,,,,,,,,,,,,,,Draw
,,,,,,,,,,,,,,,,,Draw
,,,,,,,,,,,,,,,,,Draw
,,,,,,,,,,,,,,,,,Draw
,,,,,,,,,,,,,,,,,Draw
,,,,,,,,,,,,,,,,,Draw
,,,,,,,,,,,,,,,,,Draw
,,,,,,,,,,,,,,,,,Draw
,,,,,,,,,,,,,,,,,Draw
,,,,,,,,,,,,,,,,,Draw
,,,,,,,,,,,,,,,,,Draw
,,,,,,,,,,,,,,,,,Draw
,,,,,,,,,,,,,,,,,Draw
,,,,,,,,,,,,,,,,,Draw
,,,,,,,,,,,,,,,,,Draw
,,,,,,,,,,,,,,,,,Draw
,,,,,,,,,,,,,,,,,Draw
,,,,,,,,,,,,,,,,,Draw
,,,,,,,,,,,,,,,,,Draw
,,,,,,,,,,,,,,,,,Draw
,,,,,,,,,,,,,,,,,Draw
,,,,,,,,,,,,,,,,,Draw
,,,,,,,,,,,,,,,,,Draw
,,,,,,,,,,,,,,,,,Draw
,,,,,,,,,,,,,,,,,Draw
,,,,,,,,,,,,,,,,,Draw
,,,,,,,,,,,,,,,,,Draw
,,,,,,,,,,,,,,,,,Draw
,,,,,,,,,,,,,,,,,Draw
,,,,,,,,,,,,,,,,,Draw
,,,,,,,,,,,,,,,,,Draw
,,,,,,,,,,,,,,,,,Draw
,,,,,,,,,,,,,,,,,Draw
,,,,,,,,,,,,,,,,,Draw
,,,,,,,,,,,,,,,,,Draw
,,,,,,,,,,,,,,,,,Draw
,,,,,,,,,,,,,,,,,Draw
,,,,,,,,,,,,,,,,,Draw
,,,,,,,,,,,,,,,,,Draw
,,,,,,,,,,,,,,,,,Draw
,,,,,,,,,,,,,,,,,Draw
,,,,,,,,,,,,,,,,,Draw
,,,,,,,,,,,,,,,,,Draw
,,,,,,,,,,,,,,,,,Draw
,,,,,,,,,,,,,,,,,Draw
,,,,,,,,,,,,,,,,,Draw
,,,,,,,,,,,,,,,,,Draw
,,,,,,,,,,,,,,,,,Draw
,,,,,,,,,,,,,,,,,Draw
,,,,,,,,,,,,,,,,,Draw
,,,,,,,,,,,,,,,,,Draw
,,,,,,,,,,,,,,,,,Draw
,,,,,,,,,,,,,,,,,Draw
,,,,,,,,,,,,,,,,,Draw
,,,,,,,,,,,,,,,,,Draw
,,,,,,,,,,,,,,,,,Draw
,,,,,,,,,,,,,,,,,Draw
,,,,,,,,,,,,,,,,,Draw
,,,,,,,,,,,,,,,,,Draw
,,,,,,,,,,,,,,,,,Draw
,,,,,,,,,,,,,,,,,Draw
,,,,,,,,,,,,,,,,,Draw
,,,,,,,,,,,,,,,,,Draw
,,,,,,,,,,,,,,,,,Draw
,,,,,,,,,,,,,,,,,Draw
,,,,,,,,,,,,,,,,,Draw
,,,,,,,,,,,,,,,,,Draw
,,,,,,,,,,,,,,,,,Draw
,,,,,,,,,,,,,,,,,Draw
,,,,,,,,,,,,,,,,,Draw
,,,,,,,,,,,,,,,,,Draw
,,,,,,,,,,,,,,,,,Draw
,,,,,,,,,,,,,,,,,Draw
,,,,,,,,,,,,,,,,,Draw
,,,,,,,,,,,,,,,,,Draw
,,,,,,,,,,,,,,,,,Draw
,,,,,,,,,,,,,,,,,Draw
,,,,,,,,,,,,,,,,,Draw
,,,,,,,,,,,,,,,,,Draw
,,,,,,,,,,,,,,,,,Draw
,,,,,,,,,,,,,,,,,Draw
,,,,,,,,,,,,,,,,,Draw
,,,,,,,,,,,,,,,,,Draw
,,,,,,,,,,,,,,,,,Draw
,,,,,,,,,,,,,,,,,Draw
,,,,,,,,,,,,,,,,,Draw
,,,,,,,,,,,,,,,,,Draw
,,,,,,,,,,,,,,,,,Draw
,,,,,,,,,,,,,,,,,Draw
,,,,,,,,,,,,,,,,,Draw
,,,,,,,,,,,,,,,,,Draw
,,,,,,,,,,,,,,,,,Draw
,,,,,,,,,,,,,,,,,Draw
,,,,,,,,,,,,,,,,,Draw
,,,,,,,,,,,,,,,,,Draw
,,,,,,,,,,,,,,,,,Draw
,,,,,,,,,,,,,,,,,Draw
,,,,,,,,,,,,,,,,,Draw
,,,,,,,,,,,,,,,,,Draw
,,,,,,,,,,,,,,,,,Draw
,,,,,,,,,,,,,,,,,Draw
,,,,,,,,,,,,,,,,,Draw
,,,,,,,,,,,,,,,,,Draw
,,,,,,,,,,,,,,,,,Draw
,,,,,,,,,,,,,,,,,Draw
,,,,,,,,,,,,,,,,,Draw
,,,,,,,,,,,,,,,,,Draw
,,,,,,,,,,,,,,,,,Draw
,,,,,,,,,,,,,,,,,Draw
,,,,,,,,,,,,,,,,,Draw
,,,,,,,,,,,,,,,,,Draw
,,,,,,,,,,,,,,,,,Draw
,,,,,,,,,,,,,,,,,Draw
,,,,,,,,,,,,,,,,,Draw
,,,,,,,,,,,,,,,,,Draw
,,,,,,,,,,,,,,,,,Draw
,,,,,,,,,,,,,,,,,Draw
,,,,,,,,,,,,,,,,,Draw
,,,,,,,,,,,,,,,,,Draw
,,,,,,,,,,,,,,,,,Draw
,,,,,,,,,,,,,,,,,Draw
,,,,,,,,,,,,,,,,,Draw
,,,,,,,,,,,,,,,,,Draw
,,,,,,,,,,,,,,,,,Draw
,,,,,,,,,,,,,,,,,Draw
,,,,,,,,,,,,,,,,,Draw
,,,,,,,,,,,,,,,,,Draw
,,,,,,,,,,,,,,,,,Draw
,,,,,,,,,,,,,,,,,Draw
,,,,,,,,,,,,,,,,,Draw
,,,,,,,,,,,,,,,,,Draw
,,,,,,,,,,,,,,,,,Draw
,,,,,,,,,,,,,,,,,Draw
,,,,,,,,,,,,,,,,,Draw
,,,,,,,,,,,,,,,,,Draw
,,,,,,,,,,,,,,,,,Draw
,,,,,,,,,,,,,,,,,Draw
,,,,,,,,,,,,,,,,,Draw
,,,,,,,,,,,,,,,,,Draw
,,,,,,,,,,,,,,,,,Draw
,,,,,,,,,,,,,,,,,Draw
,,,,,,,,,,,,,,,,,Draw
,,,,,,,,,,,,,,,,,Draw
,,,,,,,,,,,,,,,,,Draw
,,,,,,,,,,,,,,,,,Draw
,,,,,,,,,,,,,,,,,Draw
,,,,,,,,,,,,,,,,,Draw
,,,,,,,,,,,,,,,,,Draw
,,,,,,,,,,,,,,,,,Draw
,,,,,,,,,,,,,,,,,Draw
,,,,,,,,,,,,,,,,,Draw
,,,,,,,,,,,,,,,,,Draw
,,,,,,,,,,,,,,,,,Draw
,,,,,,,,,,,,,,,,,Draw
,,,,,,,,,,,,,,,,,Draw
,,,,,,,,,,,,,,,,,Draw
,,,,,,,,,,,,,,,,,Draw
,,,,,,,,,,,,,,,,,Draw
,,,,,,,,,,,,,,,,,Draw
,,,,,,,,,,,,,,,,,Draw
,,,,,,,,,,,,,,,,,Draw
,,,,,,,,,,,,,,,,,Draw
,,,,,,,,,,,,,,,,,Draw
,,,,,,,,,,,,,,,,,Draw
,,,,,,,,,,,,,,,,,Draw
,,,,,,,,,,,,,,,,,Draw
,,,,,,,,,,,,,,,,,Draw
,,,,,,,,,,,,,,,,,Draw
,,,,,,,,,,,,,,,,,Draw
,,,,,,,,,,,,,,,,,Draw
,,,,,,,,,,,,,,,,,Draw
,,,,,,,,,,,,,,,,,Draw
,,,,,,,,,,,,,,,,,Draw
,,,,,,,,,,,,,,,,,Draw
,,,,,,,,,,,,,,,,,Draw
,,,,,,,,,,,,,,,,,Draw
,,,,,,,,,,,,,,,,,Draw
,,,,,,,,,,,,,,,,,Draw
,,,,,,,,,,,,,,,,,Draw
,,,,,,,,,,,,,,,,,Draw
,,,,,,,,,,,,,,,,,Draw
,,,,,,,,,,,,,,,,,Draw
,,,,,,,,,,,,,,,,,Draw
,,,,,,,,,,,,,,,,,Draw
,,,,,,,,,,,,,,,,,Draw
,,,,,,,,,,,,,,,,,Draw
,,,,,,,,,,,,,,,,,Draw
,,,,,,,,,,,,,,,,,Draw
,,,,,,,,,,,,,,,,,Draw
,,,,,,,,,,,,,,,,,Draw
,,,,,,,,,,,,,,,,,Draw
,,,,,,,,,,,,,,,,,Draw
,,,,,,,,,,,,,,,,,Draw
,,,,,,,,,,,,,,,,,Draw
,,,,,,,,,,,,,,,,,Draw
,,,,,,,,,,,,,,,,,Draw
,,,,,,,,,,,,,,,,,Draw
,,,,,,,,,,,,,,,,,Draw
,,,,,,,,,,,,,,,,,Draw
,,,,,,,,,,,,,,,,,Draw
,,,,,,,,,,,,,,,,,Draw
,,,,,,,,,,,,,,,,,Draw
,,,,,,,,,,,,,,,,,Draw
,,,,,,,,,,,,,,,,,Draw
,,,,,,,,,,,,,,,,,Draw
,,,,,,,,,,,,,,,,,Draw
,,,,,,,,,,,,,,,,,Draw
,,,,,,,,,,,,,,,,,Draw
,,,,,,,,,,,,,,,,,Draw
,,,,,,,,,,,,,,,,,Draw
,,,,,,,,,,,,,,,,,Draw
,,,,,,,,,,,,,,,,,Draw
,,,,,,,,,,,,,,,,,Draw
,,,,,,,,,,,,,,,,,Draw
,,,,,,,,,,,,,,,,,Draw
,,,,,,,,,,,,,,,,,Draw
,,,,,,,,,,,,,,,,,Draw
,,,,,,,,,,,,,,,,,Draw
,,,,,,,,,,,,,,,,,Draw
,,,,,,,,,,,,,,,,,Draw
,,,,,,,,,,,,,,,,,Draw
,,,,,,,,,,,,,,,,,Draw
,,,,,,,,,,,,,,,,,Draw
,,,,,,,,,,,,,,,,,Draw
,,,,,,,,,,,,,,,,,Draw
,,,,,,,,,,,,,,,,,Draw
,,,,,,,,,,,,,,,,,Draw
,,,,,,,,,,,,,,,,,Draw
,,,,,,,,,,,,,,,,,Draw
,,,,,,,,,,,,,,,,,Draw
,,,,,,,,,,,,,,,,,Draw
,,,,,,,,,,,,,,,,,Draw
,,,,,,,,,,,,,,,,,Draw
,,,,,,,,,,,,,,,,,Draw
,,,,,,,,,,,,,,,,,Draw
,,,,,,,,,,,,,,,,,Draw
,,,,,,,,,,,,,,,,,Draw
,,,,,,,,,,,,,,,,,Draw
,,,,,,,,,,,,,,,,,Draw
,,,,,,,,,,,,,,,,,Draw
,,,,,,,,,,,,,,,,,Draw
,,,,,,,,,,,,,,,,,Draw
,,,,,,,,,,,,,,,,,Draw
,,,,,,,,,,,,,,,,,Draw
,,,,,,,,,,,,,,,,,Draw
,,,,,,,,,,,,,,,,,Draw
,,,,,,,,,,,,,,,,,Draw
,,,,,,,,,,,,,,,,,Draw
,,,,,,,,,,,,,,,,,Draw
,,,,,,,,,,,,,,,,,Draw
,,,,,,,,,,,,,,,,,Draw
,,,,,,,,,,,,,,,,,Draw
,,,,,,,,,,,,,,,,,Draw
,,,,,,,,,,,,,,,,,Draw
,,,,,,,,,,,,,,,,,Draw
,,,,,,,,,,,,,,,,,Draw
,,,,,,,,,,,,,,,,,Draw
,,,,,,,,,,,,,,,,,Draw
,,,,,,,,,,,,,,,,,Draw
,,,,,,,,,,,,,,,,,Draw
,,,,,,,,,,,,,,,,,Draw
,,,,,,,,,,,,,,,,,Draw
,,,,,,,,,,,,,,,,,Draw
,,,,,,,,,,,,,,,,,Draw
,,,,,,,,,,,,,,,,,Draw
,,,,,,,,,,,,,,,,,Draw
,,,,,,,,,,,,,,,,,Draw
,,,,,,,,,,,,,,,,,Draw
,,,,,,,,,,,,,,,,,Draw
,,,,,,,,,,,,,,,,,Draw
,,,,,,,,,,,,,,,,,Draw
,,,,,,,,,,,,,,,,,Draw
,,,,,,,,,,,,,,,,,Draw
,,,,,,,,,,,,,,,,,Draw
,,,,,,,,,,,,,,,,,Draw
,,,,,,,,,,,,,,,,,Draw
,,,,,,,,,,,,,,,,,Draw
,,,,,,,,,,,,,,,,,Draw
,,,,,,,,,,,,,,,,,Draw
,,,,,,,,,,,,,,,,,Draw
,,,,,,,,,,,,,,,,,Draw
,,,,,,,,,,,,,,,,,Draw
,,,,,,,,,,,,,,,,,Draw
,,,,,,,,,,,,,,,,,Draw
,,,,,,,,,,,,,,,,,Draw
,,,,,,,,,,,,,,,,,Draw
,,,,,,,,,,,,,,,,,Draw
,,,,,,,,,,,,,,,,,Draw
,,,,,,,,,,,,,,,,,Draw
,,,,,,,,,,,,,,,,,Draw
,,,,,,,,,,,,,,,,,Draw
,,,,,,,,,,,,,,,,,Draw
,,,,,,,,,,,,,,,,,Draw
,,,,,,,,,,,,,,,,,Draw
,,,,,,,,,,,,,,,,,Draw
,,,,,,,,,,,,,,,,,Draw
,,,,,,,,,,,,,,,,,Draw
,,,,,,,,,,,,,,,,,Draw
,,,,,,,,,,,,,,,,,Draw
,,,,,,,,,,,,,,,,,Draw
,,,,,,,,,,,,,,,,,Draw
,,,,,,,,,,,,,,,,,Draw
,,,,,,,,,,,,,,,,,Draw
,,,,,,,,,,,,,,,,,Draw
,,,,,,,,,,,,,,,,,Draw
,,,,,,,,,,,,,,,,,Draw
,,,,,,,,,,,,,,,,,Draw
,,,,,,,,,,,,,,,,,Draw
,,,,,,,,,,,,,,,,,Draw
,,,,,,,,,,,,,,,,,Draw
,,,,,,,,,,,,,,,,,Draw
,,,,,,,,,,,,,,,,,Draw
,,,,,,,,,,,,,,,,,Draw
,,,,,,,,,,,,,,,,,Draw
,,,,,,,,,,,,,,,,,Draw
,,,,,,,,,,,,,,,,,Draw
,,,,,,,,,,,,,,,,,Draw
,,,,,,,,,,,,,,,,,Draw
,,,,,,,,,,,,,,,,,Draw
,,,,,,,,,,,,,,,,,Draw
,,,,,,,,,,,,,,,,,Draw
,,,,,,,,,,,,,,,,,Draw
,,,,,,,,,,,,,,,,,Draw
,,,,,,,,,,,,,,,,,Draw
,,,,,,,,,,,,,,,,,Draw
,,,,,,,,,,,,,,,,,Draw
,,,,,,,,,,,,,,,,,Draw
,,,,,,,,,,,,,,,,,Draw
,,,,,,,,,,,,,,,,,Draw
,,,,,,,,,,,,,,,,,Draw
,,,,,,,,,,,,,,,,,Draw
,,,,,,,,,,,,,,,,,Draw
,,,,,,,,,,,,,,,,,Draw
,,,,,,,,,,,,,,,,,Draw
,,,,,,,,,,,,,,,,,Draw
,,,,,,,,,,,,,,,,,Draw
,,,,,,,,,,,,,,,,,Draw
,,,,,,,,,,,,,,,,,Draw
,,,,,,,,,,,,,,,,,Draw
,,,,,,,,,,,,,,,,,Draw
,,,,,,,,,,,,,,,,,Draw
,,,,,,,,,,,,,,,,,Draw
,,,,,,,,,,,,,,,,,Draw
,,,,,,,,,,,,,,,,,Draw
,,,,,,,,,,,,,,,,,Draw
,,,,,,,,,,,,,,,,,Draw
,,,,,,,,,,,,,,,,,Draw
,,,,,,,,,,,,,,,,,Draw
,,,,,,,,,,,,,,,,,Draw
,,,,,,,,,,,,,,,,,Draw
,,,,,,,,,,,,,,,,,Draw
,,,,,,,,,,,,,,,,,Draw
,,,,,,,,,,,,,,,,,Draw
,,,,,,,,,,,,,,,,,Draw
,,,,,,,,,,,,,,,,,Draw
,,,,,,,,,,,,,,,,,Draw
,,,,,,,,,,,,,,,,,Draw
,,,,,,,,,,,,,,,,,Draw
,,,,,,,,,,,,,,,,,Draw
,,,,,,,,,,,,,,,,,Draw
,,,,,,,,,,,,,,,,,Draw
,,,,,,,,,,,,,,,,,Draw
,,,,,,,,,,,,,,,,,Draw
,,,,,,,,,,,,,,,,,Draw
,,,,,,,,,,,,,,,,,Draw
,,,,,,,,,,,,,,,,,Draw
,,,,,,,,,,,,,,,,,Draw
,,,,,,,,,,,,,,,,,Draw
,,,,,,,,,,,,,,,,,Draw
,,,,,,,,,,,,,,,,,Draw
,,,,,,,,,,,,,,,,,Draw
,,,,,,,,,,,,,,,,,Draw
,,,,,,,,,,,,,,,,,Draw
,,,,,,,,,,,,,,,,,Draw
,,,,,,,,,,,,,,,,,Draw
,,,,,,,,,,,,,,,,,Draw
,,,,,,,,,,,,,,,,,Draw
,,,,,,,,,,,,,,,,,Draw
,,,,,,,,,,,,,,,,,Draw
,,,,,,,,,,,,,,,,,Draw
,,,,,,,,,,,,,,,,,Draw
,,,,,,,,,,,,,,,,,Draw
,,,,,,,,,,,,,,,,,Draw
,,,,,,,,,,,,,,,,,Draw
,,,,,,,,,,,,,,,,,Draw
,,,,,,,,,,,,,,,,,Draw
,,,,,,,,,,,,,,,,,Draw
,,,,,,,,,,,,,,,,,Draw
,,,,,,,,,,,,,,,,,Draw
,,,,,,,,,,,,,,,,,Draw
,,,,,,,,,,,,,,,,,Draw
,,,,,,,,,,,,,,,,,Draw
,,,,,,,,,,,,,,,,,Draw
,,,,,,,,,,,,,,,,,Draw
,,,,,,,,,,,,,,,,,Draw
,,,,,,,,,,,,,,,,,Draw
,,,,,,,,,,,,,,,,,Draw
,,,,,,,,,,,,,,,,,Draw
,,,,,,,,,,,,,,,,,Draw
,,,,,,,,,,,,,,,,,Draw
,,,,,,,,,,,,,,,,,Draw
,,,,,,,,,,,,,,,,,Draw
,,,,,,,,,,,,,,,,,Draw
,,,,,,,,,,,,,,,,,Draw
,,,,,,,,,,,,,,,,,Draw
,,,,,,,,,,,,,,,,,Draw
,,,,,,,,,,,,,,,,,Draw
,,,,,,,,,,,,,,,,,Draw
,,,,,,,,,,,,,,,,,Draw
,,,,,,,,,,,,,,,,,Draw
,,,,,,,,,,,,,,,,,Draw
,,,,,,,,,,,,,,,,,Draw
,,,,,,,,,,,,,,,,,Draw
,,,,,,,,,,,,,,,,,Draw
,,,,,,,,,,,,,,,,,Draw
,,,,,,,,,,,,,,,,,Draw
,,,,,,,,,,,,,,,,,Draw
,,,,,,,,,,,,,,,,,Draw
,,,,,,,,,,,,,,,,,Draw
,,,,,,,,,,,,,,,,,Draw
,,,,,,,,,,,,,,,,,Draw
,,,,,,,,,,,,,,,,,Draw
,,,,,,,,,,,,,,,,,Draw
,,,,,,,,,,,,,,,,,Draw
,,,,,,,,,,,,,,,,,Draw
,,,,,,,,,,,,,,,,,Draw
,,,,,,,,,,,,,,,,,Draw
,,,,,,,,,,,,,,,,,Draw
,,,,,,,,,,,,,,,,,Draw
,,,,,,,,,,,,,,,,,Draw
,,,,,,,,,,,,,,,,,Draw
,,,,,,,,,,,,,,,,,Draw
,,,,,,,,,,,,,,,,,Draw
,,,,,,,,,,,,,,,,,Draw
,,,,,,,,,,,,,,,,,Draw
,,,,,,,,,,,,,,,,,Draw
,,,,,,,,,,,,,,,,,Draw
,,,,,,,,,,,,,,,,,Draw
,,,,,,,,,,,,,,,,,Draw
,,,,,,,,,,,,,,,,,Draw
,,,,,,,,,,,,,,,,,Draw
,,,,,,,,,,,,,,,,,Draw
,,,,,,,,,,,,,,,,,Draw
,,,,,,,,,,,,,,,,,Draw
,,,,,,,,,,,,,,,,,Draw
,,,,,,,,,,,,,,,,,Draw
,,,,,,,,,,,,,,,,,Draw
,,,,,,,,,,,,,,,,,Draw
,,,,,,,,,,,,,,,,,Draw
,,,,,,,,,,,,,,,,,Draw
,,,,,,,,,,,,,,,,,Draw
,,,,,,,,,,,,,,,,,Draw
,,,,,,,,,,,,,,,,,Draw
,,,,,,,,,,,,,,,,,Draw
,,,,,,,,,,,,,,,,,Draw
,,,,,,,,,,,,,,,,,Draw
,,,,,,,,,,,,,,,,,Draw
,,,,,,,,,,,,,,,,,Draw
,,,,,,,,,,,,,,,,,Draw
,,,,,,,,,,,,,,,,,Draw
,,,,,,,,,,,,,,,,,Draw
,,,,,,,,,,,,,,,,,Draw
,,,,,,,,,,,,,,,,,Draw
,,,,,,,,,,,,,,,,,Draw
,,,,,,,,,,,,,,,,,Draw
,,,,,,,,,,,,,,,,,Draw
,,,,,,,,,,,,,,,,,Draw
,,,,,,,,,,,,,,,,,Draw
,,,,,,,,,,,,,,,,,Draw
,,,,,,,,,,,,,,,,,Draw
,,,,,,,,,,,,,,,,,Draw
,,,,,,,,,,,,,,,,,Draw
,,,,,,,,,,,,,,,,,Draw
,,,,,,,,,,,,,,,,,Draw
,,,,,,,,,,,,,,,,,Draw
,,,,,,,,,,,,,,,,,Draw
,,,,,,,,,,,,,,,,,Draw
,,,,,,,,,,,,,,,,,Draw
,,,,,,,,,,,,,,,,,Draw
,,,,,,,,,,,,,,,,,Draw
,,,,,,,,,,,,,,,,,Draw
,,,,,,,,,,,,,,,,,Draw
,,,,,,,,,,,,,,,,,Draw
,,,,,,,,,,,,,,,,,Draw
,,,,,,,,,,,,,,,,,Draw
,,,,,,,,,,,,,,,,,Draw
,,,,,,,,,,,,,,,,,Draw
,,,,,,,,,,,,,,,,,Draw
,,,,,,,,,,,,,,,,,Draw
,,,,,,,,,,,,,,,,,Draw
,,,,,,,,,,,,,,,,,Draw
,,,,,,,,,,,,,,,,,Draw
,,,,,,,,,,,,,,,,,Draw
,,,,,,,,,,,,,,,,,Draw
,,,,,,,,,,,,,,,,,Draw
,,,,,,,,,,,,,,,,,Draw
,,,,,,,,,,,,,,,,,Draw
,,,,,,,,,,,,,,,,,Draw
,,,,,,,,,,,,,,,,,Draw
,,,,,,,,,,,,,,,,,Draw
,,,,,,,,,,,,,,,,,Draw
,,,,,,,,,,,,,,,,,Draw
,,,,,,,,,,,,,,,,,Draw
,,,,,,,,,,,,,,,,,Draw
,,,,,,,,,,,,,,,,,Draw
,,,,,,,,,,,,,,,,,Draw
,,,,,,,,,,,,,,,,,Draw
,,,,,,,,,,,,,,,,,Draw
,,,,,,,,,,,,,,,,,Draw
,,,,,,,,,,,,,,,,,Draw
,,,,,,,,,,,,,,,,,Draw
,,,,,,,,,,,,,,,,,Draw
,,,,,,,,,,,,,,,,,Draw
,,,,,,,,,,,,,,,,,Draw
,,,,,,,,,,,,,,,,,Draw
,,,,,,,,,,,,,,,,,Draw
,,,,,,,,,,,,,,,,,Draw
,,,,,,,,,,,,,,,,,Draw
,,,,,,,,,,,,,,,,,Draw
,,,,,,,,,,,,,,,,,Draw
,,,,,,,,,,,,,,,,,Draw
,,,,,,,,,,,,,,,,,Draw
,,,,,,,,,,,,,,,,,Draw
,,,,,,,,,,,,,,,,,Draw
,,,,,,,,,,,,,,,,,Draw
,,,,,,,,,,,,,,,,,Draw
,,,,,,,,,,,,,,,,,Draw
,,,,,,,,,,,,,,,,,Draw
,,,,,,,,,,,,,,,,,Draw
,,,,,,,,,,,,,,,,,Draw
,,,,,,,,,,,,,,,,,Draw
,,,,,,,,,,,,,,,,,Draw
,,,,,,,,,,,,,,,,,Draw
,,,,,,,,,,,,,,,,,Draw
,,,,,,,,,,,,,,,,,Draw
,,,,,,,,,,,,,,,,,Draw
,,,,,,,,,,,,,,,,,Draw
,,,,,,,,,,,,,,,,,Draw
,,,,,,,,,,,,,,,,,Draw
,,,,,,,,,,,,,,,,,Draw
,,,,,,,,,,,,,,,,,Draw
,,,,,,,,,,,,,,,,,Draw
,,,,,,,,,,,,,,,,,Draw
,,,,,,,,,,,,,,,,,Draw
,,,,,,,,,,,,,,,,,Draw
,,,,,,,,,,,,,,,,,Draw
,,,,,,,,,,,,,,,,,Draw
,,,,,,,,,,,,,,,,,Draw
,,,,,,,,,,,,,,,,,Draw
,,,,,,,,,,,,,,,,,Draw
,,,,,,,,,,,,,,,,,Draw
,,,,,,,,,,,,,,,,,Draw
,,,,,,,,,,,,,,,,,Draw
,,,,,,,,,,,,,,,,,Draw
,,,,,,,,,,,,,,,,,Draw
,,,,,,,,,,,,,,,,,Draw
,,,,,,,,,,,,,,,,,Draw
,,,,,,,,,,,,,,,,,Draw
,,,,,,,,,,,,,,,,,Draw
,,,,,,,,,,,,,,,,,Draw
,,,,,,,,,,,,,,,,,Draw
,,,,,,,,,,,,,,,,,Draw
,,,,,,,,,,,,,,,,,Draw
,,,,,,,,,,,,,,,,,Draw
,,,,,,,,,,,,,,,,,Draw
,,,,,,,,,,,,,,,,,Draw
,,,,,,,,,,,,,,,,,Draw
,,,,,,,,,,,,,,,,,Draw
,,,,,,,,,,,,,,,,,Draw
,,,,,,,,,,,,,,,,,Draw
,,,,,,,,,,,,,,,,,Draw
,,,,,,,,,,,,,,,,,Draw
,,,,,,,,,,,,,,,,,Draw
,,,,,,,,,,,,,,,,,Draw
,,,,,,,,,,,,,,,,,Draw
,,,,,,,,,,,,,,,,,Draw
,,,,,,,,,,,,,,,,,Draw
,,,,,,,,,,,,,,,,,Draw
,,,,,,,,,,,,,,,,,Draw
,,,,,,,,,,,,,,,,,Draw
,,,,,,,,,,,,,,,,,Draw
,,,,,,,,,,,,,,,,,Draw
,,,,,,,,,,,,,,,,,Draw
,,,,,,,,,,,,,,,,,Draw
,,,,,,,,,,,,,,,,,Draw
,,,,,,,,,,,,,,,,,Draw
,,,,,,,,,,,,,,,,,Draw
,,,,,,,,,,,,,,,,,Draw
,,,,,,,,,,,,,,,,,Draw
,,,,,,,,,,,,,,,,,Draw
,,,,,,,,,,,,,,,,,Draw
,,,,,,,,,,,,,,,,,Draw
,,,,,,,,,,,,,,,,,Draw
,,,,,,,,,,,,,,,,,Draw
,,,,,,,,,,,,,,,,,Draw
,,,,,,,,,,,,,,,,,Draw
,,,,,,,,,,,,,,,,,Draw
,,,,,,,,,,,,,,,,,Draw
,,,,,,,,,,,,,,,,,Draw
,,,,,,,,,,,,,,,,,Draw
,,,,,,,,,,,,,,,,,Draw
,,,,,,,,,,,,,,,,,Draw
,,,,,,,,,,,,,,,,,Draw
,,,,,,,,,,,,,,,,,Draw
,,,,,,,,,,,,,,,,,Draw
,,,,,,,,,,,,,,,,,Draw
,,,,,,,,,,,,,,,,,Draw
,,,,,,,,,,,,,,,,,Draw
,,,,,,,,,,,,,,,,,Draw
,,,,,,,,,,,,,,,,,Draw
,,,,,,,,,,,,,,,,,Draw
,,,,,,,,,,,,,,,,,Draw
,,,,,,,,,,,,,,,,,Draw
,,,,,,,,,,,,,,,,,Draw
,,,,,,,,,,,,,,,,,Draw
,,,,,,,,,,,,,,,,,Draw
,,,,,,,,,,,,,,,,,Draw
,,,,,,,,,,,,,,,,,Draw
,,,,,,,,,,,,,,,,,Draw
,,,,,,,,,,,,,,,,,Draw
,,,,,,,,,,,,,,,,,Draw
,,,,,,,,,,,,,,,,,Draw
,,,,,,,,,,,,,,,,,Draw
,,,,,,,,,,,,,,,,,Draw
,,,,,,,,,,,,,,,,,Draw
,,,,,,,,,,,,,,,,,Draw
,,,,,,,,,,,,,,,,,Draw
,,,,,,,,,,,,,,,,,Draw
,,,,,,,,,,,,,,,,,Draw
,,,,,,,,,,,,,,,,,Draw
,,,,,,,,,,,,,,,,,Draw
,,,,,,,,,,,,,,,,,Draw
,,,,,,,,,,,,,,,,,Draw
,,,,,,,,,,,,,,,,,Draw
,,,,,,,,,,,,,,,,,Draw
,,,,,,,,,,,,,,,,,Draw
,,,,,,,,,,,,,,,,,Draw
,,,,,,,,,,,,,,,,,Draw
,,,,,,,,,,,,,,,,,Draw
,,,,,,,,,,,,,,,,,Draw
,,,,,,,,,,,,,,,,,Draw
,,,,,,,,,,,,,,,,,Draw
,,,,,,,,,,,,,,,,,Draw
,,,,,,,,,,,,,,,,,Draw
,,,,,,,,,,,,,,,,,Draw
,,,,,,,,,,,,,,,,,Draw
,,,,,,,,,,,,,,,,,Draw
,,,,,,,,,,,,,,,,,Draw
,,,,,,,,,,,,,,,,,Draw
,,,,,,,,,,,,,,,,,Draw
,,,,,,,,,,,,,,,,,Draw
,,,,,,,,,,,,,,,,,Draw
,,,,,,,,,,,,,,,,,Draw
,,,,,,,,,,,,,,,,,Draw
,,,,,,,,,,,,,,,,,Draw
,,,,,,,,,,,,,,,,,Draw
,,,,,,,,,,,,,,,,,Draw
,,,,,,,,,,,,,,,,,Draw
,,,,,,,,,,,,,,,,,Draw
,,,,,,,,,,,,,,,,,Draw
,,,,,,,,,,,,,,,,,Draw
,,,,,,,,,,,,,,,,,Draw
,,,,,,,,,,,,,,,,,Draw
,,,,,,,,,,,,,,,,,Draw
,,,,,,,,,,,,,,,,,Draw
,,,,,,,,,,,,,,,,,Draw
,,,,,,,,,,,,,,,,,Draw
,,,,,,,,,,,,,,,,,Draw
,,,,,,,,,,,,,,,,,Draw
,,,,,,,,,,,,,,,,,Draw
,,,,,,,,,,,,,,,,,Draw
,,,,,,,,,,,,,,,,,Draw
,,,,,,,,,,,,,,,,,Draw
,,,,,,,,,,,,,,,,,Draw
,,,,,,,,,,,,,,,,,Draw
,,,,,,,,,,,,,,,,,Draw
,,,,,,,,,,,,,,,,,Draw
,,,,,,,,,,,,,,,,,Draw
,,,,,,,,,,,,,,,,,Draw
,,,,,,,,,,,,,,,,,Draw
,,,,,,,,,,,,,,,,,Draw
,,,,,,,,,,,,,,,,,Draw
,,,,,,,,,,,,,,,,,Draw
,,,,,,,,,,,,,,,,,Draw
,,,,,,,,,,,,,,,,,Draw
,,,,,,,,,,,,,,,,,Draw
,,,,,,,,,,,,,,,,,Draw
,,,,,,,,,,,,,,,,,Draw
,,,,,,,,,,,,,,,,,Draw
,,,,,,,,,,,,,,,,,Draw
,,,,,,,,,,,,,,,,,Draw
,,,,,,,,,,,,,,,,,Draw
,,,,,,,,,,,,,,,,,Draw
,,,,,,,,,,,,,,,,,Draw
,,,,,,,,,,,,,,,,,Draw
,,,,,,,,,,,,,,,,,Draw
,,,,,,,,,,,,,,,,,Draw
,,,,,,,,,,,,,,,,,Draw
,,,,,,,,,,,,,,,,,Draw
,,,,,,,,,,,,,,,,,Draw
,,,,,,,,,,,,,,,,,Draw
,,,,,,,,,,,,,,,,,Draw
,,,,,,,,,,,,,,,,,Draw
,,,,,,,,,,,,,,,,,Draw
,,,,,,,,,,,,,,,,,Draw
,,,,,,,,,,,,,,,,,Draw
,,,,,,,,,,,,,,,,,Draw
,,,,,,,,,,,,,,,,,Draw
,,,,,,,,,,,,,,,,,Draw
,,,,,,,,,,,,,,,,,Draw
,,,,,,,,,,,,,,,,,Draw
,,,,,,,,,,,,,,,,,Draw
,,,,,,,,,,,,,,,,,Draw
,,,,,,,,,,,,,,,,,Draw
,,,,,,,,,,,,,,,,,Draw
,,,,,,,,,,,,,,,,,Draw
,,,,,,,,,,,,,,,,,Draw
,,,,,,,,,,,,,,,,,Draw
,,,,,,,,,,,,,,,,,Draw
,,,,,,,,,,,,,,,,,Draw
,,,,,,,,,,,,,,,,,Draw
,,,,,,,,,,,,,,,,,Draw
,,,,,,,,,,,,,,,,,Draw
,,,,,,,,,,,,,,,,,Draw
,,,,,,,,,,,,,,,,,Draw
,,,,,,,,,,,,,,,,,Draw
,,,,,,,,,,,,,,,,,Draw
,,,,,,,,,,,,,,,,,Draw
,,,,,,,,,,,,,,,,,Draw
,,,,,,,,,,,,,,,,,Draw
,,,,,,,,,,,,,,,,,Draw
,,,,,,,,,,,,,,,,,Draw
,,,,,,,,,,,,,,,,,Draw
,,,,,,,,,,,,,,,,,Draw
,,,,,,,,,,,,,,,,,Draw
,,,,,,,,,,,,,,,,,Draw
,,,,,,,,,,,,,,,,,Draw
,,,,,,,,,,,,,,,,,Draw
,,,,,,,,,,,,,,,,,Draw
,,,,,,,,,,,,,,,,,Draw
,,,,,,,,,,,,,,,,,Draw
,,,,,,,,,,,,,,,,,Draw
,,,,,,,,,,,,,,,,,Draw
,,,,,,,,,,,,,,,,,Draw
,,,,,,,,,,,,,,,,,Draw
,,,,,,,,,,,,,,,,,Draw
,,,,,,,,,,,,,,,,,Draw
,,,,,,,,,,,,,,,,,Draw
,,,,,,,,,,,,,,,,,Draw
,,,,,,,,,,,,,,,,,Draw
,,,,,,,,,,,,,,,,,Draw
,,,,,,,,,,,,,,,,,Draw
,,,,,,,,,,,,,,,,,Draw
,,,,,,,,,,,,,,,,,Draw
,,,,,,,,,,,,,,,,,Draw
,,,,,,,,,,,,,,,,,Draw
,,,,,,,,,,,,,,,,,Draw
,,,,,,,,,,,,,,,,,Draw
,,,,,,,,,,,,,,,,,Draw
,,,,,,,,,,,,,,,,,Draw
,,,,,,,,,,,,,,,,,Draw
,,,,,,,,,,,,,,,,,Draw
,,,,,,,,,,,,,,,,,Draw
,,,,,,,,,,,,,,,,,Draw
,,,,,,,,,,,,,,,,,Draw
,,,,,,,,,,,,,,,,,Draw
,,,,,,,,,,,,,,,,,Draw
,,,,,,,,,,,,,,,,,Draw
,,,,,,,,,,,,,,,,,Draw
,,,,,,,,,,,,,,,,,Draw
,,,,,,,,,,,,,,,,,Draw
,,,,,,,,,,,,,,,,,Draw
,,,,,,,,,,,,,,,,,Draw
,,,,,,,,,,,,,,,,,Draw
,,,,,,,,,,,,,,,,,Draw
,,,,,,,,,,,,,,,,,Draw
,,,,,,,,,,,,,,,,,Draw
,,,,,,,,,,,,,,,,,Draw
,,,,,,,,,,,,,,,,,Draw
,,,,,,,,,,,,,,,,,Draw
,,,,,,,,,,,,,,,,,Draw
,,,,,,,,,,,,,,,,,Draw
,,,,,,,,,,,,,,,,,Draw
,,,,,,,,,,,,,,,,,Draw
,,,,,,,,,,,,,,,,,Draw
,,,,,,,,,,,,,,,,,Draw
,,,,,,,,,,,,,,,,,Draw
,,,,,,,,,,,,,,,,,Draw
,,,,,,,,,,,,,,,,,Draw
,,,,,,,,,,,,,,,,,Draw
,,,,,,,,,,,,,,,,,Draw
,,,,,,,,,,,,,,,,,Draw
,,,,,,,,,,,,,,,,,Draw
,,,,,,,,,,,,,,,,,Draw
,,,,,,,,,,,,,,,,,Draw
,,,,,,,,,,,,,,,,,Draw
,,,,,,,,,,,,,,,,,Draw
,,,,,,,,,,,,,,,,,Draw
,,,,,,,,,,,,,,,,,Draw
,,,,,,,,,,,,,,,,,Draw
,,,,,,,,,,,,,,,,,Draw
,,,,,,,,,,,,,,,,,Draw
,,,,,,,,,,,,,,,,,Draw
,,,,,,,,,,,,,,,,,Draw
,,,,,,,,,,,,,,,,,Draw
,,,,,,,,,,,,,,,,,Draw
,,,,,,,,,,,,,,,,,Draw
,,,,,,,,,,,,,,,,,Draw
,,,,,,,,,,,,,,,,,Draw
,,,,,,,,,,,,,,,,,Draw
,,,,,,,,,,,,,,,,,Draw
,,,,,,,,,,,,,,,,,Draw
,,,,,,,,,,,,,,,,,Draw
,,,,,,,,,,,,,,,,,Draw
,,,,,,,,,,,,,,,,,Draw
,,,,,,,,,,,,,,,,,Draw
,,,,,,,,,,,,,,,,,Draw
,,,,,,,,,,,,,,,,,Draw
,,,,,,,,,,,,,,,,,Draw
,,,,,,,,,,,,,,,,,Draw
,,,,,,,,,,,,,,,,,Draw
,,,,,,,,,,,,,,,,,Draw
,,,,,,,,,,,,,,,,,Draw
,,,,,,,,,,,,,,,,,Draw
,,,,,,,,,,,,,,,,,Draw
,,,,,,,,,,,,,,,,,Draw
,,,,,,,,,,,,,,,,,Draw
,,,,,,,,,,,,,,,,,Draw
,,,,,,,,,,,,,,,,,Draw
,,,,,,,,,,,,,,,,,Draw
,,,,,,,,,,,,,,,,,Draw
,,,,,,,,,,,,,,,,,Draw
,,,,,,,,,,,,,,,,,Draw
,,,,,,,,,,,,,,,,,Draw
,,,,,,,,,,,,,,,,,Draw
,,,,,,,,,,,,,,,,,Draw
,,,,,,,,,,,,,,,,,Draw
,,,,,,,,,,,,,,,,,Draw
,,,,,,,,,,,,,,,,,Draw
,,,,,,,,,,,,,,,,,Draw
,,,,,,,,,,,,,,,,,Draw
,,,,,,,,,,,,,,,,,Draw
,,,,,,,,,,,,,,,,,Draw
,,,,,,,,,,,,,,,,,Draw
,,,,,,,,,,,,,,,,,Draw
,,,,,,,,,,,,,,,,,Draw
,,,,,,,,,,,,,,,,,Draw
,,,,,,,,,,,,,,,,,Draw
,,,,,,,,,,,,,,,,,Draw
,,,,,,,,,,,,,,,,,Draw
,,,,,,,,,,,,,,,,,Draw
,,,,,,,,,,,,,,,,,Draw
,,,,,,,,,,,,,,,,,Draw
,,,,,,,,,,,,,,,,,Draw
,,,,,,,,,,,,,,,,,Draw
,,,,,,,,,,,,,,,,,Draw
,,,,,,,,,,,,,,,,,Draw
,,,,,,,,,,,,,,,,,Draw
,,,,,,,,,,,,,,,,,Draw
,,,,,,,,,,,,,,,,,Draw
,,,,,,,,,,,,,,,,,Draw
,,,,,,,,,,,,,,,,,Draw
,,,,,,,,,,,,,,,,,Draw
,,,,,,,,,,,,,,,,,Draw
,,,,,,,,,,,,,,,,,Draw
,,,,,,,,,,,,,,,,,Draw
,,,,,,,,,,,,,,,,,Draw
,,,,,,,,,,,,,,,,,Draw
,,,,,,,,,,,,,,,,,Draw
,,,,,,,,,,,,,,,,,Draw
,,,,,,,,,,,,,,,,,Draw
,,,,,,,,,,,,,,,,,Draw
,,,,,,,,,,,,,,,,,Draw
,,,,,,,,,,,,,,,,,Draw
,,,,,,,,,,,,,,,,,Draw
,,,,,,,,,,,,,,,,,Draw
,,,,,,,,,,,,,,,,,Draw
,,,,,,,,,,,,,,,,,Draw
,,,,,,,,,,,,,,,,,Draw
,,,,,,,,,,,,,,,,,Draw
,,,,,,,,,,,,,,,,,Draw
,,,,,,,,,,,,,,,,,Draw
,,,,,,,,,,,,,,,,,Draw
,,,,,,,,,,,,,,,,,Draw
,,,,,,,,,,,,,,,,,Draw
,,,,,,,,,,,,,,,,,Draw
,,,,,,,,,,,,,,,,,Draw
,,,,,,,,,,,,,,,,,Draw
,,,,,,,,,,,,,,,,,Draw
,,,,,,,,,,,,,,,,,Draw
,,,,,,,,,,,,,,,,,Draw
,,,,,,,,,,,,,,,,,Draw
,,,,,,,,,,,,,,,,,Draw
,,,,,,,,,,,,,,,,,Draw
,,,,,,,,,,,,,,,,,Draw
,,,,,,,,,,,,,,,,,Draw
,,,,,,,,,,,,,,,,,Draw
,,,,,,,,,,,,,,,,,Draw
,,,,,,,,,,,,,,,,,Draw
,,,,,,,,,,,,,,,,,Draw
,,,,,,,,,,,,,,,,,Draw
,,,,,,,,,,,,,,,,,Draw
,,,,,,,,,,,,,,,,,Draw
,,,,,,,,,,,,,,,,,Draw
,,,,,,,,,,,,,,,,,Draw
,,,,,,,,,,,,,,,,,Draw
,,,,,,,,,,,,,,,,,Draw
,,,,,,,,,,,,,,,,,Draw
,,,,,,,,,,,,,,,,,Draw
,,,,,,,,,,,,,,,,,Draw
,,,,,,,,,,,,,,,,,Draw
,,,,,,,,,,,,,,,,,Draw
,,,,,,,,,,,,,,,,,Draw
,,,,,,,,,,,,,,,,,Draw
,,,,,,,,,,,,,,,,,Draw
,,,,,,,,,,,,,,,,,Draw
,,,,,,,,,,,,,,,,,Draw
,,,,,,,,,,,,,,,,,Draw
,,,,,,,,,,,,,,,,,Draw
,,,,,,,,,,,,,,,,,Draw
,,,,,,,,,,,,,,,,,Draw
,,,,,,,,,,,,,,,,,Draw
,,,,,,,,,,,,,,,,,Draw
,,,,,,,,,,,,,,,,,Draw
,,,,,,,,,,,,,,,,,Draw
,,,,,,,,,,,,,,,,,Draw
,,,,,,,,,,,,,,,,,Draw
,,,,,,,,,,,,,,,,,Draw
,,,,,,,,,,,,,,,,,Draw
,,,,,,,,,,,,,,,,,Draw
,,,,,,,,,,,,,,,,,Draw
,,,,,,,,,,,,,,,,,Draw
,,,,,,,,,,,,,,,,,Draw
,,,,,,,,,,,,,,,,,Draw
,,,,,,,,,,,,,,,,,Draw
,,,,,,,,,,,,,,,,,Draw
,,,,,,,,,,,,,,,,,Draw
,,,,,,,,,,,,,,,,,Draw
,,,,,,,,,,,,,,,,,Draw
,,,,,,,,,,,,,,,,,Draw
,,,,,,,,,,,,,,,,,Draw
,,,,,,,,,,,,,,,,,Draw
,,,,,,,,,,,,,,,,,Draw
,,,,,,,,,,,,,,,,,Draw
,,,,,,,,,,,,,,,,,Draw
,,,,,,,,,,,,,,,,,Draw
,,,,,,,,,,,,,,,,,Draw
,,,,,,,,,,,,,,,,,Draw
,,,,,,,,,,,,,,,,,Draw
,,,,,,,,,,,,,,,,,Draw
,,,,,,,,,,,,,,,,,Draw
,,,,,,,,,,,,,,,,,Draw
,,,,,,,,,,,,,,,,,Draw
,,,,,,,,,,,,,,,,,Draw
,,,,,,,,,,,,,,,,,Draw
,,,,,,,,,,,,,,,,,Draw
,,,,,,,,,,,,,,,,,Draw
,,,,,,,,,,,,,,,,,Draw
,,,,,,,,,,,,,,,,,Draw
,,,,,,,,,,,,,,,,,Draw
,,,,,,,,,,,,,,,,,Draw
,,,,,,,,,,,,,,,,,Draw
,,,,,,,,,,,,,,,,,Draw
,,,,,,,,,,,,,,,,,Draw
,,,,,,,,,,,,,,,,,Draw
,,,,,,,,,,,,,,,,,Draw
,,,,,,,,,,,,,,,,,Draw
,,,,,,,,,,,,,,,,,Draw
,,,,,,,,,,,,,,,,,Draw
,,,,,,,,,,,,,,,,,Draw
,,,,,,,,,,,,,,,,,Draw
,,,,,,,,,,,,,,,,,Draw
,,,,,,,,,,,,,,,,,Draw
,,,,,,,,,,,,,,,,,Draw
,,,,,,,,,,,,,,,,,Draw
,,,,,,,,,,,,,,,,,Draw
,,,,,,,,,,,,,,,,,Draw
,,,,,,,,,,,,,,,,,Draw
,,,,,,,,,,,,,,,,,Draw
,,,,,,,,,,,,,,,,,Draw
,,,,,,,,,,,,,,,,,Draw
,,,,,,,,,,,,,,,,,Draw
,,,,,,,,,,,,,,,,,Draw
,,,,,,,,,,,,,,,,,Draw
,,,,,,,,,,,,,,,,,Draw
,,,,,,,,,,,,,,,,,Draw
,,,,,,,,,,,,,,,,,Draw
,,,,,,,,,,,,,,,,,Draw
,,,,,,,,,,,,,,,,,Draw
,,,,,,,,,,,,,,,,,Draw
,,,,,,,,,,,,,,,,,Draw
,,,,,,,,,,,,,,,,,Draw
,,,,,,,,,,,,,,,,,Draw
,,,,,,,,,,,,,,,,,Draw
,,,,,,,,,,,,,,,,,Draw
,,,,,,,,,,,,,,,,,Draw
,,,,,,,,,,,,,,,,,Draw
,,,,,,,,,,,,,,,,,Draw
,,,,,,,,,,,,,,,,,Draw
,,,,,,,,,,,,,,,,,Draw
,,,,,,,,,,,,,,,,,Draw
,,,,,,,,,,,,,,,,,Draw
,,,,,,,,,,,,,,,,,Draw
,,,,,,,,,,,,,,,,,Draw
,,,,,,,,,,,,,,,,,Draw
,,,,,,,,,,,,,,,,,Draw
,,,,,,,,,,,,,,,,,Draw
,,,,,,,,,,,,,,,,,Draw
,,,,,,,,,,,,,,,,,Draw
,,,,,,,,,,,,,,,,,Draw
,,,,,,,,,,,,,,,,,Draw
,,,,,,,,,,,,,,,,,Draw
,,,,,,,,,,,,,,,,,Draw
,,,,,,,,,,,,,,,,,Draw
,,,,,,,,,,,,,,,,,Draw
,,,,,,,,,,,,,,,,,Draw
,,,,,,,,,,,,,,,,,Draw
,,,,,,,,,,,,,,,,,Draw
,,,,,,,,,,,,,,,,,Draw
,,,,,,,,,,,,,,,,,Draw
,,,,,,,,,,,,,,,,,Draw
,,,,,,,,,,,,,,,,,Draw
,,,,,,,,,,,,,,,,,Draw
,,,,,,,,,,,,,,,,,Draw
,,,,,,,,,,,,,,,,,Draw
,,,,,,,,,,,,,,,,,Draw
,,,,,,,,,,,,,,,,,Draw
,,,,,,,,,,,,,,,,,Draw
,,,,,,,,,,,,,,,,,Draw
,,,,,,,,,,,,,,,,,Draw
,,,,,,,,,,,,,,,,,Draw
,,,,,,,,,,,,,,,,,Draw
,,,,,,,,,,,,,,,,,Draw
,,,,,,,,,,,,,,,,,Draw
,,,,,,,,,,,,,,,,,Draw
,,,,,,,,,,,,,,,,,Draw
,,,,,,,,,,,,,,,,,Draw
,,,,,,,,,,,,,,,,,Draw
,,,,,,,,,,,,,,,,,Draw
,,,,,,,,,,,,,,,,,Draw
,,,,,,,,,,,,,,,,,Draw
,,,,,,,,,,,,,,,,,Draw
,,,,,,,,,,,,,,,,,Draw
,,,,,,,,,,,,,,,,,Draw
,,,,,,,,,,,,,,,,,Draw
,,,,,,,,,,,,,,,,,Draw
,,,,,,,,,,,,,,,,,Draw
,,,,,,,,,,,,,,,,,Draw
,,,,,,,,,,,,,,,,,Draw
,,,,,,,,,,,,,,,,,Draw
,,,,,,,,,,,,,,,,,Draw
,,,,,,,,,,,,,,,,,Draw
,,,,,,,,,,,,,,,,,Draw
,,,,,,,,,,,,,,,,,Draw
,,,,,,,,,,,,,,,,,Draw
,,,,,,,,,,,,,,,,,Draw
,,,,,,,,,,,,,,,,,Draw
,,,,,,,,,,,,,,,,,Draw
,,,,,,,,,,,,,,,,,Draw
,,,,,,,,,,,,,,,,,Draw
,,,,,,,,,,,,,,,,,Draw
,,,,,,,,,,,,,,,,,Draw
,,,,,,,,,,,,,,,,,Draw
,,,,,,,,,,,,,,,,,Draw
,,,,,,,,,,,,,,,,,Draw
,,,,,,,,,,,,,,,,,Draw
,,,,,,,,,,,,,,,,,Draw
,,,,,,,,,,,,,,,,,Draw
,,,,,,,,,,,,,,,,,Draw
,,,,,,,,,,,,,,,,,Draw
,,,,,,,,,,,,,,,,,Draw
,,,,,,,,,,,,,,,,,Draw
,,,,,,,,,,,,,,,,,Draw
,,,,,,,,,,,,,,,,,Draw
,,,,,,,,,,,,,,,,,Draw
,,,,,,,,,,,,,,,,,Draw
,,,,,,,,,,,,,,,,,Draw
,,,,,,,,,,,,,,,,,Draw
,,,,,,,,,,,,,,,,,Draw
,,,,,,,,,,,,,,,,,Draw
,,,,,,,,,,,,,,,,,Draw
,,,,,,,,,,,,,,,,,Draw
,,,,,,,,,,,,,,,,,Draw
,,,,,,,,,,,,,,,,,Draw
,,,,,,,,,,,,,,,,,Draw
,,,,,,,,,,,,,,,,,Draw
,,,,,,,,,,,,,,,,,Draw
,,,,,,,,,,,,,,,,,Draw
,,,,,,,,,,,,,,,,,Draw
,,,,,,,,,,,,,,,,,Draw
,,,,,,,,,,,,,,,,,Draw
,,,,,,,,,,,,,,,,,Draw
,,,,,,,,,,,,,,,,,Draw
,,,,,,,,,,,,,,,,,Draw
,,,,,,,,,,,,,,,,,Draw
,,,,,,,,,,,,,,,,,Draw
,,,,,,,,,,,,,,,,,Draw
,,,,,,,,,,,,,,,,,Draw
,,,,,,,,,,,,,,,,,Draw
,,,,,,,,,,,,,,,,,Draw
,,,,,,,,,,,,,,,,,Draw
,,,,,,,,,,,,,,,,,Draw
,,,,,,,,,,,,,,,,,Draw
,,,,,,,,,,,,,,,,,Draw
,,,,,,,,,,,,,,,,,Draw
,,,,,,,,,,,,,,,,,Draw
,,,,,,,,,,,,,,,,,Draw
,,,,,,,,,,,,,,,,,Draw
,,,,,,,,,,,,,,,,,Draw
,,,,,,,,,,,,,,,,,Draw
,,,,,,,,,,,,,,,,,Draw
,,,,,,,,,,,,,,,,,Draw
,,,,,,,,,,,,,,,,,Draw
,,,,,,,,,,,,,,,,,Draw
,,,,,,,,,,,,,,,,,Draw
,,,,,,,,,,,,,,,,,Draw
,,,,,,,,,,,,,,,,,Draw
,,,,,,,,,,,,,,,,,Draw
,,,,,,,,,,,,,,,,,Draw
,,,,,,,,,,,,,,,,,Draw
,,,,,,,,,,,,,,,,,Draw
,,,,,,,,,,,,,,,,,Draw
,,,,,,,,,,,,,,,,,Draw
,,,,,,,,,,,,,,,,,Draw
,,,,,,,,,,,,,,,,,Draw
,,,,,,,,,,,,,,,,,Draw
,,,,,,,,,,,,,,,,,Draw
,,,,,,,,,,,,,,,,,Draw
,,,,,,,,,,,,,,,,,Draw
,,,,,,,,,,,,,,,,,Draw
,,,,,,,,,,,,,,,,,Draw
,,,,,,,,,,,,,,,,,Draw
,,,,,,,,,,,,,,,,,Draw
,,,,,,,,,,,,,,,,,Draw
,,,,,,,,,,,,,,,,,Draw
,,,,,,,,,,,,,,,,,Draw
,,,,,,,,,,,,,,,,,Draw
,,,,,,,,,,,,,,,,,Draw
,,,,,,,,,,,,,,,,,Draw
,,,,,,,,,,,,,,,,,Draw
,,,,,,,,,,,,,,,,,Draw
,,,,,,,,,,,,,,,,,Draw
,,,,,,,,,,,,,,,,,Draw
,,,,,,,,,,,,,,,,,Draw
,,,,,,,,,,,,,,,,,Draw
,,,,,,,,,,,,,,,,,Draw
,,,,,,,,,,,,,,,,,Draw
,,,,,,,,,,,,,,,,,Draw
,,,,,,,,,,,,,,,,,Draw
,,,,,,,,,,,,,,,,,Draw
,,,,,,,,,,,,,,,,,Draw
,,,,,,,,,,,,,,,,,Draw
,,,,,,,,,,,,,,,,,Draw
,,,,,,,,,,,,,,,,,Draw
,,,,,,,,,,,,,,,,,Draw
,,,,,,,,,,,,,,,,,Draw
,,,,,,,,,,,,,,,,,Draw
,,,,,,,,,,,,,,,,,Draw
,,,,,,,,,,,,,,,,,Draw
,,,,,,,,,,,,,,,,,Draw
,,,,,,,,,,,,,,,,,Draw
,,,,,,,,,,,,,,,,,Draw
,,,,,,,,,,,,,,,,,Draw
,,,,,,,,,,,,,,,,,Draw
,,,,,,,,,,,,,,,,,Draw
,,,,,,,,,,,,,,,,,Draw
,,,,,,,,,,,,,,,,,Draw
,,,,,,,,,,,,,,,,,Draw
,,,,,,,,,,,,,,,,,Draw
,,,,,,,,,,,,,,,,,Draw
,,,,,,,,,,,,,,,,,Draw
,,,,,,,,,,,,,,,,,Draw
,,,,,,,,,,,,,,,,,Draw
,,,,,,,,,,,,,,,,,Draw
,,,,,,,,,,,,,,,,,Draw
,,,,,,,,,,,,,,,,,Draw
,,,,,,,,,,,,,,,,,Draw
,,,,,,,,,,,,,,,,,Draw
,,,,,,,,,,,,,,,,,Draw
,,,,,,,,,,,,,,,,,Draw
,,,,,,,,,,,,,,,,,Draw
,,,,,,,,,,,,,,,,,Draw
,,,,,,,,,,,,,,,,,Draw
,,,,,,,,,,,,,,,,,Draw
,,,,,,,,,,,,,,,,,Draw
,,,,,,,,,,,,,,,,,Draw
,,,,,,,,,,,,,,,,,Draw
,,,,,,,,,,,,,,,,,Draw
,,,,,,,,,,,,,,,,,Draw
,,,,,,,,,,,,,,,,,Draw
,,,,,,,,,,,,,,,,,Draw
,,,,,,,,,,,,,,,,,Draw
,,,,,,,,,,,,,,,,,Draw
,,,,,,,,,,,,,,,,,Draw
,,,,,,,,,,,,,,,,,Draw
,,,,,,,,,,,,,,,,,Draw
,,,,,,,,,,,,,,,,,Draw
,,,,,,,,,,,,,,,,,Draw
,,,,,,,,,,,,,,,,,Draw
,,,,,,,,,,,,,,,,,Draw
,,,,,,,,,,,,,,,,,Draw
,,,,,,,,,,,,,,,,,Draw
,,,,,,,,,,,,,,,,,Draw
,,,,,,,,,,,,,,,,,Draw
,,,,,,,,,,,,,,,,,Draw
,,,,,,,,,,,,,,,,,Draw
,,,,,,,,,,,,,,,,,Draw
,,,,,,,,,,,,,,,,,Draw
,,,,,,,,,,,,,,,,,Draw
,,,,,,,,,,,,,,,,,Draw
,,,,,,,,,,,,,,,,,Draw
,,,,,,,,,,,,,,,,,Draw
,,,,,,,,,,,,,,,,,Draw
,,,,,,,,,,,,,,,,,Draw
,,,,,,,,,,,,,,,,,Draw
,,,,,,,,,,,,,,,,,Draw
,,,,,,,,,,,,,,,,,Draw
,,,,,,,,,,,,,,,,,Draw
,,,,,,,,,,,,,,,,,Draw
,,,,,,,,,,,,,,,,,Draw
,,,,,,,,,,,,,,,,,Draw
,,,,,,,,,,,,,,,,,Draw
,,,,,,,,,,,,,,,,,Draw
,,,,,,,,,,,,,,,,,Draw
,,,,,,,,,,,,,,,,,Draw
,,,,,,,,,,,,,,,,,Draw
,,,,,,,,,,,,,,,,,Draw
,,,,,,,,,,,,,,,,,Draw
,,,,,,,,,,,,,,,,,Draw
,,,,,,,,,,,,,,,,,Draw
,,,,,,,,,,,,,,,,,Draw
,,,,,,,,,,,,,,,,,Draw
,,,,,,,,,,,,,,,,,Draw
,,,,,,,,,,,,,,,,,Draw
,,,,,,,,,,,,,,,,,Draw
,,,,,,,,,,,,,,,,,Draw
,,,,,,,,,,,,,,,,,Draw
,,,,,,,,,,,,,,,,,Draw
,,,,,,,,,,,,,,,,,Draw
,,,,,,,,,,,,,,,,,Draw
,,,,,,,,,,,,,,,,,Draw
,,,,,,,,,,,,,,,,,Draw
,,,,,,,,,,,,,,,,,Draw
,,,,,,,,,,,,,,,,,Draw
,,,,,,,,,,,,,,,,,Draw
,,,,,,,,,,,,,,,,,Draw
,,,,,,,,,,,,,,,,,Draw
,,,,,,,,,,,,,,,,,Draw
,,,,,,,,,,,,,,,,,Draw
,,,,,,,,,,,,,,,,,Draw
,,,,,,,,,,,,,,,,,Draw
,,,,,,,,,,,,,,,,,Draw
,,,,,,,,,,,,,,,,,Draw
,,,,,,,,,,,,,,,,,Draw
,,,,,,,,,,,,,,,,,Draw
,,,,,,,,,,,,,,,,,Draw
,,,,,,,,,,,,,,,,,Draw
,,,,,,,,,,,,,,,,,Draw
,,,,,,,,,,,,,,,,,Draw
,,,,,,,,,,,,,,,,,Draw
,,,,,,,,,,,,,,,,,Draw
,,,,,,,,,,,,,,,,,Draw
,,,,,,,,,,,,,,,,,Draw
,,,,,,,,,,,,,,,,,Draw
,,,,,,,,,,,,,,,,,Draw
,,,,,,,,,,,,,,,,,Draw
,,,,,,,,,,,,,,,,,Draw
,,,,,,,,,,,,,,,,,Draw
,,,,,,,,,,,,,,,,,Draw
,,,,,,,,,,,,,,,,,Draw
,,,,,,,,,,,,,,,,,Draw
,,,,,,,,,,,,,,,,,Draw
,,,,,,,,,,,,,,,,,Draw
,,,,,,,,,,,,,,,,,Draw
,,,,,,,,,,,,,,,,,Draw
,,,,,,,,,,,,,,,,,Draw
,,,,,,,,,,,,,,,,,Draw
,,,,,,,,,,,,,,,,,Draw
,,,,,,,,,,,,,,,,,Draw
,,,,,,,,,,,,,,,,,Draw
,,,,,,,,,,,,,,,,,Draw
,,,,,,,,,,,,,,,,,Draw
,,,,,,,,,,,,,,,,,Draw
,,,,,,,,,,,,,,,,,Draw
,,,,,,,,,,,,,,,,,Draw
,,,,,,,,,,,,,,,,,Draw
,,,,,,,,,,,,,,,,,Draw
,,,,,,,,,,,,,,,,,Draw
,,,,,,,,,,,,,,,,,Draw
,,,,,,,,,,,,,,,,,Draw
,,,,,,,,,,,,,,,,,Draw
,,,,,,,,,,,,,,,,,Draw
,,,,,,,,,,,,,,,,,Draw
,,,,,,,,,,,,,,,,,Draw
,,,,,,,,,,,,,,,,,Draw
,,,,,,,,,,,,,,,,,Draw
,,,,,,,,,,,,,,,,,Draw
,,,,,,,,,,,,,,,,,Draw
,,,,,,,,,,,,,,,,,Draw
,,,,,,,,,,,,,,,,,Draw
,,,,,,,,,,,,,,,,,Draw
,,,,,,,,,,,,,,,,,Draw
,,,,,,,,,,,,,,,,,Draw
,,,,,,,,,,,,,,,,,Draw
,,,,,,,,,,,,,,,,,Draw
,,,,,,,,,,,,,,,,,Draw
,,,,,,,,,,,,,,,,,Draw
,,,,,,,,,,,,,,,,,Draw
,,,,,,,,,,,,,,,,,Draw
,,,,,,,,,,,,,,,,,Draw
,,,,,,,,,,,,,,,,,Draw
,,,,,,,,,,,,,,,,,Draw
,,,,,,,,,,,,,,,,,Draw
,,,,,,,,,,,,,,,,,Draw
,,,,,,,,,,,,,,,,,Draw
,,,,,,,,,,,,,,,,,Draw
,,,,,,,,,,,,,,,,,Draw
,,,,,,,,,,,,,,,,,Draw
,,,,,,,,,,,,,,,,,Draw
,,,,,,,,,,,,,,,,,Draw
,,,,,,,,,,,,,,,,,Draw
,,,,,,,,,,,,,,,,,Draw
,,,,,,,,,,,,,,,,,Draw
,,,,,,,,,,,,,,,,,Draw
,,,,,,,,,,,,,,,,,Draw
,,,,,,,,,,,,,,,,,Draw
,,,,,,,,,,,,,,,,,Draw
,,,,,,,,,,,,,,,,,Draw
,,,,,,,,,,,,,,,,,Draw
,,,,,,,,,,,,,,,,,Draw
,,,,,,,,,,,,,,,,,Draw
,,,,,,,,,,,,,,,,,Draw
,,,,,,,,,,,,,,,,,Draw
,,,,,,,,,,,,,,,,,Draw
,,,,,,,,,,,,,,,,,Draw
,,,,,,,,,,,,,,,,,Draw
,,,,,,,,,,,,,,,,,Draw
,,,,,,,,,,,,,,,,,Draw
,,,,,,,,,,,,,,,,,Draw
,,,,,,,,,,,,,,,,,Draw
,,,,,,,,,,,,,,,,,Draw
,,,,,,,,,,,,,,,,,Draw
,,,,,,,,,,,,,,,,,Draw
,,,,,,,,,,,,,,,,,Draw
,,,,,,,,,,,,,,,,,Draw
,,,,,,,,,,,,,,,,,Draw
,,,,,,,,,,,,,,,,,Draw
,,,,,,,,,,,,,,,,,Draw
,,,,,,,,,,,,,,,,,Draw
,,,,,,,,,,,,,,,,,Draw
,,,,,,,,,,,,,,,,,Draw
,,,,,,,,,,,,,,,,,Draw
,,,,,,,,,,,,,,,,,Draw
,,,,,,,,,,,,,,,,,Draw
,,,,,,,,,,,,,,,,,Draw
,,,,,,,,,,,,,,,,,Draw
,,,,,,,,,,,,,,,,,Draw
,,,,,,,,,,,,,,,,,Draw
,,,,,,,,,,,,,,,,,Draw
,,,,,,,,,,,,,,,,,Draw
,,,,,,,,,,,,,,,,,Draw
,,,,,,,,,,,,,,,,,Draw
,,,,,,,,,,,,,,,,,Draw
,,,,,,,,,,,,,,,,,Draw
,,,,,,,,,,,,,,,,,Draw
,,,,,,,,,,,,,,,,,Draw
,,,,,,,,,,,,,,,,,Draw
,,,,,,,,,,,,,,,,,Draw
,,,,,,,,,,,,,,,,,Draw
,,,,,,,,,,,,,,,,,Draw
,,,,,,,,,,,,,,,,,Draw
,,,,,,,,,,,,,,,,,Draw
,,,,,,,,,,,,,,,,,Draw
,,,,,,,,,,,,,,,,,Draw
,,,,,,,,,,,,,,,,,Draw
,,,,,,,,,,,,,,,,,Draw
,,,,,,,,,,,,,,,,,Draw
,,,,,,,,,,,,,,,,,Draw
,,,,,,,,,,,,,,,,,Draw
,,,,,,,,,,,,,,,,,Draw
,,,,,,,,,,,,,,,,,Draw
,,,,,,,,,,,,,,,,,Draw
,,,,,,,,,,,,,,,,,Draw
,,,,,,,,,,,,,,,,,Draw
,,,,,,,,,,,,,,,,,Draw
,,,,,,,,,,,,,,,,,Draw
,,,,,,,,,,,,,,,,,Draw
,,,,,,,,,,,,,,,,,Draw
,,,,,,,,,,,,,,,,,Draw
,,,,,,,,,,,,,,,,,Draw
,,,,,,,,,,,,,,,,,Draw
,,,,,,,,,,,,,,,,,Draw
,,,,,,,,,,,,,,,,,Draw
,,,,,,,,,,,,,,,,,Draw
,,,,,,,,,,,,,,,,,Draw
,,,,,,,,,,,,,,,,,Draw
,,,,,,,,,,,,,,,,,Draw
,,,,,,,,,,,,,,,,,Draw
,,,,,,,,,,,,,,,,,Draw
,,,,,,,,,,,,,,,,,Draw
,,,,,,,,,,,,,,,,,Draw
,,,,,,,,,,,,,,,,,Draw
,,,,,,,,,,,,,,,,,Draw
,,,,,,,,,,,,,,,,,Draw
,,,,,,,,,,,,,,,,,Draw
,,,,,,,,,,,,,,,,,Draw
,,,,,,,,,,,,,,,,,Draw
,,,,,,,,,,,,,,,,,Draw
,,,,,,,,,,,,,,,,,Draw
,,,,,,,,,,,,,,,,,Draw
,,,,,,,,,,,,,,,,,Draw
,,,,,,,,,,,,,,,,,Draw
,,,,,,,,,,,,,,,,,Draw
,,,,,,,,,,,,,,,,,Draw
,,,,,,,,,,,,,,,,,Draw
,,,,,,,,,,,,,,,,,Draw
,,,,,,,,,,,,,,,,,Draw
,,,,,,,,,,,,,,,,,Draw
,,,,,,,,,,,,,,,,,Draw
,,,,,,,,,,,,,,,,,Draw
,,,,,,,,,,,,,,,,,Draw
,,,,,,,,,,,,,,,,,Draw
,,,,,,,,,,,,,,,,,Draw
,,,,,,,,,,,,,,,,,Draw
,,,,,,,,,,,,,,,,,Draw
,,,,,,,,,,,,,,,,,Draw
,,,,,,,,,,,,,,,,,Draw
,,,,,,,,,,,,,,,,,Draw
,,,,,,,,,,,,,,,,,Draw
,,,,,,,,,,,,,,,,,Draw
,,,,,,,,,,,,,,,,,Draw
,,,,,,,,,,,,,,,,,Draw
,,,,,,,,,,,,,,,,,Draw
,,,,,,,,,,,,,,,,,Draw
,,,,,,,,,,,,,,,,,Draw
,,,,,,,,,,,,,,,,,Draw
,,,,,,,,,,,,,,,,,Draw
,,,,,,,,,,,,,,,,,Draw
,,,,,,,,,,,,,,,,,Draw
,,,,,,,,,,,,,,,,,Draw
,,,,,,,,,,,,,,,,,Draw
,,,,,,,,,,,,,,,,,Draw
,,,,,,,,,,,,,,,,,Draw
,,,,,,,,,,,,,,,,,Draw
,,,,,,,,,,,,,,,,,Draw
,,,,,,,,,,,,,,,,,Draw
,,,,,,,,,,,,,,,,,Draw
,,,,,,,,,,,,,,,,,Draw
,,,,,,,,,,,,,,,,,Draw
,,,,,,,,,,,,,,,,,Draw
,,,,,,,,,,,,,,,,,Draw
,,,,,,,,,,,,,,,,,Draw
,,,,,,,,,,,,,,,,,Draw
,,,,,,,,,,,,,,,,,Draw
,,,,,,,,,,,,,,,,,Draw
,,,,,,,,,,,,,,,,,Draw
,,,,,,,,,,,,,,,,,Draw
,,,,,,,,,,,,,,,,,Draw
,,,,,,,,,,,,,,,,,Draw
,,,,,,,,,,,,,,,,,Draw
,,,,,,,,,,,,,,,,,Draw
,,,,,,,,,,,,,,,,,Draw
,,,,,,,,,,,,,,,,,Draw
,,,,,,,,,,,,,,,,,Draw
,,,,,,,,,,,,,,,,,Draw
,,,,,,,,,,,,,,,,,Draw
,,,,,,,,,,,,,,,,,Draw
,,,,,,,,,,,,,,,,,Draw
,,,,,,,,,,,,,,,,,Draw
,,,,,,,,,,,,,,,,,Draw
,,,,,,,,,,,,,,,,,Draw
,,,,,,,,,,,,,,,,,Draw
,,,,,,,,,,,,,,,,,Draw
,,,,,,,,,,,,,,,,,Draw
,,,,,,,,,,,,,,,,,Draw
,,,,,,,,,,,,,,,,,Draw
,,,,,,,,,,,,,,,,,Draw
,,,,,,,,,,,,,,,,,Draw
,,,,,,,,,,,,,,,,,Draw
,,,,,,,,,,,,,,,,,Draw
,,,,,,,,,,,,,,,,,Draw
,,,,,,,,,,,,,,,,,Draw
,,,,,,,,,,,,,,,,,Draw
,,,,,,,,,,,,,,,,,Draw
,,,,,,,,,,,,,,,,,Draw
,,,,,,,,,,,,,,,,,Draw
,,,,,,,,,,,,,,,,,Draw
,,,,,,,,,,,,,,,,,Draw
,,,,,,,,,,,,,,,,,Draw
,,,,,,,,,,,,,,,,,Draw
,,,,,,,,,,,,,,,,,Draw
,,,,,,,,,,,,,,,,,Draw
,,,,,,,,,,,,,,,,,Draw
,,,,,,,,,,,,,,,,,Draw
,,,,,,,,,,,,,,,,,Draw
,,,,,,,,,,,,,,,,,Draw
,,,,,,,,,,,,,,,,,Draw
,,,,,,,,,,,,,,,,,Draw
,,,,,,,,,,,,,,,,,Draw
,,,,,,,,,,,,,,,,,Draw
,,,,,,,,,,,,,,,,,Draw
,,,,,,,,,,,,,,,,,Draw
,,,,,,,,,,,,,,,,,Draw
,,,,,,,,,,,,,,,,,Draw
,,,,,,,,,,,,,,,,,Draw
,,,,,,,,,,,,,,,,,Draw
,,,,,,,,,,,,,,,,,Draw
,,,,,,,,,,,,,,,,,Draw
,,,,,,,,,,,,,,,,,Draw
,,,,,,,,,,,,,,,,,Draw
,,,,,,,,,,,,,,,,,Draw
,,,,,,,,,,,,,,,,,Draw
,,,,,,,,,,,,,,,,,Draw
,,,,,,,,,,,,,,,,,Draw
,,,,,,,,,,,,,,,,,Draw
,,,,,,,,,,,,,,,,,Draw
,,,,,,,,,,,,,,,,,Draw
,,,,,,,,,,,,,,,,,Draw
,,,,,,,,,,,,,,,,,Draw
,,,,,,,,,,,,,,,,,Draw
,,,,,,,,,,,,,,,,,Draw
,,,,,,,,,,,,,,,,,Draw
,,,,,,,,,,,,,,,,,Draw
,,,,,,,,,,,,,,,,,Draw
,,,,,,,,,,,,,,,,,Draw
,,,,,,,,,,,,,,,,,Draw
,,,,,,,,,,,,,,,,,Draw
,,,,,,,,,,,,,,,,,Draw
,,,,,,,,,,,,,,,,,Draw
,,,,,,,,,,,,,,,,,Draw
,,,,,,,,,,,,,,,,,Draw
,,,,,,,,,,,,,,,,,Draw
,,,,,,,,,,,,,,,,,Draw
,,,,,,,,,,,,,,,,,Draw
,,,,,,,,,,,,,,,,,Draw
,,,,,,,,,,,,,,,,,Draw
,,,,,,,,,,,,,,,,,Draw
,,,,,,,,,,,,,,,,,Draw
,,,,,,,,,,,,,,,,,Draw
,,,,,,,,,,,,,,,,,Draw
,,,,,,,,,,,,,,,,,Draw
,,,,,,,,,,,,,,,,,Draw
,,,,,,,,,,,,,,,,,Draw
,,,,,,,,,,,,,,,,,Draw
,,,,,,,,,,,,,,,,,Draw
,,,,,,,,,,,,,,,,,Draw
,,,,,,,,,,,,,,,,,Draw
,,,,,,,,,,,,,,,,,Draw
,,,,,,,,,,,,,,,,,Draw
,,,,,,,,,,,,,,,,,Draw
,,,,,,,,,,,,,,,,,Draw
,,,,,,,,,,,,,,,,,Draw
,,,,,,,,,,,,,,,,,Draw
,,,,,,,,,,,,,,,,,Draw
,,,,,,,,,,,,,,,,,Draw
,,,,,,,,,,,,,,,,,Draw
,,,,,,,,,,,,,,,,,Draw
,,,,,,,,,,,,,,,,,Draw
,,,,,,,,,,,,,,,,,Draw
,,,,,,,,,,,,,,,,,Draw
,,,,,,,,,,,,,,,,,Draw
,,,,,,,,,,,,,,,,,Draw
,,,,,,,,,,,,,,,,,Draw
,,,,,,,,,,,,,,,,,Draw
,,,,,,,,,,,,,,,,,Draw
,,,,,,,,,,,,,,,,,Draw
,,,,,,,,,,,,,,,,,Draw
,,,,,,,,,,,,,,,,,Draw
,,,,,,,,,,,,,,,,,Draw
,,,,,,,,,,,,,,,,,Draw
,,,,,,,,,,,,,,,,,Draw
,,,,,,,,,,,,,,,,,Draw
,,,,,,,,,,,,,,,,,Draw
,,,,,,,,,,,,,,,,,Draw
,,,,,,,,,,,,,,,,,Draw
,,,,,,,,,,,,,,,,,Draw
,,,,,,,,,,,,,,,,,Draw
,,,,,,,,,,,,,,,,,Draw
,,,,,,,,,,,,,,,,,Draw
,,,,,,,,,,,,,,,,,Draw
,,,,,,,,,,,,,,,,,Draw
,,,,,,,,,,,,,,,,,Draw
,,,,,,,,,,,,,,,,,Draw
,,,,,,,,,,,,,,,,,Draw
,,,,,,,,,,,,,,,,,Draw
,,,,,,,,,,,,,,,,,Draw
,,,,,,,,,,,,,,,,,Draw
,,,,,,,,,,,,,,,,,Draw
,,,,,,,,,,,,,,,,,Draw
,,,,,,,,,,,,,,,,,Draw
,,,,,,,,,,,,,,,,,Draw
,,,,,,,,,,,,,,,,,Draw
,,,,,,,,,,,,,,,,,Draw
,,,,,,,,,,,,,,,,,Draw
,,,,,,,,,,,,,,,,,Draw
,,,,,,,,,,,,,,,,,Draw
,,,,,,,,,,,,,,,,,Draw
,,,,,,,,,,,,,,,,,Draw
,,,,,,,,,,,,,,,,,Draw
,,,,,,,,,,,,,,,,,Draw
,,,,,,,,,,,,,,,,,Draw
,,,,,,,,,,,,,,,,,Draw
,,,,,,,,,,,,,,,,,Draw
,,,,,,,,,,,,,,,,,Draw
,,,,,,,,,,,,,,,,,Draw
,,,,,,,,,,,,,,,,,Draw
,,,,,,,,,,,,,,,,,Draw
,,,,,,,,,,,,,,,,,Draw
,,,,,,,,,,,,,,,,,Draw
,,,,,,,,,,,,,,,,,Draw
,,,,,,,,,,,,,,,,,Draw
,,,,,,,,,,,,,,,,,Draw
,,,,,,,,,,,,,,,,,Draw
,,,,,,,,,,,,,,,,,Draw
,,,,,,,,,,,,,,,,,Draw
,,,,,,,,,,,,,,,,,Draw
,,,,,,,,,,,,,,,,,Draw
,,,,,,,,,,,,,,,,,Draw
,,,,,,,,,,,,,,,,,Draw
,,,,,,,,,,,,,,,,,Draw
,,,,,,,,,,,,,,,,,Draw
,,,,,,,,,,,,,,,,,Draw
,,,,,,,,,,,,,,,,,Draw
,,,,,,,,,,,,,,,,,Draw
,,,,,,,,,,,,,,,,,Draw
,,,,,,,,,,,,,,,,,Draw
,,,,,,,,,,,,,,,,,Draw
,,,,,,,,,,,,,,,,,Draw
,,,,,,,,,,,,,,,,,Draw
,,,,,,,,,,,,,,,,,Draw
,,,,,,,,,,,,,,,,,Draw
,,,,,,,,,,,,,,,,,Draw
,,,,,,,,,,,,,,,,,Draw
,,,,,,,,,,,,,,,,,Draw
,,,,,,,,,,,,,,,,,Draw
,,,,,,,,,,,,,,,,,Draw
,,,,,,,,,,,,,,,,,Draw
,,,,,,,,,,,,,,,,,Draw
,,,,,,,,,,,,,,,,,Draw
,,,,,,,,,,,,,,,,,Draw
,,,,,,,,,,,,,,,,,Draw
,,,,,,,,,,,,,,,,,Draw
,,,,,,,,,,,,,,,,,Draw
,,,,,,,,,,,,,,,,,Draw
,,,,,,,,,,,,,,,,,Draw
,,,,,,,,,,,,,,,,,Draw
,,,,,,,,,,,,,,,,,Draw
,,,,,,,,,,,,,,,,,Draw
,,,,,,,,,,,,,,,,,Draw
,,,,,,,,,,,,,,,,,Draw
,,,,,,,,,,,,,,,,,Draw
,,,,,,,,,,,,,,,,,Draw
,,,,,,,,,,,,,,,,,Draw
,,,,,,,,,,,,,,,,,Draw
,,,,,,,,,,,,,,,,,Draw
,,,,,,,,,,,,,,,,,Draw
,,,,,,,,,,,,,,,,,Draw
,,,,,,,,,,,,,,,,,Draw
,,,,,,,,,,,,,,,,,Draw
,,,,,,,,,,,,,,,,,Draw
,,,,,,,,,,,,,,,,,Draw
,,,,,,,,,,,,,,,,,Draw
,,,,,,,,,,,,,,,,,Draw
,,,,,,,,,,,,,,,,,Draw
,,,,,,,,,,,,,,,,,Draw
,,,,,,,,,,,,,,,,,Draw
,,,,,,,,,,,,,,,,,Draw
,,,,,,,,,,,,,,,,,Draw
,,,,,,,,,,,,,,,,,Draw
,,,,,,,,,,,,,,,,,Draw
,,,,,,,,,,,,,,,,,Draw
,,,,,,,,,,,,,,,,,Draw
,,,,,,,,,,,,,,,,,Draw
,,,,,,,,,,,,,,,,,Draw
,,,,,,,,,,,,,,,,,Draw
,,,,,,,,,,,,,,,,,Draw
,,,,,,,,,,,,,,,,,Draw
,,,,,,,,,,,,,,,,,Draw
,,,,,,,,,,,,,,,,,Draw
,,,,,,,,,,,,,,,,,Draw
,,,,,,,,,,,,,,,,,Draw
,,,,,,,,,,,,,,,,,Draw
,,,,,,,,,,,,,,,,,Draw
,,,,,,,,,,,,,,,,,Draw
,,,,,,,,,,,,,,,,,Draw
,,,,,,,,,,,,,,,,,Draw
,,,,,,,,,,,,,,,,,Draw
,,,,,,,,,,,,,,,,,Draw
,,,,,,,,,,,,,,,,,Draw
,,,,,,,,,,,,,,,,,Draw
,,,,,,,,,,,,,,,,,Draw
,,,,,,,,,,,,,,,,,Draw
,,,,,,,,,,,,,,,,,Draw
,,,,,,,,,,,,,,,,,Draw
,,,,,,,,,,,,,,,,,Draw
,,,,,,,,,,,,,,,,,Draw
,,,,,,,,,,,,,,,,,Draw
,,,,,,,,,,,,,,,,,Draw
,,,,,,,,,,,,,,,,,Draw
,,,,,,,,,,,,,,,,,Draw
,,,,,,,,,,,,,,,,,Draw
,,,,,,,,,,,,,,,,,Draw
,,,,,,,,,,,,,,,,,Draw
,,,,,,,,,,,,,,,,,Draw
,,,,,,,,,,,,,,,,,Draw
,,,,,,,,,,,,,,,,,Draw
,,,,,,,,,,,,,,,,,Draw
,,,,,,,,,,,,,,,,,Draw
,,,,,,,,,,,,,,,,,Draw
,,,,,,,,,,,,,,,,,Draw
,,,,,,,,,,,,,,,,,Draw
,,,,,,,,,,,,,,,,,Draw
,,,,,,,,,,,,,,,,,Draw
,,,,,,,,,,,,,,,,,Draw
,,,,,,,,,,,,,,,,,Draw
,,,,,,,,,,,,,,,,,Draw
,,,,,,,,,,,,,,,,,Draw
,,,,,,,,,,,,,,,,,Draw
,,,,,,,,,,,,,,,,,Draw
,,,,,,,,,,,,,,,,,Draw
,,,,,,,,,,,,,,,,,Draw
,,,,,,,,,,,,,,,,,Draw
,,,,,,,,,,,,,,,,,Draw
,,,,,,,,,,,,,,,,,Draw
,,,,,,,,,,,,,,,,,Draw
,,,,,,,,,,,,,,,,,Draw
,,,,,,,,,,,,,,,,,Draw
,,,,,,,,,,,,,,,,,Draw
,,,,,,,,,,,,,,,,,Draw
,,,,,,,,,,,,,,,,,Draw
,,,,,,,,,,,,,,,,,Draw
,,,,,,,,,,,,,,,,,Draw
,,,,,,,,,,,,,,,,,Draw
,,,,,,,,,,,,,,,,,Draw
,,,,,,,,,,,,,,,,,Draw
,,,,,,,,,,,,,,,,,Draw
,,,,,,,,,,,,,,,,,Draw
,,,,,,,,,,,,,,,,,Draw
,,,,,,,,,,,,,,,,,Draw
,,,,,,,,,,,,,,,,,Draw
,,,,,,,,,,,,,,,,,Draw
,,,,,,,,,,,,,,,,,Draw
,,,,,,,,,,,,,,,,,Draw
,,,,,,,,,,,,,,,,,Draw
,,,,,,,,,,,,,,,,,Draw
,,,,,,,,,,,,,,,,,Draw
,,,,,,,,,,,,,,,,,Draw
,,,,,,,,,,,,,,,,,Draw
,,,,,,,,,,,,,,,,,Draw
,,,,,,,,,,,,,,,,,Draw
,,,,,,,,,,,,,,,,,Draw
,,,,,,,,,,,,,,,,,Draw
,,,,,,,,,,,,,,,,,Draw
,,,,,,,,,,,,,,,,,Draw
,,,,,,,,,,,,,,,,,Draw
,,,,,,,,,,,,,,,,,Draw
,,,,,,,,,,,,,,,,,Draw
,,,,,,,,,,,,,,,,,Draw
,,,,,,,,,,,,,,,,,Draw
,,,,,,,,,,,,,,,,,Draw
,,,,,,,,,,,,,,,,,Draw
,,,,,,,,,,,,,,,,,Draw
,,,,,,,,,,,,,,,,,Draw
,,,,,,,,,,,,,,,,,Draw
,,,,,,,,,,,,,,,,,Draw
,,,,,,,,,,,,,,,,,Draw
,,,,,,,,,,,,,,,,,Draw
,,,,,,,,,,,,,,,,,Draw
,,,,,,,,,,,,,,,,,Draw
,,,,,,,,,,,,,,,,,Draw
,,,,,,,,,,,,,,,,,Draw
,,,,,,,,,,,,,,,,,Draw
,,,,,,,,,,,,,,,,,Draw
,,,,,,,,,,,,,,,,,Draw
,,,,,,,,,,,,,,,,,Draw
,,,,,,,,,,,,,,,,,Draw
,,,,,,,,,,,,,,,,,Draw
,,,,,,,,,,,,,,,,,Draw
,,,,,,,,,,,,,,,,,Draw
,,,,,,,,,,,,,,,,,Draw
,,,,,,,,,,,,,,,,,Draw
,,,,,,,,,,,,,,,,,Draw
,,,,,,,,,,,,,,,,,Draw
,,,,,,,,,,,,,,,,,Draw
,,,,,,,,,,,,,,,,,Draw
,,,,,,,,,,,,,,,,,Draw
,,,,,,,,,,,,,,,,,Draw
,,,,,,,,,,,,,,,,,Draw
,,,,,,,,,,,,,,,,,Draw
,,,,,,,,,,,,,,,,,Draw
,,,,,,,,,,,,,,,,,Draw
,,,,,,,,,,,,,,,,,Draw
,,,,,,,,,,,,,,,,,Draw
,,,,,,,,,,,,,,,,,Draw
,,,,,,,,,,,,,,,,,Draw
,,,,,,,,,,,,,,,,,Draw
,,,,,,,,,,,,,,,,,Draw
,,,,,,,,,,,,,,,,,Draw
,,,,,,,,,,,,,,,,,Draw
,,,,,,,,,,,,,,,,,Draw
,,,,,,,,,,,,,,,,,Draw
,,,,,,,,,,,,,,,,,Draw
,,,,,,,,,,,,,,,,,Draw
,,,,,,,,,,,,,,,,,Draw
,,,,,,,,,,,,,,,,,Draw
,,,,,,,,,,,,,,,,,Draw
,,,,,,,,,,,,,,,,,Draw
,,,,,,,,,,,,,,,,,Draw
,,,,,,,,,,,,,,,,,Draw
,,,,,,,,,,,,,,,,,Draw
,,,,,,,,,,,,,,,,,Draw
,,,,,,,,,,,,,,,,,Draw
,,,,,,,,,,,,,,,,,Draw
,,,,,,,,,,,,,,,,,Draw
,,,,,,,,,,,,,,,,,Draw
,,,,,,,,,,,,,,,,,Draw
,,,,,,,,,,,,,,,,,Draw
,,,,,,,,,,,,,,,,,Draw
,,,,,,,,,,,,,,,,,Draw
,,,,,,,,,,,,,,,,,Draw
,,,,,,,,,,,,,,,,,Draw
,,,,,,,,,,,,,,,,,Draw
,,,,,,,,,,,,,,,,,Draw
,,,,,,,,,,,,,,,,,Draw
,,,,,,,,,,,,,,,,,Draw
,,,,,,,,,,,,,,,,,Draw
,,,,,,,,,,,,,,,,,Draw
,,,,,,,,,,,,,,,,,Draw
,,,,,,,,,,,,,,,,,Draw
,,,,,,,,,,,,,,,,,Draw
,,,,,,,,,,,,,,,,,Draw
,,,,,,,,,,,,,,,,,Draw
,,,,,,,,,,,,,,,,,Draw
,,,,,,,,,,,,,,,,,Draw
,,,,,,,,,,,,,,,,,Draw
,,,,,,,,,,,,,,,,,Draw
,,,,,,,,,,,,,,,,,Draw
,,,,,,,,,,,,,,,,,Draw
,,,,,,,,,,,,,,,,,Draw
,,,,,,,,,,,,,,,,,Draw
,,,,,,,,,,,,,,,,,Draw
,,,,,,,,,,,,,,,,,Draw
,,,,,,,,,,,,,,,,,Draw
,,,,,,,,,,,,,,,,,Draw
,,,,,,,,,,,,,,,,,Draw
,,,,,,,,,,,,,,,,,Draw
,,,,,,,,,,,,,,,,,Draw
,,,,,,,,,,,,,,,,,Draw
,,,,,,,,,,,,,,,,,Draw
,,,,,,,,,,,,,,,,,Draw
,,,,,,,,,,,,,,,,,Draw
,,,,,,,,,,,,,,,,,Draw
,,,,,,,,,,,,,,,,,Draw
,,,,,,,,,,,,,,,,,Draw
,,,,,,,,,,,,,,,,,Draw
,,,,,,,,,,,,,,,,,Draw
,,,,,,,,,,,,,,,,,Draw
,,,,,,,,,,,,,,,,,Draw
,,,,,,,,,,,,,,,,,Draw
,,,,,,,,,,,,,,,,,Draw
,,,,,,,,,,,,,,,,,Draw
,,,,,,,,,,,,,,,,,Draw
,,,,,,,,,,,,,,,,,Draw
,,,,,,,,,,,,,,,,,Draw
,,,,,,,,,,,,,,,,,Draw
,,,,,,,,,,,,,,,,,Draw
,,,,,,,,,,,,,,,,,Draw
,,,,,,,,,,,,,,,,,Draw
,,,,,,,,,,,,,,,,,Draw
,,,,,,,,,,,,,,,,,Draw
,,,,,,,,,,,,,,,,,Draw
,,,,,,,,,,,,,,,,,Draw
,,,,,,,,,,,,,,,,,Draw
,,,,,,,,,,,,,,,,,Draw
,,,,,,,,,,,,,,,,,Draw
,,,,,,,,,,,,,,,,,Draw
,,,,,,,,,,,,,,,,,Draw
,,,,,,,,,,,,,,,,,Draw
,,,,,,,,,,,,,,,,,Draw
,,,,,,,,,,,,,,,,,Draw
,,,,,,,,,,,,,,,,,Draw
,,,,,,,,,,,,,,,,,Draw
,,,,,,,,,,,,,,,,,Draw
,,,,,,,,,,,,,,,,,Draw
,,,,,,,,,,,,,,,,,Draw
,,,,,,,,,,,,,,,,,Draw
,,,,,,,,,,,,,,,,,Draw
,,,,,,,,,,,,,,,,,Draw
,,,,,,,,,,,,,,,,,Draw
,,,,,,,,,,,,,,,,,Draw
,,,,,,,,,,,,,,,,,Draw
,,,,,,,,,,,,,,,,,Draw
,,,,,,,,,,,,,,,,,Draw
,,,,,,,,,,,,,,,,,Draw
,,,,,,,,,,,,,,,,,Draw
,,,,,,,,,,,,,,,,,Draw
,,,,,,,,,,,,,,,,,Draw
,,,,,,,,,,,,,,,,,Draw
,,,,,,,,,,,,,,,,,Draw
,,,,,,,,,,,,,,,,,Draw
,,,,,,,,,,,,,,,,,Draw
,,,,,,,,,,,,,,,,,Draw
,,,,,,,,,,,,,,,,,Draw
,,,,,,,,,,,,,,,,,Draw
,,,,,,,,,,,,,,,,,Draw
,,,,,,,,,,,,,,,,,Draw
,,,,,,,,,,,,,,,,,Draw
,,,,,,,,,,,,,,,,,Draw
,,,,,,,,,,,,,,,,,Draw
,,,,,,,,,,,,,,,,,Draw
,,,,,,,,,,,,,,,,,Draw
,,,,,,,,,,,,,,,,,Draw
,,,,,,,,,,,,,,,,,Draw
,,,,,,,,,,,,,,,,,Draw
,,,,,,,,,,,,,,,,,Draw
,,,,,,,,,,,,,,,,,Draw
,,,,,,,,,,,,,,,,,Draw
,,,,,,,,,,,,,,,,,Draw
,,,,,,,,,,,,,,,,,Draw
,,,,,,,,,,,,,,,,,Draw
,,,,,,,,,,,,,,,,,Draw
